outcome,model,term,coef,std_err_hc3,p_value,ci_low,ci_high,n,r2,r2_adj,aic,bic,buffer_km
delta_neea,M1 — fronteira,Intercept,1.3207093312965406,0.30757650046074997,1.7554460792143024e-05,0.7178704679026032,1.9235481946904778,225,0.021238744913042673,0.01684968098888595,1326.1841468418634,1333.0163476462722,25
delta_neea,M1 — fronteira,frontier_year_c,0.08504153377189333,0.035338974088137506,0.016108334551667526,0.01577841730854962,0.15430465023523704,225,0.021238744913042673,0.01684968098888595,1326.1841468418634,1333.0163476462722,25
delta_neea,M2 — + nível inicial,Intercept,1.3876021514618868,0.28100217256398213,7.89085161582221e-07,0.8368480136589725,1.9383562892648012,225,0.21335316837038187,0.20626625997732229,1279.019767712592,1289.2680689192052,25
delta_neea,M2 — + nível inicial,frontier_year_c,0.07697597162735267,0.03307805504572573,0.019959895695610807,0.012144175059096832,0.14180776819560853,225,0.21335316837038187,0.20626625997732229,1279.019767712592,1289.2680689192052,25
delta_neea,M2 — + nível inicial,neea_first_c,-0.3502270412758989,0.061027505624156646,9.532767895836395e-09,-0.4698387543655615,-0.23061532818623626,225,0.21335316837038187,0.20626625997732229,1279.019767712592,1289.2680689192052,25
delta_neea,M3 — + escala e UF,Intercept,-13.596089505862652,5.925613159969852,0.021764021056735965,-25.210077885720146,-1.9821011260051602,225,0.29241191637733044,0.26620495031723157,1267.188381194091,1297.9332848139309,25
delta_neea,M3 — + escala e UF,C(uf_x)[T.MG],0.1966644660648053,0.8840560820386563,0.8239581416767152,-1.5360536150445483,1.929382547174159,225,0.29241191637733044,0.26620495031723157,1267.188381194091,1297.9332848139309,25
delta_neea,M3 — + escala e UF,C(uf_x)[T.MS],-1.6626143541465648,1.729356436043231,0.33634786506716785,-5.052090685223843,1.7268619769307134,225,0.29241191637733044,0.26620495031723157,1267.188381194091,1297.9332848139309,25
delta_neea,M3 — + escala e UF,C(uf_x)[T.MT],-3.5521217406041643,2.1335688981157825,0.09593805025684964,-7.733839939445906,0.629596458237577,225,0.29241191637733044,0.26620495031723157,1267.188381194091,1297.9332848139309,25
delta_neea,M3 — + escala e UF,C(uf_x)[T.PR],-1.5619013608874925,0.8973460927299244,0.08175748025509466,-3.3206673843058843,0.19686466253089896,225,0.29241191637733044,0.26620495031723157,1267.188381194091,1297.9332848139309,25
delta_neea,M3 — + escala e UF,C(uf_x)[T.SP],-1.2573922145203784,0.9216537469944016,0.1724799903442905,-3.0638003648457968,0.5490159358050399,225,0.29241191637733044,0.26620495031723157,1267.188381194091,1297.9332848139309,25
delta_neea,M3 — + escala e UF,frontier_year_c,0.1679974585396078,0.049477852841044265,0.000685265960183831,0.07102264893878824,0.26497226814042735,225,0.29241191637733044,0.26620495031723157,1267.188381194091,1297.9332848139309,25
delta_neea,M3 — + escala e UF,neea_first_c,-0.3609871969127782,0.05746795570835489,3.352379814873931e-10,-0.4736223203662968,-0.2483520734592596,225,0.29241191637733044,0.26620495031723157,1267.188381194091,1297.9332848139309,25
delta_neea,M3 — + escala e UF,log_cane_area,1.4642575320463624,0.5624705369966975,0.009234166428887884,0.3618355371679314,2.5666795269247933,225,0.29241191637733044,0.26620495031723157,1267.188381194091,1297.9332848139309,25
delta_neea,M4 — + topografia,Intercept,-18.14383743000792,6.392658059861856,0.004536440220078726,-30.673216992816855,-5.614457867198986,225,0.2975999327361125,0.26819713922274047,1267.5326099056638,1301.693613927708,25
delta_neea,M4 — + topografia,C(uf_x)[T.MG],0.31957884794365504,0.8903448553488227,0.719641264462696,-1.4254650023605615,2.0646226982478715,225,0.2975999327361125,0.26819713922274047,1267.5326099056638,1301.693613927708,25
delta_neea,M4 — + topografia,C(uf_x)[T.MS],-1.7541706001866901,1.721967843236574,0.3083448725314286,-5.129165555466488,1.6208243550931083,225,0.2975999327361125,0.26819713922274047,1267.5326099056638,1301.693613927708,25
delta_neea,M4 — + topografia,C(uf_x)[T.MT],-3.852520781125745,2.177022759265212,0.07678910448481847,-8.119406982809574,0.4143654205580831,225,0.2975999327361125,0.26819713922274047,1267.5326099056638,1301.693613927708,25
delta_neea,M4 — + topografia,C(uf_x)[T.PR],-1.1169887741251636,0.9419263830531283,0.2356792887772653,-2.9631305609973744,0.7291530127470469,225,0.2975999327361125,0.26819713922274047,1267.5326099056638,1301.693613927708,25
delta_neea,M4 — + topografia,C(uf_x)[T.SP],-0.8918231986125066,0.9695152984032622,0.35764330624980245,-2.792038265943504,1.008391868718491,225,0.2975999327361125,0.26819713922274047,1267.5326099056638,1301.693613927708,25
delta_neea,M4 — + topografia,frontier_year_c,0.15494871874612665,0.05236460355384838,0.003086035890076482,0.0523159817158657,0.2575814557763876,225,0.2975999327361125,0.26819713922274047,1267.5326099056638,1301.693613927708,25
delta_neea,M4 — + topografia,neea_first_c,-0.35969242781439015,0.056813124534439374,2.433402305282703e-10,-0.47104410575108024,-0.24834074987770005,225,0.2975999327361125,0.26819713922274047,1267.5326099056638,1301.693613927708,25
delta_neea,M4 — + topografia,log_cane_area,1.3296350022907506,0.5875888314592504,0.02364392844890142,0.17798205491264385,2.4812879496688574,225,0.2975999327361125,0.26819713922274047,1267.5326099056638,1301.693613927708,25
delta_neea,M4 — + topografia,share_cane_slope_le12,6.205574161826173,4.87928222866309,0.20343668513176316,-3.357643276759812,15.768791600412158,225,0.2975999327361125,0.26819713922274047,1267.5326099056638,1301.693613927708,25
delta_neea,M5 — + uso anterior,Intercept,-18.38248824374899,6.373244356519882,0.003922575717738976,-30.87381764720111,-5.891158840296871,225,0.30904135436944946,0.26993048763564476,1269.8373981764678,1314.2467034051253,25
delta_neea,M5 — + uso anterior,C(uf_x)[T.MG],0.7920892092683615,0.9676436191740057,0.4130287384949253,-1.1044574341826814,2.688635852719404,225,0.30904135436944946,0.26993048763564476,1269.8373981764678,1314.2467034051253,25
delta_neea,M5 — + uso anterior,C(uf_x)[T.MS],-1.3862421505945728,1.7300999838246192,0.42298708484315406,-4.777175808544157,2.0046915073550107,225,0.30904135436944946,0.26993048763564476,1269.8373981764678,1314.2467034051253,25
delta_neea,M5 — + uso anterior,C(uf_x)[T.MT],-3.4982907305835194,2.503436700460123,0.16229472553696567,-8.404936501061147,1.4083550398941092,225,0.30904135436944946,0.26993048763564476,1269.8373981764678,1314.2467034051253,25
delta_neea,M5 — + uso anterior,C(uf_x)[T.PR],-1.080618458958674,0.9703840817330547,0.26545138127222223,-2.9825363103264335,0.8212993924090852,225,0.30904135436944946,0.26993048763564476,1269.8373981764678,1314.2467034051253,25
delta_neea,M5 — + uso anterior,C(uf_x)[T.SP],-0.10226524342100846,1.1635119038938797,0.9299612477886111,-2.382706670636641,2.1781761837946245,225,0.30904135436944946,0.26993048763564476,1269.8373981764678,1314.2467034051253,25
delta_neea,M5 — + uso anterior,frontier_year_c,0.1509613556419313,0.07057891632136701,0.0324436400613891,0.012629221584185779,0.28929348969967683,225,0.30904135436944946,0.26993048763564476,1269.8373981764678,1314.2467034051253,25
delta_neea,M5 — + uso anterior,neea_first_c,-0.34234637080079794,0.05766426802708934,2.9048081087472057e-09,-0.4553662593287576,-0.22932648227283825,225,0.30904135436944946,0.26993048763564476,1269.8373981764678,1314.2467034051253,25
delta_neea,M5 — + uso anterior,log_cane_area,1.3376116870168404,0.5918823425354923,0.023825697941262356,0.17754361256207574,2.497679761471605,225,0.30904135436944946,0.26993048763564476,1269.8373981764678,1314.2467034051253,25
delta_neea,M5 — + uso anterior,share_cane_slope_le12,5.138836166062491,5.171813057997978,0.3204060883579173,-4.997731162387508,15.27540349451249,225,0.30904135436944946,0.26993048763564476,1269.8373981764678,1314.2467034051253,25
delta_neea,M5 — + uso anterior,prior_pasture_share,0.2014461452577098,3.3145905458685543,0.9515379429344345,-6.295031948141615,6.697924238657034,225,0.30904135436944946,0.26993048763564476,1269.8373981764678,1314.2467034051253,25
delta_neea,M5 — + uso anterior,prior_annual_agriculture_share,2.14156954550398,2.38350702663067,0.36892162031591813,-2.5300183835902845,6.813157474598244,225,0.30904135436944946,0.26993048763564476,1269.8373981764678,1314.2467034051253,25
delta_neea,M5 — + uso anterior,prior_native_vegetation_share,-8.8579301398947,26.401478258980013,0.7372412547129232,-60.603876666112775,42.88801638632338,225,0.30904135436944946,0.26993048763564476,1269.8373981764678,1314.2467034051253,25
delta_vol_pct,M1 — fronteira,Intercept,-1.5990845880353994,0.6463241412994178,0.013356418710015172,-2.865856627321035,-0.33231254874976357,221,0.017771387848031672,0.013286325692086653,1628.9564254379118,1635.7527508409473,25
delta_vol_pct,M1 — fronteira,frontier_year_c,-0.1629686479355311,0.06596141856390669,0.013486163228953284,-0.29225065268996,-0.03368664318110223,221,0.017771387848031672,0.013286325692086653,1628.9564254379118,1635.7527508409473,25
delta_vol_pct,M2 — + nível inicial,Intercept,-1.622319751514308,0.5558591492803034,0.003516289141989179,-2.7117836645807762,-0.5328558384478397,221,0.32093665512835123,0.3147067161845747,1549.3831885369111,1559.5776766414644,25
delta_vol_pct,M2 — + nível inicial,frontier_year_c,-0.19032017107958596,0.05767559515688594,0.0009674035276901388,-0.30336226037399516,-0.07727808178517676,221,0.32093665512835123,0.3147067161845747,1549.3831885369111,1559.5776766414644,25
delta_vol_pct,M2 — + nível inicial,vol_pct_first_c,-0.4985059210220675,0.1591113004390425,0.0017299159284152386,-0.8103583394159228,-0.18665350262821206,221,0.32093665512835123,0.3147067161845747,1549.3831885369111,1559.5776766414644,25
delta_vol_pct,M3 — + escala e UF,Intercept,-10.920317916375767,12.846226720833686,0.39528071812630994,-36.09845962644587,14.257823793694337,221,0.33860359475833157,0.31364523984355164,1555.5573966713891,1586.140860985049,25
delta_vol_pct,M3 — + escala e UF,C(uf_x)[T.MG],0.6718097155031958,2.399061364413083,0.7794543090025712,-4.030264155447969,5.373883586454361,221,0.33860359475833157,0.31364523984355164,1555.5573966713891,1586.140860985049,25
delta_vol_pct,M3 — + escala e UF,C(uf_x)[T.MS],1.4952804985021895,2.27370455188897,0.5107690789688706,-2.961098534684974,5.951659531689353,221,0.33860359475833157,0.31364523984355164,1555.5573966713891,1586.140860985049,25
delta_vol_pct,M3 — + escala e UF,C(uf_x)[T.MT],-1.6030767255083531,4.546509574005155,0.7243920565139768,-10.514071745925001,7.307918294908294,221,0.33860359475833157,0.31364523984355164,1555.5573966713891,1586.140860985049,25
delta_vol_pct,M3 — + escala e UF,C(uf_x)[T.PR],3.936702845067903,3.166674117840063,0.21380652357836205,-2.269864376673768,10.143270066809574,221,0.33860359475833157,0.31364523984355164,1555.5573966713891,1586.140860985049,25
delta_vol_pct,M3 — + escala e UF,C(uf_x)[T.SP],0.9958024919207441,2.366058404087299,0.6738501698045929,-3.64158676540868,5.633191749250169,221,0.33860359475833157,0.31364523984355164,1555.5573966713891,1586.140860985049,25
delta_vol_pct,M3 — + escala e UF,frontier_year_c,-0.1123087703557559,0.09400682800214782,0.23220919783931526,-0.2965587675408171,0.07194122682930529,221,0.33860359475833157,0.31364523984355164,1555.5573966713891,1586.140860985049,25
delta_vol_pct,M3 — + escala e UF,vol_pct_first_c,-0.5019497317592172,0.16404747838098457,0.0022149720520005787,-0.8234768811405602,-0.18042258237787429,221,0.33860359475833157,0.31364523984355164,1555.5573966713891,1586.140860985049,25
delta_vol_pct,M3 — + escala e UF,log_cane_area,0.7575350257916178,1.2474167246711623,0.543663088983022,-1.687356828276777,3.2024268798600124,221,0.33860359475833157,0.31364523984355164,1555.5573966713891,1586.140860985049,25
delta_vol_pct,M4 — + topografia,Intercept,-18.748298565429685,15.970296112664293,0.2404158198699775,-50.04950376869173,12.552906637832358,221,0.3419950045913538,0.3139284408061508,1556.4212705108494,1590.402897526027,25
delta_vol_pct,M4 — + topografia,C(uf_x)[T.MG],0.9104789579806417,2.4649647403700174,0.7118534883015883,-3.9207631563057177,5.741721072267001,221,0.3419950045913538,0.3139284408061508,1556.4212705108494,1590.402897526027,25
delta_vol_pct,M4 — + topografia,C(uf_x)[T.MS],1.356090058387931,2.2926266101268524,0.5541850407097149,-3.137375527458852,5.849555644234714,221,0.3419950045913538,0.3139284408061508,1556.4212705108494,1590.402897526027,25
delta_vol_pct,M4 — + topografia,C(uf_x)[T.MT],-2.168727413740818,4.6188936679573125,0.6386880198507978,-11.221592651357257,6.884137823875621,221,0.3419950045913538,0.3139284408061508,1556.4212705108494,1590.402897526027,25
delta_vol_pct,M4 — + topografia,C(uf_x)[T.PR],4.640540908438292,3.140801974206878,0.1395411473094935,-1.5153178435794885,10.796399660456073,221,0.3419950045913538,0.3139284408061508,1556.4212705108494,1590.402897526027,25
delta_vol_pct,M4 — + topografia,C(uf_x)[T.SP],1.5918310853887543,2.5184081942982948,0.5273357360694919,-3.3441582738064546,6.527820444583963,221,0.3419950045913538,0.3139284408061508,1556.4212705108494,1590.402897526027,25
delta_vol_pct,M4 — + topografia,frontier_year_c,-0.13540486190690365,0.08940406945724855,0.12989227428455494,-0.31063361811442824,0.03982389430062097,221,0.3419950045913538,0.3139284408061508,1556.4212705108494,1590.402897526027,25
delta_vol_pct,M4 — + topografia,vol_pct_first_c,-0.5083485152372353,0.1629576740905849,0.0018115052188441118,-0.8277396874591976,-0.18895734301527306,221,0.3419950045913538,0.3139284408061508,1556.4212705108494,1590.402897526027,25
delta_vol_pct,M4 — + topografia,log_cane_area,0.5433631008821617,1.263785091185698,0.6672327606969595,-1.9336101620404746,3.0203363638047978,221,0.3419950045913538,0.3139284408061508,1556.4212705108494,1590.402897526027,25
delta_vol_pct,M4 — + topografia,share_cane_slope_le12,10.496324198213328,10.945291483598906,0.3375684262090637,-10.956052909933502,31.948701306360157,221,0.3419950045913538,0.3139284408061508,1556.4212705108494,1590.402897526027,25
delta_vol_pct,M5 — + uso anterior,Intercept,-16.50837027505765,16.633940805943457,0.320977597739349,-49.11029517567798,16.093554625562682,221,0.3583949845957841,0.32137931063015623,1556.8433079592653,1601.0194230789962,25
delta_vol_pct,M5 — + uso anterior,C(uf_x)[T.MG],-0.22689089605423324,2.7649754094350127,0.9345998599616391,-5.6461431166857485,5.1923613245772815,221,0.3583949845957841,0.32137931063015623,1556.8433079592653,1601.0194230789962,25
delta_vol_pct,M5 — + uso anterior,C(uf_x)[T.MS],0.5822849560643725,2.5525159457161624,0.8195514237832965,-4.4205543675035015,5.585124279632246,221,0.3583949845957841,0.32137931063015623,1556.8433079592653,1601.0194230789962,25
delta_vol_pct,M5 — + uso anterior,C(uf_x)[T.MT],-1.009218418609011,6.484441311683722,0.876319228279613,-13.718489849372773,11.70005301215475,221,0.3583949845957841,0.32137931063015623,1556.8433079592653,1601.0194230789962,25
delta_vol_pct,M5 — + uso anterior,C(uf_x)[T.PR],5.291979125289364,3.202529180841777,0.0984454082023746,-0.9848627285990803,11.568820979177808,221,0.3583949845957841,0.32137931063015623,1556.8433079592653,1601.0194230789962,25
delta_vol_pct,M5 — + uso anterior,C(uf_x)[T.SP],1.7054834781283428,2.9942970198987036,0.5689644586485683,-4.16323083988873,7.574197796145416,221,0.3583949845957841,0.32137931063015623,1556.8433079592653,1601.0194230789962,25
delta_vol_pct,M5 — + uso anterior,frontier_year_c,0.0536066904629452,0.16378755905021614,0.7434455064736007,-0.26741102639120584,0.37462440731709623,221,0.3583949845957841,0.32137931063015623,1556.8433079592653,1601.0194230789962,25
delta_vol_pct,M5 — + uso anterior,vol_pct_first_c,-0.4996338564729934,0.16422232796631875,0.0023468152410111728,-0.821503704744303,-0.17776400820168375,221,0.3583949845957841,0.32137931063015623,1556.8433079592653,1601.0194230789962,25
delta_vol_pct,M5 — + uso anterior,log_cane_area,0.5356090416395634,1.3317360521323054,0.687545240651178,-2.074545657453311,3.1457637407324377,221,0.3583949845957841,0.32137931063015623,1556.8433079592653,1601.0194230789962,25
delta_vol_pct,M5 — + uso anterior,share_cane_slope_le12,13.560036928289554,12.234687920534714,0.26772054946803736,-10.419510758045734,37.53958461462484,221,0.3583949845957841,0.32137931063015623,1556.8433079592653,1601.0194230789962,25
delta_vol_pct,M5 — + uso anterior,prior_pasture_share,-12.528844351909493,7.668301120560085,0.10229060901055967,-27.5584383708154,2.5007496669964127,221,0.3583949845957841,0.32137931063015623,1556.8433079592653,1601.0194230789962,25
delta_vol_pct,M5 — + uso anterior,prior_annual_agriculture_share,-7.540223173716764,5.010799394016257,0.13237692824336267,-17.361209519743756,2.2807631723102277,221,0.3583949845957841,0.32137931063015623,1556.8433079592653,1601.0194230789962,25
delta_vol_pct,M5 — + uso anterior,prior_native_vegetation_share,13.261855562044394,97.50253099622189,0.8918090271468321,-177.8395935920508,204.36330471613957,221,0.3583949845957841,0.32137931063015623,1556.8433079592653,1601.0194230789962,25
