cd_ibge,uf,nm_mun,n_usinas,neea_2022,neea_2023,neea_2025,vol_2022,vol_2023,vol_2025,log_pib_pc,log_pop,log_area_total,densidade_pop,share_vadc_ind,share_vadc_serv,pess_ocup_per_est,share_est_af,share_area_af,natveg_share,trator_per_est,share_est_at,share_est_fin_total,share_est_energia,ivs_infra,ivs_renda_t,idhm_educ,gini,share_pop_agua,uai_housing,uai_environ,uai_food,uai_mobility,uai_climate,uai_total
3103751,MG,Araporã,1,66.0,59.16,59.16,95.49,92.8,92.8,12.076123400774788,8.820994645747902,4.986137662495856,46.59833528238289,0.7462342935056232,0.1626496741792668,8.726415094339623,0.5188679245283019,0.06858852044763035,0.08323588085574742,1.971698113207547,0.14150943396226415,0.0660377358490566,0.92,0.002,0.222,0.646,0.41,0.9743135518157662,1.0,0.38,0.25,0.6,0.4,0.53
3105103,MG,Bambuí,1,65.4,62.05,62.05,98.05,99.19,99.19,9.99706896615766,10.086600462793985,7.284580828881137,16.488518175265163,0.1428606535722843,0.42700916033348285,2.997377049180328,0.658360655737705,0.31796804117984706,0.29320701609858235,0.35672131147540986,0.23475409836065575,0.12721311475409836,0.92,0.232,0.224,0.636,0.49,0.8196352735448413,0.67,0.38,0.25,0.6,0.2,0.42
3111408,MG,Campo Florido,1,51.7,54.18,55.95,95.62,94.86,93.93,11.06790318711361,8.97297111339799,6.454199636906245,12.431328966762038,0.2573491479555161,0.24819654107996109,5.115864527629234,0.6131907308377896,0.07934630794482561,0.16678095418252897,0.9518716577540107,0.5026737967914439,0.12299465240641712,0.94,0.195,0.305,0.558,0.52,0.7429622115140756,0.67,0.38,0.5,0.2,0.2,0.39
3112604,MG,Capinópolis,1,61.55,61.55,61.99,99.24,99.24,94.37,10.065096067732542,9.69590972432601,5.741062202752044,52.352647433109425,0.05628454122406822,0.4605677243378499,4.579268292682927,0.5487804878048781,0.12297161264344675,0.11018218721306723,1.2804878048780488,0.649390243902439,0.3323170731707317,0.79,0.173,0.312,0.601,0.59,0.784676923076923,1.0,0.5,0.5,0.2,0.2,0.48
3117306,MG,Conceição das Alagoas,1,60.12,62.77,62.77,98.77,96.23,96.23,10.355995266977605,10.196865870532788,6.502902483372407,40.26273317569343,0.22331695887410133,0.32955102808393416,5.533333333333333,0.5440860215053763,0.05138876404494382,0.08077168487032241,1.6774193548387097,0.6946236559139785,0.24731182795698925,0.91,0.283,0.251,0.57,0.51,0.9776269669624879,0.0,0.75,0.5,0.4,0.2,0.37
3121258,MG,Delta,1,61.85,63.58,63.58,97.87,96.93,96.93,10.462045638444781,9.20079495913265,4.640730361386642,96.51140128629896,0.49506195695890604,0.290489080125893,4.442857142857143,0.5285714285714286,0.05858776376281976,0.07795751315533034,0.7714285714285715,0.34285714285714286,0.15714285714285714,0.96,0.124,0.245,0.481,0.38,0.9339660743134087,0.67,0.13,0.5,0.2,0.2,0.34
3127107,MG,Frutal,2,55.400000000000006,60.9,62.95,96.455,91.41499999999999,90.12,10.352969546061066,10.981403814946026,7.08386592124935,49.32148342103276,0.21102183137657024,0.47110062220984156,3.6850886339937436,0.6491136600625652,0.19910867020797696,0.07305487717884808,0.7914494264859229,0.3112617309697602,0.18248175182481752,0.9,0.12,0.252,0.615,0.47,0.7314446145992853,0.33,0.38,0.25,0.6,0.2,0.35
3133402,MG,Itapagipe,1,51.2,55.86,61.57,98.52,84.7,80.33,10.317218405061325,9.618601567386348,6.801043851253355,16.75345433483518,0.29538090985101856,0.30359484265734266,2.486899563318777,0.7234352256186317,0.31819271240036184,0.09189282511959991,0.4570596797671033,0.7954876273653566,0.1710334788937409,0.88,0.113,0.268,0.603,0.45,0.6794096137224919,0.67,0.38,0.0,0.2,0.0,0.25
3134202,MG,Ituiutaba,1,62.0,66.65,66.65,100.0,98.1,98.1,10.229404275217824,11.557200690220135,7.169338469259817,80.52943601043155,0.22992802132275536,0.5292878956680284,2.877815699658703,0.5242320819112628,0.13782437721429763,0.19283735944560224,0.7194539249146757,0.378839590443686,0.16245733788395905,0.96,0.095,0.256,0.644,0.5,0.9583644260758089,1.0,0.5,0.75,0.8,0.2,0.65
3134400,MG,Iturama,1,55.4,55.01,59.72,98.07,97.01,95.91,10.711078867486941,10.558023833968418,6.541534922199873,55.58460316314003,0.4992429193327303,0.3090323526011239,3.596774193548387,0.4946236559139785,0.09881760883373235,0.07691196649093666,0.7258064516129032,0.3118279569892473,0.17921146953405018,0.93,0.283,0.242,0.674,0.46,0.8464037002390604,1.0,0.63,0.25,0.2,0.2,0.46
3135050,MG,Jaíba,1,61.05,61.05,59.24,95.61,95.61,98.66,9.591239526139097,10.543761243489005,7.87867055048005,14.374318016488845,0.11783771905729824,0.3000231515998148,5.263740458015267,0.7110687022900763,0.17639550432658835,0.4057801891367604,0.22938931297709925,0.5816793893129771,0.11603053435114503,0.95,0.247,0.363,0.531,0.46,0.48554258151242785,1.0,0.5,0.5,0.6,0.2,0.56
3136306,MG,João Pinheiro,4,63.15,61.7875,62.055,98.0275,89.8725,83.58,10.30865261563529,10.79450150122549,9.280282392878282,4.546200573322417,0.21475792549589642,0.35467056082267034,3.9832953682612,0.6317388003037205,0.1308902918274229,0.49176291980386927,0.5079726651480638,0.11237661351556567,0.07593014426727411,0.94,0.349,0.354,0.63,0.49,0.6801501507661382,0.67,0.38,1.0,0.4,0.8,0.65
3137205,MG,Lagoa da Prata,1,64.0,53.08,54.22,97.38,97.35,83.86,10.369389029448124,10.843592462509537,5.403510368176171,231.49851933901485,0.2931016851733659,0.5305281197217119,4.991666666666666,0.6444444444444445,0.21574892604821244,0.17790537333001785,0.5027777777777778,0.5083333333333333,0.10277777777777777,0.95,0.109,0.267,0.655,0.45,0.9977150222638856,1.0,0.63,0.5,0.6,0.2,0.59
3138625,MG,Limeira do Oeste,2,51.7,52.0,58.15,94.83500000000001,94.295,92.58500000000001,10.731078209645563,8.921057018157429,6.491679071761534,11.367535642166315,0.2424759385974214,0.24707614194200314,2.876750700280112,0.5882352941176471,0.10042465979453066,0.11615019054704462,0.45098039215686275,0.2689075630252101,0.13165266106442577,0.99,0.346,0.377,0.62,0.46,0.7147054895151597,1.0,0.38,0.25,0.4,0.0,0.41
3143005,MG,Monte Belo,1,70.0,64.41,64.41,90.77,92.63,92.63,9.953895455079973,9.507031738585551,6.046899253996083,31.89426268373637,0.22356635991112547,0.34435039324676525,3.669667590027701,0.8698060941828255,0.5114625514140867,0.12351825509720246,0.29916897506925205,0.2901662049861496,0.11565096952908588,0.81,0.04,0.31,0.567,0.46,0.5995688693971605,0.0,0.5,0.75,0.2,0.2,0.33
3147006,MG,Paracatu,1,58.2,59.59,59.59,95.42,99.78,99.78,10.545025599362843,11.433741555090945,9.015030835341383,11.232613558992316,0.317417748456466,0.3710611326864315,3.6465284039675385,0.6465284039675383,0.12824941688578478,0.40467853321661323,0.8944995491433724,0.26690712353471596,0.1145175834084761,0.94,0.221,0.28,0.685,0.51,0.7996124953997359,1.0,0.63,1.0,0.4,0.8,0.77
3150703,MG,Pirajuba,1,58.5,57.9,60.08,97.66,97.54,91.29,10.884235552246894,8.66406026722579,5.127588355789889,34.54447825308752,0.38717157734226226,0.24502315384128903,21.924050632911392,0.4050632911392405,0.045875578921016395,0.09784619056142234,4.075949367088608,0.6582278481012658,0.4050632911392405,0.94,0.144,0.238,0.588,0.54,0.7601036269430052,0.67,0.63,0.5,0.4,0.2,0.48
3152006,MG,Pompéu,1,66.1,68.21,68.21,89.95,88.95,88.95,10.049793255125712,10.361323707381413,7.850099648051854,12.324414520134582,0.20810765253684857,0.40987262429163207,4.576687116564417,0.554601226993865,0.11945045595482136,0.27922136148678944,0.6846625766871166,0.4822085889570552,0.2687116564417178,0.96,0.163,0.34,0.564,0.52,0.7738200683284828,1.0,0.63,1.0,0.2,0.2,0.61
3157708,MG,Santa Juliana,1,52.8,63.38,66.59,97.69,92.3,94.6,10.7758263968811,9.50159106930499,6.592811630310116,18.358190524539328,0.3396993440733321,0.3273046628427148,7.893732970027248,0.6975476839237057,0.1602966989411698,0.17274261487589698,1.1934604904632153,0.18256130790190736,0.2016348773841962,0.96,0.149,0.218,0.558,0.43,0.8100896860986547,0.0,0.38,0.0,0.2,0.2,0.16
3159803,MG,Santa Vitória,1,55.27,55.27,61.81,98.47,98.47,98.28,10.511076844734427,9.885679933886163,7.321238158683885,13.001340105553993,0.1620495588600045,0.33233136877413866,4.8940329218107,0.5576131687242798,0.09077422187738467,0.12616845623149084,0.7860082304526749,0.4619341563786008,0.1748971193415638,0.97,0.172,0.34,0.576,0.46,0.8229156062302759,1.0,0.63,1.0,0.2,0.4,0.65
3169604,MG,Tupaciguara,1,63.99,63.99,70.47,100.0,100.0,98.83,10.202776998029625,10.147961974552167,6.815678366530928,28.031853880476604,0.1143774393522227,0.3712819972513468,4.493769470404985,0.5264797507788161,0.08961306654753788,0.16415395676346137,1.1246105919003115,0.3644859813084112,0.20093457943925233,0.95,0.142,0.36,0.605,0.49,1.0,1.0,0.25,0.75,0.4,0.4,0.56
3170107,MG,Uberaba,2,57.46,58.225,59.195,98.465,98.055,87.61000000000001,10.598333289731654,12.701600858255674,7.721463854204333,145.55838351232228,0.2750144126335226,0.540212385828476,5.050651230101303,0.4983116256632899,0.05641815089000408,0.21516366183943314,1.0231548480463097,0.5605402797877472,0.15533043897732754,0.96,0.165,0.19,0.705,0.5,0.9979986109080274,1.0,0.75,0.75,0.8,0.4,0.74
3501707,SP,Américo Brasiliense,1,62.5,62.4,62.4,85.85,91.68,91.68,10.128189888314331,10.576176891193677,4.152141660948318,626.3225187789676,0.3471425180311787,0.45737374237380424,180.94117647058823,0.6470588235294118,0.0039913786221761,0.12306217036918653,19.529411764705884,0.4117647058823529,0.058823529411764705,0.59,0.272,0.254,0.701,0.39,0.9924213427237235,0.0,0.38,0.0,0.8,0.4,0.32
3502101,SP,Andradina,1,61.1,62.32,61.98,96.17,99.23,89.42,10.44755451008192,10.956945559197129,6.874694752855646,59.33904478106117,0.2805147309836293,0.5361298379228399,3.507159904534606,0.766109785202864,0.17938837920489298,0.08184339044781061,0.5441527446300716,0.28758949880668255,0.12291169451073986,0.97,0.103,0.231,0.702,0.51,0.9334088927637315,1.0,0.63,0.75,0.6,0.4,0.68
3502804,SP,Araçatuba,2,52.6,58.400000000000006,61.025000000000006,93.12,96.86500000000001,93.69,10.484501333150819,12.180113606360077,7.080253746827329,164.13621164520285,0.18718690120936077,0.6939465996544684,3.130392156862745,0.7607843137254902,0.1901715732485792,0.06333858347300951,0.7225490196078431,0.2754901960784314,0.23627450980392156,0.94,0.092,0.207,0.744,0.52,0.9807157445323645,1.0,0.5,0.75,0.8,0.4,0.69
3503307,SP,Araras,2,55.86,54.785,55.105000000000004,90.535,87.31,93.17,10.621254172277629,11.785110577422433,5.779075458691633,407.1264652980214,0.3322962729818542,0.5319277503968184,11.832402234636872,0.611731843575419,0.049343343303686386,0.09830676673075729,2.4078212290502794,0.6983240223463687,0.24860335195530725,0.89,0.124,0.2,0.728,0.47,1.0,0.67,0.75,0.25,0.6,0.8,0.61
3503703,SP,Ariranha,1,67.8,64.5,64.5,95.19,95.97,95.97,11.308100597315011,9.1539816383068,4.89447593955597,71.30139569973595,0.3975732274431665,0.492887018710388,44.39622641509434,0.5188679245283019,0.06679343950558593,0.10335722368917388,3.9622641509433962,0.6698113207547169,0.24528301886792453,0.82,0.137,0.226,0.663,0.4,0.9384192148978944,0.67,0.5,0.0,0.2,0.4,0.35
3504404,SP,Avanhandava,1,60.0,59.3,60.47,90.7,94.43,97.04,10.2800043386884,9.481359383531425,5.823903515787252,38.87455898484983,0.39340648713835513,0.33709057191940567,3.847058823529412,0.6705882352941176,0.09559930838306654,0.10287882830798423,1.1,0.45294117647058824,0.2823529411764706,0.86,0.241,0.264,0.623,0.42,0.8455613178767541,0.0,0.5,0.0,0.2,0.0,0.14
3504503,SP,Avaré,1,63.8,63.51,63.51,83.89,76.94,76.94,10.292111643448266,11.401770415604066,6.411095510689045,147.2759892027125,0.1972157359270412,0.6072158353620845,5.893233082706767,0.5323308270676692,0.07562417805262471,0.10961880308117716,1.243609022556391,0.5383458646616541,0.12180451127819548,0.91,0.235,0.181,0.695,0.47,0.9956190838073739,1.0,0.13,0.75,0.8,0.4,0.62
3505203,SP,Bariri,1,59.5,61.07,61.07,90.16,88.54,88.54,10.39445734759077,10.451695662489449,5.403127730900382,156.49932157394844,0.2585986770201925,0.5335428940726789,5.89159891598916,0.6043360433604336,0.12924904492345446,0.07123473541383989,1.7506775067750677,0.6287262872628726,0.2086720867208672,0.89,0.001,0.183,0.662,0.42,0.999595399109878,1.0,0.5,0.0,0.4,0.2,0.42
3505302,SP,Barra Bonita,1,59.4,62.26,62.58,89.25,94.23,95.38,10.48941137230805,10.500454174622105,5.017941869278694,242.04530313124584,0.34264336230673437,0.5193259291140659,4.454545454545454,0.5272727272727272,0.03283767038413878,0.019320453031312457,1.018181818181818,0.6909090909090909,0.18181818181818182,0.67,0.065,0.176,0.739,0.45,1.0,0.67,0.5,0.0,0.4,0.6,0.43
3505609,SP,Barrinha,1,71.6,65.0,65.0,93.56,92.34,92.34,9.592946185938265,10.371050706242503,4.995183189537334,217.5937286980232,0.19115356355620866,0.47260272424122535,5.0,0.36363636363636365,0.010455159981973862,0.11792774369461488,2.0,0.7727272727272727,0.5909090909090909,0.86,0.401,0.24,0.646,0.4,0.9889101218633501,0.0,0.13,0.0,0.6,0.2,0.19
3505906,SP,Batatais,1,67.3,63.24,63.24,98.28,98.31,98.31,10.124468767685654,11.02648346297243,6.05454497449333,144.64350833441165,0.14830955541974866,0.5681720158191614,17.23404255319149,0.6409574468085106,0.08544935367987964,0.09787199002458563,2.970744680851064,0.5877659574468085,0.23670212765957446,0.95,0.29,0.19,0.685,0.5,,0.0,0.63,0.25,0.6,0.6,0.42
3506201,SP,Bento de Abreu,1,56.8,60.43,59.28,94.29,92.07,90.98,11.060903197680215,7.98139158158007,5.710989772905553,9.712122721386592,0.4364807065941836,0.243251075075632,2.8181818181818183,0.509090909090909,0.03920485919381557,0.09927947670750738,1.2363636363636363,0.32727272727272727,0.16363636363636364,0.87,0.138,0.274,0.712,0.38,0.931965811965812,0.0,0.5,0.25,0.2,0.0,0.19
3506805,SP,Bocaina,1,50.0,62.28,65.01,93.74,97.09,97.02,9.836866865194231,9.39607277189222,5.210441980046028,66.09029779058596,0.12336698755576427,0.4491993425686781,3.183206106870229,0.4351145038167939,0.0190648203893237,0.18773157678056815,1.083969465648855,0.5877862595419847,0.29770992366412213,0.89,0.008,0.188,0.656,0.42,1.0,0.0,0.38,0.25,0.6,0.2,0.29
3508207,SP,Buritizal,1,62.6,58.94,64.3,96.93,95.81,96.51,10.650554575085504,8.391403185357937,4.88778946409741,33.480176211453745,0.3806210844492477,0.237890992192821,2.6405228758169934,0.673202614379085,0.11489727577156304,0.19519975694971897,1.2287581699346406,0.41830065359477125,0.0457516339869281,0.95,0.004,0.267,0.643,0.46,0.8148820326678766,0.0,0.38,0.0,0.2,0.4,0.2
3508801,SP,Cafelândia,1,57.85,57.85,65.54,96.67,96.67,97.36,10.209316470468945,9.77826440778205,6.828127485219918,19.128200680788325,0.1957261695113486,0.419013054958496,6.4980237154150196,0.3201581027667984,0.028762275744774236,0.1300869414391952,1.66798418972332,0.5612648221343873,0.13438735177865613,0.91,0.141,0.247,0.661,0.46,1.0,0.0,0.0,0.0,0.2,0.0,0.04
3511003,SP,Castilho,1,64.8,62.78,62.78,96.92,96.87,96.87,10.89875580959371,9.921474807550515,6.981451737904474,18.9329415702756,0.4713615444384675,0.36165600780985396,2.4478732276897412,0.8331943286071727,0.20604956589443374,0.15174619704689998,0.2718932443703086,0.3469557964970809,0.11592994161801501,0.98,0.17,0.302,0.686,0.46,0.7546409979373343,0.33,0.38,0.75,0.4,0.2,0.41
3511102,SP,Catanduva,2,63.78999999999999,64.08,61.519999999999996,90.08,90.705,81.97,10.395741790716682,11.700997124855864,5.675657310930353,415.2022842988854,0.22794489242524088,0.6228477256131227,22.9171974522293,0.6496815286624203,0.07104265402843601,0.09494977294619514,2.4904458598726116,0.5732484076433121,0.1464968152866242,0.9,0.139,0.176,0.74,0.46,0.987049572876188,0.67,0.75,0.0,0.8,0.6,0.56
3511409,SP,Cerqueira César,1,46.6,53.55,53.55,39.33,59.49,59.49,10.555057244929015,9.877964595305043,5.532578883596093,77.42409499791498,0.39192281069621554,0.3870992032576365,3.8045685279187818,0.550761421319797,0.11867925460926301,0.08240830834607518,1.0279187817258884,0.5304568527918782,0.20558375634517767,0.9,0.194,0.212,0.666,0.43,0.9617850730956655,0.0,0.25,0.25,0.6,0.2,0.26
3511508,SP,Cerquilho,1,49.8,51.0,51.0,86.54,90.72,90.72,10.548048298172429,10.752227230148003,4.855851080295389,366.56208330065107,0.3800402886925311,0.4621937943001068,7.622222222222222,0.6888888888888889,0.2963255630185697,0.04627813946191859,1.761111111111111,0.5333333333333333,0.17777777777777778,0.86,0.032,0.16,0.739,0.42,0.9788158260757923,0.0,0.5,0.25,0.6,0.4,0.35
3511904,SP,Clementina,1,55.46,55.46,51.12,97.7,97.7,79.53,10.377825524930667,9.018574356354229,5.13456237932792,48.90100124414954,0.38552508262220686,0.40753711833473094,20.236220472440944,0.6299212598425197,0.1433868974042027,0.07583387641447954,2.937007874015748,0.5196850393700787,0.14960629921259844,0.79,0.361,0.18,0.66,0.37,0.9531136418706082,0.67,0.63,0.25,0.0,0.2,0.35
3512001,SP,Colina,1,61.2,65.18,65.18,98.25,97.65,97.65,10.856707913495192,9.818855161695424,5.360352757467489,86.76109537299338,0.4318366040464424,0.3604182306370867,12.27,0.44,0.056437160740721505,0.06964117091595845,1.985,0.74,0.31,0.74,0.292,0.24,0.712,0.46,0.9964627775359164,0.67,0.63,0.5,0.4,0.2,0.48
3512100,SP,Colômbia,1,53.9,52.81,55.2,100.0,98.31,98.78,11.016150664426897,8.736489351001554,5.9008557982372265,17.085220255249073,0.2762792002806033,0.23254156436338128,13.203619909502262,0.6199095022624435,0.03955029732408325,0.12982022780293673,2.420814479638009,0.45248868778280543,0.13122171945701358,0.97,0.096,0.27,0.647,0.4,0.9490763052208835,0.0,0.5,0.5,0.2,0.4,0.32
3513702,SP,Descalvado,1,62.3,61.95,64.62,95.53,96.06,97.91,10.792057591809684,10.414723092275086,5.935066138508519,88.4356808507817,0.3461915608958168,0.4536803037561486,7.654040404040404,0.5934343434343434,0.050688651794374394,0.184318353599512,1.5227272727272727,0.37626262626262624,0.15404040404040403,0.98,0.12,0.204,0.687,0.45,0.9028669105739819,0.33,0.63,0.25,0.6,0.2,0.4
3515509,SP,Fernandópolis,1,60.6,58.89,58.89,97.55,96.69,96.69,10.234731861613037,11.137082263908574,6.311153878194743,124.92723038858973,0.14749889607228178,0.6601442465551794,3.9863013698630136,0.7482876712328768,0.22299429971263013,0.10660748071605299,0.726027397260274,0.3784246575342466,0.0702054794520548,0.93,0.101,0.196,0.758,0.49,1.0,0.67,0.88,0.25,0.8,0.8,0.68
3516903,SP,General Salgado,1,51.3,57.32,61.91,88.88,95.48,96.47,10.076978567945266,9.301277366968284,6.20518382917435,22.154113815217173,0.07779154002232744,0.5299301656630188,2.621468926553672,0.6271186440677966,0.18697559329659205,0.11652606663834436,1.03954802259887,0.307909604519774,0.18926553672316385,0.88,0.212,0.238,0.702,0.45,0.994703680029221,0.0,0.13,0.5,0.2,0.2,0.21
3517406,SP,Guaíra,3,59.953333333333326,60.81666666666666,63.303333333333335,98.47000000000001,98.40666666666668,98.24000000000001,11.305039916044999,10.603808936844073,6.445791245406108,64.04470268422767,0.4958992287193775,0.3622257394529502,26.923322683706072,0.476038338658147,0.0289825060549038,0.10412609590728802,3.2843450479233227,0.6325878594249201,0.2523961661341853,0.92,0.067,0.254,0.683,0.53,1.0,1.0,0.63,0.5,0.8,0.2,0.63
3517901,SP,Guaraci,1,64.1,67.36,67.36,98.94,98.5,98.5,10.47327995406597,9.302463660851988,5.818969551131763,32.667411545623835,0.20375659262727386,0.27931808479874415,9.211640211640212,0.6296296296296297,0.06080748925983714,0.17698324022346368,1.8095238095238095,0.4497354497354497,0.2275132275132275,0.79,0.166,0.304,0.682,0.42,0.9098869025902955,0.0,0.13,0.25,0.4,0.2,0.2
3518206,SP,Guararapes,1,57.5,58.1,58.1,95.31,92.72,92.72,10.431052292306395,10.393753262336757,6.863563028189754,34.165123408351384,0.24756257444734928,0.42495030397722877,5.0911602209944755,0.5359116022099447,0.06856716266828626,0.08945666844533727,1.1961325966850829,0.38950276243093923,0.2265193370165746,0.91,0.231,0.229,0.726,0.43,0.9255221412384393,0.0,0.38,0.5,0.2,0.0,0.22
3518602,SP,Guariba,1,60.3,60.84,61.6,92.73,96.14,96.26,10.001566622695764,10.576865605238781,4.916580992013933,289.3422363227211,0.26557416088035496,0.47262802998019704,19.01219512195122,0.5975609756097561,0.01596877217885025,0.042055557605046666,2.097560975609756,0.3780487804878049,0.25609756097560976,0.84,0.098,0.274,0.645,0.43,1.0,0.67,0.5,0.5,0.2,0.4,0.45
3519105,SP,Iacanga,1,59.42,63.42,64.7,91.02,92.95,92.91,10.745270232235221,9.336444248771908,5.615060544595397,41.468943077541766,0.09260226581834062,0.5870597453309242,12.713450292397662,0.49122807017543857,0.04580788450860633,0.1208276971447373,2.181286549707602,0.6140350877192983,0.19298245614035087,0.96,0.165,0.223,0.675,0.4,0.8714625760380852,0.0,0.63,1.0,0.2,0.2,0.41
3519303,SP,Ibaté,1,62.8,64.13,64.23,95.55,96.71,92.79,10.208948146339551,10.440770085264479,4.987912406988988,235.02025681521664,0.35106515393124116,0.432681942758104,14.421052631578947,0.5263157894736842,0.016346114748099053,0.15862116322186365,1.6491228070175439,0.543859649122807,0.10526315789473684,0.98,0.293,0.27,0.627,0.37,0.9601180389177818,1.0,0.5,0.25,0.6,0.2,0.51
3520103,SP,Igarapava,1,55.6,54.7,57.71,95.96,93.91,94.23,10.496234118987427,10.311416290082265,5.4580311152024645,128.71787189419393,0.168187782324356,0.6306546554022165,5.732057416267943,0.5645933014354066,0.07028930671168288,0.13803582511181972,1.61244019138756,0.4449760765550239,0.14832535885167464,0.9,0.407,0.234,0.671,0.67,0.9307684634057127,0.33,0.63,0.5,0.2,0.0,0.33
3520905,SP,Ipaussu,1,61.7,60.2,63.36,84.36,92.66,0.92,10.165505603232393,9.600150240473774,5.357246434077324,69.93464052287582,0.2755169438409412,0.43564656977512206,2.6904761904761907,0.6904761904761905,0.0265748031496063,0.0989864544851757,1.0476190476190477,0.42857142857142855,0.19047619047619047,0.98,0.232,0.242,0.65,0.48,0.9096573208722741,0.33,0.25,0.25,0.6,0.4,0.37
3521408,SP,Iracemápolis,1,58.22,58.22,59.84,95.4,95.4,94.72,11.290356748406861,10.05470536427875,4.74970333672039,203.09035355739852,0.49628199926436295,0.41209857536677574,5.107142857142857,0.5714285714285714,0.022315202231520222,0.034919249236141425,2.5,0.6071428571428571,0.25,0.89,0.086,0.21,0.729,0.4,0.9929504814305364,0.33,0.5,0.25,0.2,0.2,0.3
3521804,SP,Itaí,1,61.7,66.54,66.54,100.0,100.0,100.0,9.9940135792355,10.185918361205209,6.329658514984647,47.37081781897083,0.09627974050018995,0.41482165842360136,5.68189233278956,0.6117455138662317,0.06494674495393984,0.10232782406043234,1.4877650897226753,0.4551386623164764,0.18107667210440456,0.96,0.411,0.313,0.63,0.45,0.6735278594586444,0.33,0.5,0.25,0.4,0.2,0.34
3522307,SP,Itapetininga,1,53.4,57.82,57.82,93.9,93.26,93.26,10.205553183855171,11.98337274578805,6.796767850792509,179.0592315006432,0.24644970505638233,0.5439268193684107,4.7784663051897756,0.721146398140976,0.1132780446611378,0.17702332345209462,1.2602633617350891,0.2594887683965918,0.12935708752904726,0.96,0.142,0.246,0.705,0.49,0.922977447366777,1.0,0.38,0.5,0.6,0.8,0.66
3522703,SP,Itápolis,1,59.55,59.55,53.27,93.24,93.24,95.09,10.370423982732394,10.663077689644787,6.904329417413946,42.93678057011993,0.1913363292242659,0.48880521269100796,4.3861892583120206,0.5588235294117647,0.10991432369885272,0.0792502862652926,1.6112531969309463,0.5856777493606138,0.24552429667519182,0.91,0.307,0.2,0.667,0.45,1.0,0.67,0.75,0.75,0.6,0.2,0.59
3524303,SP,Jaboticabal,1,65.01,64.79,65.16,90.19,98.45,98.51,10.486652442359842,11.245882271366,5.8711736819743185,216.48452631727764,0.2062510471051001,0.5813731926665368,11.119601328903654,0.46179401993355484,0.04000595991954108,0.05443003972686016,3.5016611295681064,0.8305647840531561,0.34219269102990035,0.91,0.129,0.213,0.71,0.52,0.9801209461489231,1.0,0.75,0.75,0.8,0.4,0.74
3525300,SP,Jaú,1,53.7,56.14,56.43,96.75,97.16,94.59,10.351948291105389,11.893681127013005,5.843124038829751,425.58054994110887,0.17633318381679156,0.6721792870178572,12.03003003003003,0.4444444444444444,0.050070828217962035,0.04827616291750884,2.204204204204204,0.5945945945945946,0.1831831831831832,0.9,0.058,0.179,0.693,0.45,0.9688939304896883,1.0,0.5,0.5,0.6,0.2,0.56
3526803,SP,Lençóis Paulista,1,63.55,63.55,64.15,97.57,97.57,96.79,10.559607612258997,11.115220171473505,6.005281156640397,166.06725742464127,0.3056676770292294,0.5219402442712878,9.300366300366301,0.6593406593406593,0.02271895391838847,0.06723270673439373,1.9926739926739927,0.31135531135531136,0.11355311355311355,0.93,0.108,0.209,0.717,0.43,0.9775842822058495,1.0,0.88,0.5,0.8,0.8,0.8
3527108,SP,Lins,1,65.0,59.61,59.61,98.02,97.0,97.0,10.675515227199446,11.251846374312981,6.346968806062375,135.1814799213704,0.3894131048878295,0.4941126116931262,15.554744525547445,0.5255474452554745,0.056601886729557654,0.10987082280258355,2.372262773722628,0.45985401459854014,0.19708029197080293,0.88,0.154,0.175,0.733,0.45,1.0,0.67,0.5,0.5,0.6,0.4,0.53
3527603,SP,Luís Antônio,1,57.9,58.78,58.78,95.59,94.82,94.82,11.51106373302228,9.548382803766913,5.701362883137434,47.006956667504824,0.6081711892331818,0.2449276455525339,50.50909090909091,0.38181818181818183,0.004481349677079215,0.2559718380688962,5.381818181818182,0.6181818181818182,0.05454545454545454,0.89,0.156,0.308,0.671,0.42,0.9200484986805506,0.0,0.63,0.75,0.6,0.6,0.52
3528007,SP,Macatuba,1,66.76,66.76,66.82,98.35,98.35,97.45,10.46201703637113,9.747535250762242,4.728979471714378,152.53164556962025,0.13463992328833319,0.6440269094862734,7.063291139240507,0.5949367088607594,0.032344095783918746,0.04590836156177572,1.6455696202531647,0.5569620253164557,0.08860759493670886,0.91,0.347,0.191,0.697,0.55,0.9703114955291917,0.0,0.75,0.25,0.6,0.2,0.36
3528809,SP,Maracaí,1,53.2,53.88,53.26,74.77,77.08,86.84,10.324530690607611,9.54552606707193,5.58556184326877,52.64921860289964,0.170840973389747,0.4780779057187409,9.59447004608295,0.6589861751152074,0.09268702869852981,0.03633967237808322,2.3686635944700463,0.5622119815668203,0.2995391705069124,0.92,0.165,0.255,0.758,0.42,0.9220370502825262,0.67,0.5,0.75,0.6,0.6,0.62
3528858,SP,Marapoama,1,63.04,61.64,61.64,64.33,87.28,87.28,10.925686649970942,7.989560449333865,4.7410987032123355,25.968650933427263,0.3734882948696663,0.31126016935082185,6.831081081081081,0.777027027027027,0.1734820322180917,0.08893976752377597,1.3986486486486487,0.6081081081081081,0.23648648648648649,0.89,0.001,0.186,0.679,0.4,0.9891488640217023,0.0,0.25,0.0,0.2,0.0,0.09
3529203,SP,Martinópolis,1,55.9,62.45,62.45,86.79,88.54,88.54,9.869620483024551,10.170609711022548,6.443550802100738,41.62132449592518,0.15704737927264978,0.5061337070044338,4.915921288014311,0.6547406082289803,0.07537911697338283,0.11296374485170523,0.7227191413237924,0.5080500894454383,0.12701252236135957,0.94,0.229,0.275,0.641,0.45,1.0,0.33,0.38,0.5,0.6,0.2,0.4
3529500,SP,Mendonça,1,69.0,67.52,67.52,96.89,96.93,96.93,10.820098233221204,8.57602797713713,5.281018601969707,27.11049752006954,0.4518414064948131,0.3199412860983293,2.5473684210526315,0.7017543859649122,0.2345620293301625,0.11965025310630464,0.5473684210526316,0.4,0.07017543859649122,0.83,0.271,0.208,0.663,0.36,,0.0,0.25,0.25,0.4,0.2,0.22
3529609,SP,Meridiano,1,60.2,68.99,68.99,87.9,85.1,85.1,11.10695522930662,8.266935347610456,5.432804552256789,17.08591246323368,0.4369958287186146,0.34944135382056274,9.31219512195122,0.7268292682926829,0.151184765227504,0.14618727775582774,1.1414634146341462,0.4878048780487805,0.1073170731707317,0.94,0.004,0.291,0.667,0.4,0.9689105858170607,0.0,0.38,0.75,0.4,0.2,0.35
3530102,SP,Mirandópolis,1,60.4,63.35,60.96,90.53,99.04,91.4,9.939337205429826,10.28588872104574,6.823014050527046,31.942250068101334,0.1666125469681669,0.4852306748072209,3.0029615004935835,0.702862783810464,0.25947453692104694,0.0962135657858894,0.633761105626851,0.22309970384995065,0.22309970384995065,0.92,0.296,0.239,0.665,0.45,0.9876513730172267,0.67,0.38,0.25,0.2,0.4,0.38
3530201,SP,Mirante do Paranapanema,1,59.4,62.67,60.66,99.19,99.56,97.38,9.972267067930954,9.805378459425809,6.431298875295688,29.242878802542016,0.2370283051346952,0.3448560781537902,3.6051502145922747,0.8736289938006676,0.37466492681495867,0.058227684764024644,0.36671435383881734,0.6051502145922747,0.15450643776824036,0.96,0.36,0.404,0.674,0.5,0.5766685052399338,0.0,0.5,0.25,0.2,0.2,0.23
3530508,SP,Mococa,1,63.9,65.47,67.18,89.08,94.51,93.65,10.372865986387945,11.141789317185655,6.059648758384049,161.49335830066124,0.2466297981570465,0.5451216145008946,8.590308370044053,0.5903083700440529,0.07533949484501686,0.1556556849435309,1.526431718061674,0.45594713656387664,0.18722466960352424,0.94,0.227,0.211,0.709,0.53,0.9600255094645911,1.0,0.25,0.0,0.6,0.2,0.41
3531407,SP,Monte Aprazível,1,59.2,61.01,61.01,91.32,91.33,91.33,10.344641503052799,10.102092479403183,6.208630266735655,49.177452522075725,0.33202717448695834,0.42004716815093807,2.4763636363636365,0.6690909090909091,0.27952814693146183,0.08648844804644974,0.7224242424242424,0.20727272727272728,0.1321212121212121,0.81,0.11,0.163,0.72,0.5,0.9221088017054073,0.0,0.5,0.0,0.4,0.2,0.22
3531902,SP,Morro Agudo,2,55.55,50.99,55.235,98.18,97.925,97.34,10.691626680451641,10.380373692872555,6.545227526439597,46.36538281660347,0.3166006224750317,0.3649049577476316,36.14903846153846,0.30288461538461536,0.010573450058158348,0.09742198686170252,5.009615384615385,0.5913461538461539,0.2932692307692308,0.88,0.331,0.237,0.604,0.45,0.9496275605214153,1.0,0.63,0.5,0.4,0.2,0.55
3532900,SP,Nova Europa,1,55.9,56.92,59.47,98.34,98.11,97.01,10.326596095816887,9.283219017388756,4.3931520174573,134.6141811127104,0.44054621295857677,0.33121480077898835,24.44736842105263,0.631578947368421,0.05203230504435324,0.06821453157268915,4.355263157894737,0.8026315789473685,0.21052631578947367,0.95,0.252,0.192,0.718,0.39,0.9070199907019991,0.0,0.25,0.75,0.4,0.2,0.32
3533205,SP,Nova Independência,1,62.8,58.62,61.32,98.1,97.52,98.03,10.57380101668713,8.228443883004033,5.580823567255753,14.170040485829958,0.3705176316416488,0.307987848463188,17.393700787401574,0.5511811023622047,0.046627250739048644,0.10329562223315297,0.6456692913385826,0.6535433070866141,0.12598425196850394,0.91,0.061,0.201,0.711,0.36,1.0,0.33,0.25,0.25,0.2,0.2,0.25
3533502,SP,Novo Horizonte,2,65.25,63.415000000000006,63.415000000000006,97.475,95.16499999999999,95.16499999999999,10.397573852297821,10.602268831713166,6.8193829763531655,43.98963277268651,0.21675475687103593,0.5156146179401994,8.750373692077728,0.6741405082212257,0.10264099835542227,0.14577546422869142,1.4349775784753362,0.4678624813153961,0.11808669656203288,0.86,0.159,0.198,0.665,0.45,0.9453573648228714,0.0,0.75,0.75,0.4,0.2,0.42
3533908,SP,Olímpia,1,60.0,66.74,66.74,95.24,95.53,95.53,10.514583760207204,10.89744278176676,5.997955932403287,134.5526076617572,0.2570575602180059,0.545523786622486,8.16198347107438,0.540495867768595,0.10546846358023786,0.11727941634192801,1.5933884297520662,0.45950413223140496,0.2049586776859504,0.9,0.131,0.2,0.724,0.43,0.9444269667079964,0.67,0.88,0.5,0.8,0.4,0.65
3534203,SP,Orindiúva,1,56.2,60.46,63.49,96.97,95.25,95.91,11.203965277225027,8.814627555310697,4.829592918800682,54.21230670103093,0.502450630608131,0.30582264480796334,18.945454545454545,0.5181818181818182,0.06519322845417237,0.13692010309278352,2.7,0.6,0.3,0.95,0.0,0.2,0.762,0.38,0.8701530233249146,0.0,0.13,0.25,0.2,0.0,0.12
3534757,SP,Ouroeste,1,55.3,61.02,64.72,97.83,93.71,98.04,10.764244432607487,9.200087995511831,5.664625759455007,34.42674272992904,0.40154401074734536,0.3522355030456946,11.627705627705629,0.5411255411255411,0.10686119873817035,0.12870460553777655,1.1428571428571428,0.4155844155844156,0.2597402597402597,0.92,0.109,0.265,0.736,0.43,1.0,0.33,0.38,0.75,0.2,0.2,0.37
3535002,SP,Palestina,1,67.3,61.17,61.17,98.37,97.54,97.54,10.326727088743457,9.436918020024674,5.8545703637782704,36.05836268238338,0.17925378737022657,0.30684206344204756,4.311526479750778,0.6214953271028038,0.13335397956023537,0.1073815855674549,0.7866043613707165,0.2881619937694704,0.14174454828660435,0.83,0.403,0.266,0.645,0.4,0.8303300908945942,0.0,0.25,0.25,0.2,0.0,0.14
3535507,SP,Paraguaçu Paulista,1,65.0,62.55,67.86,96.84,97.6,99.0,10.21456871841614,10.720090537022992,6.216496314619429,90.51995719529148,0.1495080047655782,0.5523550729473358,10.730831973898859,0.6443719412724307,0.09304523970290345,0.09261018712058326,1.2202283849918434,0.17781402936378465,0.08809135399673736,0.88,0.254,0.234,0.739,0.45,0.9406474422715722,0.33,0.75,0.25,0.6,0.4,0.47
3535705,SP,Paraíso,1,61.1,63.9,65.58,98.03,99.08,95.58,10.592651811785132,8.759354748566208,5.051393286568423,41.02679721721206,0.377963874644847,0.34208168732882266,15.592592592592593,0.654320987654321,0.08559670781893004,0.10306622004637979,1.7654320987654322,0.6666666666666666,0.19753086419753085,0.76,0.27,0.201,0.668,0.45,0.8795729313864029,0.0,0.5,0.0,0.2,0.2,0.18
3536000,SP,Parapuã,1,48.64,48.64,55.95,92.46,92.46,95.17,10.401319118006661,9.312355297382913,5.911203065505174,30.077414097514602,0.15271036781474767,0.40728612361850186,4.188118811881188,0.6198019801980198,0.14426144131241456,0.06872198831997828,0.7663366336633664,0.5762376237623762,0.21584158415841584,0.81,0.126,0.267,0.696,0.42,0.9177278063758693,0.33,0.5,0.5,0.2,0.2,0.35
3536307,SP,Patrocínio Paulista,1,55.7,54.14,54.14,94.63,92.14,92.14,11.128453451741024,9.571644584298577,5.7120812774708964,47.598673300165835,0.42773519665430104,0.30381475374062733,5.328,0.5333333333333333,0.08500903352964641,0.23731343283582088,1.1866666666666668,0.504,0.12266666666666666,0.95,0.193,0.243,0.678,0.42,1.0,1.0,0.63,0.5,0.6,0.6,0.67
3536406,SP,Paulicéia,1,67.0,58.83,56.38,97.05,95.53,97.31,9.960576519520256,8.87458787627932,5.928924028633084,19.07138092061374,0.11284084450420727,0.41576444820272535,4.853658536585366,0.7154471544715447,0.09025046574208238,0.1601067378252168,0.3780487804878049,0.17479674796747968,0.07317073170731707,0.62,0.078,0.284,0.64,0.44,,0.0,0.38,0.75,0.2,0.2,0.31
3537404,SP,Pereira Barreto,1,61.1,62.48,62.07,95.97,96.9,98.53,10.26049744037489,10.157780872842554,6.8967145538651575,26.102710471447946,0.055562272284240016,0.6387803017751568,6.1008968609865475,0.7443946188340808,0.10033369067930967,0.06184085342401976,0.8968609865470852,0.35650224215246634,0.2533632286995516,0.94,0.067,0.329,0.732,0.48,0.930825901512214,0.67,0.63,0.25,0.4,0.4,0.47
3538709,SP,Piracicaba,1,60.7,62.42,59.55,91.6,95.58,93.44,10.997087299380693,12.892504830889733,6.5350235404906085,577.6288434978557,0.34466100395667354,0.5584839558782969,5.154848046309696,0.516642547033285,0.04159765575232514,0.10198444428291052,1.5484804630969609,0.5643994211287988,0.14037626628075253,0.94,0.284,0.188,0.717,0.52,1.0,1.0,1.0,1.0,1.0,0.8,0.96
3539301,SP,Pirassununga,3,64.43333333333334,60.03333333333333,60.56,95.89999999999999,92.65666666666665,93.47333333333331,10.455992403293607,11.23155675457504,5.898375648431052,207.6627825393113,0.21972145572321652,0.5987136494010009,4.982728842832469,0.7063903281519862,0.12919144404011715,0.10868219400459492,1.8911917098445596,0.5181347150259067,0.1692573402417962,0.8,0.169,0.176,0.736,0.51,0.9163155523756525,1.0,0.75,0.5,0.6,0.2,0.61
3539509,SP,Pitangueiras,3,63.43333333333334,62.74666666666667,62.74666666666667,96.53000000000002,95.2,95.2,10.156112233172507,10.568492427149794,5.376018874211889,180.74456218627992,0.22537341756184137,0.49249215979430633,19.936936936936938,0.6801801801801802,0.08134255925357713,0.07087748652165829,2.774774774774775,0.6846846846846847,0.2702702702702703,0.81,0.21,0.246,0.651,0.41,1.0,1.0,0.75,0.5,0.2,0.4,0.57
3539608,SP,Planalto,1,58.6,60.99,60.99,92.53,93.44,93.44,10.771113112429003,8.53070154144103,5.674250672050163,17.45616150480587,0.4250375849285552,0.2744569702755633,3.4152542372881354,0.5677966101694916,0.03988761968134265,0.15571709098425607,1.076271186440678,0.6186440677966102,0.11016949152542373,0.96,0.031,0.252,0.639,0.37,0.8675745016775213,0.67,0.38,0.25,0.2,0.0,0.3
3540200,SP,Pontal,3,60.13333333333333,60.53,60.53,94.39,97.70666666666666,97.70666666666666,10.151011472575716,10.771407032484863,5.878771659638691,133.67567415887981,0.39653809603365797,0.3893909916124593,91.7,0.44,0.01435738684884714,0.06790695064118753,7.76,0.82,0.3,0.8,0.181,0.235,0.633,0.44,0.9827868508333684,0.0,0.5,0.25,0.6,0.2,0.31
3540309,SP,Pontes Gestal,1,56.0,61.63,61.63,99.29,81.65,81.65,11.055909134477105,7.861341795599989,4.698022803002708,23.857261105490664,0.3550304699783007,0.26339964397552007,6.620689655172414,0.8448275862068966,0.07978551014996611,0.11910236365308562,1.2844827586206897,0.1896551724137931,0.14655172413793102,0.85,0.074,0.187,0.69,0.38,1.0,0.0,0.63,0.25,0.0,0.0,0.18
3540903,SP,Pradópolis,1,60.6,63.44,63.44,98.5,98.14,98.14,10.745808764210109,9.929009089766206,4.440236578795364,244.83561071662987,0.4855966479118597,0.3527444372466099,20.264840182648403,0.7077625570776256,0.106865486175831,0.06145951429082881,1.5205479452054795,0.7808219178082192,0.1278538812785388,0.99,0.352,0.214,0.65,0.45,1.0,0.0,0.88,0.5,0.8,0.2,0.48
3541406,SP,Presidente Prudente,1,59.0,61.33,62.48,90.68,61.64,90.73,10.450336475478775,12.325063839957634,6.333297389971291,400.8309460685753,0.15106889402946325,0.7301729197372089,7.322701688555347,0.7317073170731707,0.2882150241212957,0.11174178395402216,0.8574108818011257,0.3602251407129456,0.14071294559099437,0.93,0.135,0.19,0.774,0.54,1.0,1.0,0.88,0.75,0.8,0.2,0.73
3541604,SP,Promissão,1,50.6,49.94,49.94,87.67,85.29,85.29,10.71225988664308,10.58423315037833,6.675091554283768,49.917869146597255,0.49562660041071926,0.3559659725086463,4.044423440453686,0.8572778827977315,0.3437154667867229,0.1166258118318971,0.7485822306238186,0.6474480151228733,0.16162570888468808,0.98,0.045,0.268,0.666,0.43,0.8870045056447122,0.0,0.38,0.25,0.6,0.2,0.29
3541703,SP,Quatá,1,59.0,59.0,59.14,99.04,99.04,98.06,10.44543386495991,9.539212371252827,5.792327397385465,42.51549231122332,0.2792574142460988,0.41531161918118853,10.390243902439025,0.5772357723577236,0.07136102284763202,0.12026623823731926,1.2886178861788617,0.27235772357723576,0.11382113821138211,0.76,0.328,0.275,0.7,0.41,0.9091628877852156,0.0,0.13,0.5,0.2,0.2,0.21
3541802,SP,Queiroz,1,62.36,62.36,53.02,93.9,93.9,86.89,11.732069026983156,8.091933455979893,5.467342584174642,13.85319933850655,0.43166022347582544,0.20905879952623338,6.393939393939394,0.42424242424242425,0.030733684990627317,0.11364118220752237,1.2121212121212122,0.3787878787878788,0.19696969696969696,0.77,0.143,0.289,0.681,0.42,1.0,0.0,0.5,0.5,0.2,0.0,0.24
3542107,SP,Rafard,1,60.5,62.93,59.27,91.34,95.08,88.69,10.503394908626325,9.111072370317514,4.808355897961355,74.50012342631449,0.4670213491576291,0.3296944273924016,4.101449275362318,0.4057971014492754,0.04702072538860104,0.0650045256315313,1.710144927536232,0.7971014492753623,0.43478260869565216,0.94,0.161,0.176,0.696,0.4,0.8814888447095206,0.33,0.25,0.5,0.4,0.2,0.34
3545506,SP,Sandovalina,1,48.8,64.75,64.75,97.06,96.7,96.7,11.451294712173727,8.336869637284956,5.429740287908455,18.38037782377031,0.5818263803585589,0.10973934766947066,10.03448275862069,0.7279693486590039,0.09060122823422376,0.05614514069311727,0.8237547892720306,0.5440613026819924,0.20689655172413793,0.97,0.239,0.358,0.659,0.43,0.7326305701964543,0.0,0.25,0.5,0.4,0.2,0.27
3545704,SP,Santa Albertina,1,69.2,64.59,64.59,95.13,94.45,94.45,10.45855013319517,8.699514748210191,5.603446352603538,22.18893327415298,0.3793004085581089,0.34265881796009096,5.564885496183206,0.6590330788804071,0.28806003089825644,0.05807072052078709,0.5877862595419847,0.3104325699745547,0.17557251908396945,0.83,0.112,0.238,0.665,0.42,1.0,0.33,0.5,0.25,0.2,0.0,0.26
3547502,SP,Santa Rita do Passa Quatro,1,53.52,53.52,55.38,62.59,62.59,58.9,10.074073853111662,10.225244911570808,5.932019697836157,73.39425136001489,0.13607589061948874,0.5802878132504805,3.930783242258652,0.663023679417122,0.12011412268188303,0.1788968250801378,1.138433515482696,0.48633879781420764,0.13296903460837886,0.84,0.155,0.213,0.686,0.48,0.8951069227981152,0.67,0.63,0.75,0.6,0.6,0.65
3549102,SP,São João da Boa Vista,1,63.0,59.02,60.1,100.0,90.38,93.2,10.4052623407817,11.408564449645485,6.248970877049701,174.42882589838908,0.22124090164675958,0.6201879851663941,8.121993127147766,0.6632302405498282,0.1896767379158907,0.12546468401486988,1.5051546391752577,0.3436426116838488,0.17525773195876287,0.95,0.092,0.182,0.749,0.51,1.0,1.0,0.75,0.25,0.4,0.6,0.6
3549409,SP,São Joaquim da Barra,1,62.9,64.15,64.15,99.36,100.0,100.0,10.41900216578825,10.838050329197731,5.326977707041248,248.61948587749922,0.36068491984019657,0.4695574693658446,47.83216783216783,0.5104895104895105,0.02975889926786165,0.09008129287405707,4.258741258741258,0.36363636363636365,0.17482517482517482,0.83,0.089,0.213,0.706,0.42,1.0,0.33,0.5,0.25,0.4,0.0,0.3
3550100,SP,São Manuel,1,61.5,61.02,61.02,99.55,98.32,98.32,10.242421043498677,10.61381136646669,5.784655606662756,125.48801924322325,0.1933744522952368,0.5470728236450234,18.518796992481203,0.40601503759398494,0.017707499894723543,0.08958583896135937,2.7593984962406015,0.46616541353383456,0.19548872180451127,0.91,0.142,0.214,0.695,0.45,0.9798731937481568,0.0,1.0,0.25,0.4,0.4,0.41
3551504,SP,Serrana,1,65.5,63.82,64.38,96.35,94.96,96.11,9.967822928041022,10.687183595798688,4.158023338885283,695.6867106203829,0.14264648788810252,0.6173488105372261,103.73684210526316,0.47368421052631576,0.008608172578303257,0.08658352529986496,6.894736842105263,0.3684210526315789,0.2631578947368421,0.95,0.161,0.177,0.65,0.37,1.0,0.0,0.13,0.0,0.2,0.2,0.11
3551702,SP,Sertãozinho,3,57.336666666666666,55.60999999999999,56.85,96.45,95.8,94.46999999999998,10.713572967563955,11.717041128799853,6.000399511165561,304.63498844978767,0.3594892620285905,0.5125697181561955,43.30935251798561,0.5323741007194245,0.03218256290228204,0.05067189945105442,3.8345323741007196,0.7985611510791367,0.3237410071942446,0.71,0.128,0.2,0.672,0.46,0.9947571406439829,1.0,0.88,0.5,1.0,0.4,0.76
3551900,SP,Severínia,1,59.4,61.8,61.8,96.1,94.69,94.69,9.520541965857834,9.747768977536708,4.9578672285576,121.13383820511007,0.051625498838120516,0.5246531348097281,4.855670103092783,0.5670103092783505,0.09290310885525242,0.060867718876070495,1.5051546391752577,0.5670103092783505,0.26804123711340205,0.84,0.356,0.171,0.638,0.41,1.0,0.0,0.25,0.5,0.4,0.2,0.27
3552551,SP,Suzanápolis,1,66.4,62.05,62.05,100.0,99.8,99.8,11.242021843757266,8.252446090246952,5.795480076344844,11.70190049113816,0.5222352153131776,0.26284518416760333,6.957446808510638,0.6631205673758865,0.11434540883175749,0.08511027729477441,0.5035460992907801,0.41134751773049644,0.11347517730496454,0.93,0.042,0.296,0.631,0.41,0.6595411887382691,0.0,0.38,0.75,0.4,0.0,0.31
3553401,SP,Tanabi,1,64.8,68.01,68.01,95.0,95.76,95.76,10.47494720983897,10.155179687254753,5.926819353614451,68.78543159696224,0.3014902143146936,0.4243362128484423,3.194915254237288,0.8060263653483992,0.27294009034257644,0.09359289763611083,0.6073446327683616,0.24199623352165725,0.09416195856873823,0.84,0.133,0.231,0.687,0.42,1.0,0.0,0.63,0.25,0.6,0.2,0.34
3553955,SP,Tarumã,1,48.0,49.96,49.03,76.61,72.81,76.44,11.081804030048279,9.58520880610688,5.027066230554002,96.0293098326567,0.39334523457684645,0.446847203287222,43.8125,0.5125,0.04772280611808938,0.03465689672244776,4.3375,0.675,0.325,0.83,0.086,0.293,0.68,0.54,0.9941568708324741,0.67,0.63,0.5,0.6,0.2,0.52
3555356,SP,Ubarana,1,59.2,63.05,63.05,98.26,99.47,99.47,10.937312400199797,8.71292443512011,5.367190230834412,28.50980024383382,0.5604684110193479,0.1990685634028647,19.017543859649123,0.631578947368421,0.0335032039961653,0.08768639219731783,1.8421052631578947,0.5087719298245614,0.21052631578947367,0.91,0.108,0.231,0.604,0.35,0.9861842105263158,0.0,0.5,0.0,0.2,0.4,0.22
3556305,SP,Valparaíso,2,61.25,63.335,63.07,96.905,96.705,89.77,10.51303570921976,10.151635862839903,6.755419617678439,29.884575026232948,0.3543103755259672,0.3547836455345481,8.836158192090396,0.4971751412429379,0.03194044490273254,0.1204383817185496,1.8926553672316384,0.4858757062146893,0.192090395480226,0.89,0.248,0.231,0.643,0.45,1.0,1.0,0.5,0.25,0.2,0.4,0.47
3556909,SP,Vista Alegre do Alto,1,63.5,64.1,64.1,94.23,98.32,98.32,10.7268293147539,9.028338763993148,4.569439376032292,87.28662687192377,0.4621943056899258,0.3461451900003215,39.32432432432432,0.5945945945945946,0.12431710574238193,0.08273117603937585,4.2342342342342345,0.5945945945945946,0.2882882882882883,0.91,0.192,0.188,0.676,0.35,0.9042591481703659,0.0,0.5,0.5,0.2,0.4,0.32
4102109,PR,Astorga,1,46.22,46.22,51.42,90.01,90.01,91.16,10.22317688362289,10.173400179376332,6.075874626989435,60.32747622227851,0.1452285146957515,0.48856563521997476,2.852482269503546,0.6425531914893617,0.132111313958652,0.07553600626396148,0.8453900709219858,0.624113475177305,0.3049645390070922,0.81,0.166,0.229,0.675,0.5,0.999885478699038,0.33,0.25,0.75,0.8,0.6,0.55
4105607,PR,Cidade Gaúcha,1,63.63,63.63,62.69,95.26,95.26,95.48,10.361513484709917,9.41954725755152,5.996302823748231,30.742754526861876,0.34235024110987905,0.3947239485288429,4.5120481927710845,0.42168674698795183,0.06499172988079621,0.06858881628173792,0.9216867469879518,0.37349397590361444,0.25903614457831325,0.84,0.054,0.281,0.645,0.42,0.9998377413597274,0.33,0.88,0.25,0.2,0.4,0.41
4105904,PR,Colorado,1,61.1,65.08,65.08,98.14,95.01,95.01,10.167619484527648,10.083389517811316,6.004084578464084,59.248168679469416,0.2460578100745144,0.45255695726180045,4.587786259541985,0.5801526717557252,0.11232718894009217,0.043803207285686,0.5979643765903307,0.49363867684478374,0.17302798982188294,0.89,0.053,0.215,0.649,0.43,0.9890146610417275,1.0,0.5,1.0,0.6,0.8,0.78
4108007,PR,Florestópolis,1,62.6,66.67,66.67,93.6,96.18,96.18,10.09749061410392,9.313618721429684,5.511046879513374,44.99411549855931,0.29070450885668275,0.35088566827697265,3.023696682464455,0.7962085308056872,0.08203321590337191,0.11890751187045981,0.5450236966824644,0.3933649289099526,0.17061611374407584,0.78,0.4,0.211,0.625,0.34,0.9998196085505547,0.33,0.5,0.75,0.2,0.2,0.4
4111555,PR,Ivaté,1,61.08,60.71,62.87,97.57,97.83,98.09,10.046678392127044,9.002208578282412,6.023011662606112,19.717352241270458,0.24939511631498568,0.31873223243549337,3.6064030131826743,0.7250470809792844,0.09905501181235235,0.13112524889514837,0.3691148775894539,0.2222222222222222,0.05084745762711865,0.73,0.287,0.247,0.641,0.37,0.9357142857142857,0.67,0.63,0.5,0.2,0.2,0.44
4111803,PR,Jacarezinho,2,51.004999999999995,52.25,52.945,89.25999999999999,90.83500000000001,89.155,10.284933154800072,10.603213048456196,6.403441738831369,66.78000398062761,0.24840005179569435,0.5059446901379296,3.979038224414303,0.688039457459926,0.130583294822078,0.14313673455848205,0.42909987669543775,0.23057953144266338,0.09864364981504316,0.88,0.217,0.227,0.663,0.53,0.99987581650647,0.0,0.75,1.0,0.4,0.6,0.55
4112108,PR,Jandaia do Sul,1,65.23,65.23,68.1,52.15,52.15,36.82,10.33543229344867,9.96843224117651,5.242434609300363,113.4375166108542,0.1810664410695142,0.588185114473482,2.275053304904051,0.7292110874200426,0.3500934261933073,0.08504757348641896,0.5628997867803838,0.29850746268656714,0.12366737739872068,0.84,0.008,0.22,0.703,0.46,0.9998594255189541,0.0,0.38,0.5,0.2,0.6,0.34
4113007,PR,Jussara,2,59.2,58.22,59.44,92.47,92.88,95.08500000000001,10.324333762682596,8.857515151192198,5.450308573534157,30.306690247163868,0.048168015559319904,0.5236108496978062,7.484581497797357,0.5947136563876652,0.14761565055150086,0.11689600138032179,1.277533039647577,0.7180616740088106,0.43171806167400884,0.66,0.061,0.228,0.619,0.46,0.9208653572445203,0.33,0.5,0.75,0.6,0.6,0.56
4115200,PR,Maringá,1,66.54,66.54,61.72,94.15,94.15,95.43,10.635470756881272,12.915816338897384,6.186805153760103,838.0411712584228,0.20351016806344416,0.6638481712301371,3.1345565749235473,0.581039755351682,0.15096896598455076,0.04924890271796245,1.114678899082569,0.5397553516819572,0.2415902140672783,0.84,0.072,0.149,0.768,0.49,0.9998991868559332,1.0,0.75,0.75,0.8,0.4,0.74
4117107,PR,Nova Londrina,1,58.9,57.1,57.1,87.25,96.03,96.03,10.12145774507634,9.509481537516857,5.60558145372754,49.77485790211855,0.2200749698663523,0.4993774587069685,5.093333333333334,0.5166666666666667,0.1164842623228981,0.06791171477079795,0.4033333333333333,0.12666666666666668,0.22333333333333333,0.96,0.232,0.27,0.691,0.5,0.9998516980572445,0.33,0.38,0.75,0.2,0.2,0.37
4118105,PR,Paranacity,1,65.51,65.51,64.1,86.03,86.03,92.15,10.385296227231626,9.329544619454659,5.855988407545532,32.340950849793295,0.31624839670621707,0.36112574287185256,6.260162601626016,0.6219512195121951,0.08154028521139409,0.051963711529627934,1.0934959349593496,0.2926829268292683,0.13008130081300814,0.82,0.172,0.205,0.638,0.4,0.9998224589436308,0.67,0.5,0.25,0.4,0.2,0.4
4122602,PR,Rondon,1,57.79,57.79,60.51,92.32,92.32,93.55,10.169077378513093,9.167641617443067,6.320696349216558,17.264307337465763,0.23346642624076935,0.3349647947793234,2.498031496062992,0.6338582677165354,0.11577920014526306,0.09063716303877756,0.5708661417322834,0.34448818897637795,0.14763779527559054,0.8,0.061,0.2,0.61,0.41,0.9828827888529381,0.67,0.38,0.75,0.2,0.4,0.48
4124509,PR,Santo Inácio,1,65.1,67.28,67.28,97.02,94.35,94.35,10.966161734398609,8.613775289262481,5.734861156893465,17.849385677699612,0.4159599663839866,0.3150389987428722,4.795555555555556,0.6533333333333333,0.11301733934528392,0.038901676013874925,0.72,0.5822222222222222,0.16,0.91,0.08,0.308,0.641,0.53,0.9998183799491464,0.33,0.13,0.0,0.4,0.4,0.25
4124608,PR,São Carlos do Ivaí,1,52.48,51.63,51.63,16.01,68.71,68.71,10.680631153000125,8.830543010616596,5.456645024927341,29.312931293129314,0.47522157996146436,0.27185613359023764,5.243421052631579,0.5263157894736842,0.049377018920166126,0.03557498607003558,1.3026315789473684,0.6447368421052632,0.23026315789473684,0.57,0.271,0.203,0.547,0.4,0.9998537797923673,0.67,0.25,0.25,0.4,0.4,0.39
4126801,PR,Tapejara,1,60.13,60.13,62.35,95.6,95.6,95.42,10.321177630266861,9.678028823264478,6.384435257634458,26.983348829346635,0.2920409385988336,0.3594312039008803,5.2387543252595155,0.5813148788927336,0.06908184493131173,0.08350942439354239,1.2249134948096885,0.2629757785467128,0.2179930795847751,0.9,0.002,0.211,0.612,0.39,0.9848389926074427,1.0,0.38,0.25,0.0,0.6,0.45
4127304,PR,Terra Rica,1,65.23,65.23,62.72,94.73,94.73,98.48,10.025616685769192,9.715892113239466,6.557800560801541,23.557664980389927,0.19999828521454824,0.3534658671955827,2.411526794742164,0.7158746208291203,0.2205294874399079,0.04660944693912351,0.358948432760364,0.24266936299292213,0.14560161779575329,0.78,0.241,0.246,0.613,0.39,1.0,0.67,0.25,0.5,0.6,0.4,0.48
5000856,MS,Angélica,1,66.4,63.49,63.49,98.99,97.31,97.31,11.142021191163188,9.255218130754269,7.155685097037617,8.167951451533542,0.3538545537447742,0.15558198395999145,13.30800821355236,0.5708418891170431,0.05341321645567239,0.10411053054976298,0.9958932238193019,0.38193018480492813,0.13141683778234087,0.93,0.326,0.287,0.582,0.42,0.8315165423599159,1.0,0.5,0.75,0.2,0.4,0.57
5001003,MS,Aparecida do Taboado,1,67.1,66.45,66.45,85.28,94.07,94.07,10.629561643296354,10.129546848931234,7.221788344248897,18.32835624499702,0.2947695787990425,0.284955774748315,3.7016348773841963,0.41825613079019075,0.06805728595893978,0.1776400194453684,0.952316076294278,0.26430517711171664,0.1444141689373297,0.94,0.138,0.281,0.588,0.46,0.893626356094448,1.0,0.75,0.5,0.6,0.4,0.65
5002001,MS,Batayporã,1,60.0,63.02,63.02,100.0,96.96,96.96,10.314106025885087,9.328034514792826,6.817354528185413,12.325697347586198,0.1847870441213976,0.24295141545524102,2.991869918699187,0.573170731707317,0.047208939675309126,0.22803855067858178,0.6890243902439024,0.2703252032520325,0.14634146341463414,0.95,0.192,0.282,0.559,0.56,0.7535561877667141,1.0,0.5,0.5,0.6,0.4,0.6
5002407,MS,Caarapó,1,50.6,55.22,61.22,77.51,92.31,94.68,10.606857304116247,10.285103858612302,6.957402218871551,27.899799980950565,0.26796776338895406,0.3215469313944539,4.474725274725275,0.5901098901098901,0.054331288343558284,0.08210305743404134,1.213186813186813,0.37252747252747254,0.20659340659340658,0.82,0.49,0.362,0.592,0.5,0.7057899767854704,0.67,0.25,0.5,0.6,0.2,0.44
5003256,MS,Costa Rica,1,62.3,62.06,62.34,97.3,98.66,93.3,11.205421565037945,9.911455722185305,8.33207492748009,4.852877807815544,0.29428789586590554,0.2399265534668945,6.889830508474576,0.5,0.052727467308103924,0.26533270101564027,1.352542372881356,0.488135593220339,0.288135593220339,0.93,0.164,0.268,0.606,0.47,1.0,1.0,0.88,0.5,0.4,0.4,0.64
5003801,MS,Fátima do Sul,1,62.6,63.28,63.28,93.16,86.3,86.3,10.108100467230903,9.861727618287896,5.762208603124813,60.49834410976187,0.21620769148704247,0.4281410461572715,2.782258064516129,0.7967741935483871,0.49270346117867164,0.04825737265415549,0.7032258064516129,0.5403225806451613,0.27419354838709675,0.8,0.143,0.297,0.621,0.52,0.8818622595276576,0.67,0.13,1.0,0.2,0.4,0.48
5004700,MS,Ivinhema,1,68.1,64.04,66.21,95.74,94.75,93.67,10.766651731683705,10.044205559475007,7.601762089953964,11.50635771122396,0.2566746030815183,0.2589704945207461,2.734600760456274,0.752851711026616,0.10929326655537006,0.12470510616178175,0.29277566539923955,0.17946768060836502,0.1505703422053232,0.9,0.249,0.243,0.615,0.48,0.7648668606924113,0.67,0.63,0.5,0.2,0.4,0.48
5005707,MS,Naviraí,1,52.51,52.51,53.52,91.9,91.9,84.63,10.23444460846923,10.881606887033216,8.06968659550806,16.64674032111671,0.17913577506474287,0.4051683314835368,5.48868778280543,0.4276018099547511,0.019839416383087564,0.23811461300115802,1.3687782805429864,0.5090497737556561,0.2737556561085973,0.91,0.152,0.271,0.597,0.47,0.9169737534782282,1.0,0.75,0.75,0.2,0.4,0.62
5006002,MS,Nova Alvorada do Sul,1,60.1,64.68,62.83,99.43,97.16,89.47,11.142687529513884,9.941409345534685,7.607649645999325,10.321285539666292,0.3123659708255591,0.2271650633647532,4.773012552301255,0.6443514644351465,0.03943411005674446,0.16153716199429577,0.6464435146443515,0.26569037656903766,0.04602510460251046,0.95,0.249,0.248,0.554,0.58,0.7448488349701521,1.0,0.25,0.5,0.2,0.0,0.39
5006200,MS,Nova Andradina,1,54.4,57.42,60.81,94.34,97.55,99.59,10.54970034590686,10.870965573179436,7.776901991047475,22.075402443500604,0.2279697469231143,0.40693190459027395,3.417098445595855,0.7683937823834197,0.11275456180477743,0.18732106339468302,0.49119170984455957,0.1621761658031088,0.18082901554404146,0.94,0.126,0.274,0.616,0.48,0.8456057007125891,1.0,0.88,0.25,0.4,0.4,0.59
5006606,MS,Ponta Porã,1,60.8,66.84,68.77,95.93,92.59,93.21,10.29184041103433,11.403032470911105,8.581556697239522,16.804591664478373,0.15164810558246758,0.3906624537165451,3.154008438818565,0.7721518987341772,0.08625525601021379,0.17682034737592378,0.6121659634317862,0.2049929676511955,0.18424753867791843,0.95,0.182,0.34,0.598,0.6,0.7928386463077061,1.0,0.75,0.75,0.8,0.4,0.74
5007208,MS,Rio Brilhante,3,62.166666666666664,52.99666666666667,59.919999999999995,97.54333333333334,92.87333333333333,83.58999999999999,10.959105349631383,10.495293905434398,7.598196301196351,18.13006152202428,0.25979706179049805,0.254404145616009,6.891107078039927,0.5898366606170599,0.03596833844109161,0.18817763888854053,1.0680580762250453,0.39201451905626133,0.23049001814882034,0.94,0.335,0.262,0.59,0.53,0.7958997343957503,1.0,0.75,0.5,0.4,0.4,0.61
5007935,MS,Sonora,1,64.7,70.94,70.94,98.96,100.0,100.0,10.470674605967869,9.819779803462643,7.618536069553422,9.04019502796646,0.2020662630328516,0.2495126738130067,4.251028806584362,0.5637860082304527,0.008780096723304109,0.29175554659929814,1.5843621399176955,0.6255144032921811,0.2551440329218107,0.95,0.129,0.261,0.557,0.5,0.8996357309846137,0.67,0.38,0.25,0.2,0.2,0.34
5008404,MS,Vicentina,1,46.22,51.14,51.14,94.44,96.07,96.07,10.476978068292311,8.706490361946617,5.738183901373533,19.51857835218094,0.2998513966199028,0.21908671888774148,3.1589242053789732,0.7506112469437652,0.3566455696202532,0.0284329563812601,0.5770171149144254,0.3154034229828851,0.2787286063569682,0.89,0.324,0.306,0.626,0.46,0.7104783976162887,0.67,0.38,0.5,0.2,0.4,0.43
5100607,MT,Alto Taquari,1,59.9,61.71,65.62,100.0,99.72,99.24,11.45715902306415,9.234740258799718,7.27061207583366,7.132961578357455,0.28125270437399286,0.21815959065499801,9.817610062893081,0.44654088050314467,0.03110288367936422,0.21741400555543952,1.7610062893081762,0.1949685534591195,0.1761006289308176,0.82,0.056,0.162,0.571,0.46,0.907183291040406,1.0,0.25,0.75,0.2,0.2,0.48
5101704,MT,Barra do Bugres,1,51.1,51.1,52.46,97.61,97.61,92.82,10.569083664008783,10.423619735622419,8.01496715167202,11.12231438290726,0.245407641883303,0.24105829864659406,5.30827067669173,0.693609022556391,0.040122135961584406,0.41599584781034804,0.849624060150376,0.20112781954887218,0.12406015037593984,0.97,0.182,0.293,0.595,0.51,0.9449827606705504,0.67,0.75,0.5,0.2,0.6,0.54
5102637,MT,Campo Novo do Parecis,1,48.55,48.55,52.29,93.76,93.76,83.18,11.379028291170213,10.4208517531417,8.458603871966034,7.1166005934919525,0.1430503681160757,0.3575080196783431,15.152416356877323,0.34944237918215615,0.005623541566468943,0.5068120064397483,3.7063197026022303,0.6171003717472119,0.39776951672862454,0.89,0.113,0.177,0.649,0.45,,1.0,0.25,0.75,0.8,0.4,0.64
5102686,MT,Campos de Júlio,1,63.47,63.47,63.55,35.08,35.08,68.91,12.156378072506321,8.781555458546402,8.824617595228787,0.957845670940592,0.16926447738263586,0.31969133539342515,19.10810810810811,0.1891891891891892,0.0031699371771534163,0.5537913008432631,5.072072072072072,0.7387387387387387,0.3783783783783784,0.91,0.083,0.188,0.625,0.62,0.7788697788697788,1.0,0.75,0.25,0.2,0.2,0.48
5105234,MT,Lambari D'Oeste,1,59.24,59.24,56.53,90.14,90.14,77.97,10.52607813963294,8.680671660408713,6.786654871928804,6.652390826548542,0.2564067345332368,0.16233035558631329,3.8702830188679247,0.6084905660377359,0.07485668287482732,0.23538185988959764,0.6014150943396226,0.16273584905660377,0.12971698113207547,0.97,0.27,0.318,0.467,0.48,,1.0,0.13,1.0,0.2,0.0,0.47
5105259,MT,Lucas do Rio Verde,1,69.72,70.58,67.56,32.05,44.34,63.18,11.010431701323773,11.027052582559815,7.511426229113731,33.654845663139696,0.22416920141316052,0.49870738593945496,8.115264797507788,0.3613707165109034,0.04221114440087919,0.23656596382575965,3.1869158878504673,0.7601246105919003,0.43302180685358255,0.98,0.134,0.175,0.71,0.46,0.8686661789807364,0.67,0.75,0.5,1.0,0.0,0.58
5105622,MT,Mirassol d'Oeste,1,64.29,64.29,50.22,91.13,91.13,66.56,10.124348500692786,10.194999780568262,6.290105105420188,49.735233459058726,0.22930930208469077,0.445954750949789,2.706460674157303,0.7928370786516854,0.4020022155664055,0.09113543040820496,0.2247191011235955,0.0877808988764045,0.13834269662921347,0.93,0.091,0.307,0.592,0.55,0.8062238493723849,1.0,0.25,0.5,0.0,0.2,0.39
5106232,MT,Nova Olímpia,1,57.06,57.86,57.86,77.6,91.31,91.31,10.464987279030074,9.876424632986438,7.217722189611761,14.287496880459194,0.35311114976838986,0.17927347236611796,4.137472283813747,0.7073170731707317,0.0879201634356766,0.15737165842129214,0.5986696230598669,0.1352549889135255,0.21507760532150777,0.99,0.12,0.416,0.561,0.56,1.0,0.67,0.38,0.5,0.0,0.2,0.35
5107305,MT,São José do Rio Claro,1,47.19,47.19,39.17,67.56,67.56,66.16,10.453226149800717,9.889844913494969,7.73317337059338,8.645673328702557,0.17381280676010727,0.28799081617163386,4.192090395480226,0.6242937853107344,0.11874131220461495,0.3997878900095756,1.7725988700564972,0.22598870056497175,0.3107344632768362,0.94,0.171,0.306,0.548,0.48,0.7737226277372263,0.33,0.13,0.0,0.2,0.2,0.17
5107909,MT,Sinop,1,46.13,46.13,50.93,29.81,29.81,51.76,10.631591561105106,11.81949062442351,8.282892631506018,34.35829485513147,0.10233204904991396,0.6781904606666995,3.5245726495726495,0.5950854700854701,0.13428806702230497,0.3241272233488932,1.0416666666666667,0.41346153846153844,0.1655982905982906,0.96,0.088,0.197,0.682,0.49,1.0,1.0,0.88,0.25,0.2,0.0,0.47
5107925,MT,Sorriso,1,70.34,70.32,68.67,83.97,89.84,70.91,11.116633157794398,11.353038363291034,8.450980736699934,18.215258214958986,0.11585620169890551,0.5382515890774284,5.948192771084337,0.4036144578313253,0.021195096112380154,0.2459251153107941,2.5240963855421685,0.7012048192771084,0.4469879518072289,0.97,0.038,0.252,0.635,0.54,1.0,1.0,0.5,1.0,0.6,0.4,0.7
5201306,GO,Anicuns,1,60.8,48.77,57.15,100.0,79.23,79.22,9.783069799056989,9.987231095968987,6.886541856982939,22.23494647293995,0.18149237499691045,0.3480340866336566,3.0031217481789803,0.700312174817898,0.21238122070537613,0.13179824337174467,0.26326742976066597,0.12174817898022892,0.17065556711758584,0.97,0.122,0.299,0.627,0.46,0.8553297158098041,1.0,0.75,0.25,0.4,0.4,0.56
5204250,GO,Cachoeira Dourada,1,58.4,57.88,57.88,98.7,98.48,98.48,11.588913810969567,9.030735122676456,5.570498670426761,31.94234702655172,0.729234893511338,0.0934438922719935,6.0,0.5163398692810458,0.05805530476410439,0.16974748150555313,1.522875816993464,0.5032679738562091,0.22875816993464052,0.93,0.183,0.31,0.602,0.47,0.6490724117295033,0.67,0.75,0.5,0.2,0.0,0.42
5204300,GO,Caçu,1,58.7,62.65,61.59,95.44,98.33,94.04,10.91942450453533,9.634823485920109,7.0288040873042785,13.556150681044267,0.5455347808300126,0.22013843644095618,3.627642276422764,0.6211382113821138,0.09157631719545167,0.1517717792281498,0.7105691056910569,0.5560975609756098,0.17886178861788618,0.98,0.158,0.213,0.599,0.53,0.8082030483417283,0.67,0.63,0.25,0.0,0.2,0.35
5205000,GO,Carmo do Rio Verde,1,63.7,67.02,67.02,86.86,96.81,96.81,10.039939675671627,9.196545660953994,6.05312392749471,23.235321835830742,0.367449087767026,0.27465739830865377,5.077961019490255,0.8050974512743628,0.267928147073958,0.18330034869475073,0.1424287856071964,0.022488755622188907,0.13943028485757122,0.97,0.199,0.285,0.649,0.44,0.7901034272966944,0.0,0.5,0.25,0.4,0.6,0.35
5205471,GO,Chapadão do Céu,2,54.685,56.519999999999996,62.78,58.2,59.4,68.145,11.601741878567323,9.117237753713859,7.689535853683698,4.170557966635536,0.25664225329118723,0.3156435711623581,19.00943396226415,0.4339622641509434,0.008677017329331406,0.24483143804134846,4.650943396226415,0.7641509433962265,0.5377358490566038,0.98,0.002,0.182,0.652,0.41,0.8396267837541164,0.67,0.5,0.75,0.6,0.0,0.5
5207402,GO,Edéia,1,64.2,59.88,65.29,96.43,85.23,85.28,10.987747334979836,9.411810747608898,7.289460339525963,8.355763844293541,0.3293751678918131,0.3040678423916996,5.111358574610245,0.534521158129176,0.06395339781630142,0.18848460834278374,1.1937639198218264,0.37639198218262804,0.2071269487750557,0.92,0.189,0.36,0.648,0.53,0.8466192461777451,0.0,0.63,0.0,0.2,0.2,0.21
5208608,GO,Goianésia,2,65.9,71.31,70.62,100.0,99.94,91.145,9.88659568486591,11.120001388356375,7.337249364889662,43.964753692656366,0.1873916246623351,0.4988258211135761,3.2756653992395437,0.6045627376425855,0.15674044947628893,0.23556151822231483,0.2956273764258555,0.15304182509505704,0.11977186311787072,0.93,0.262,0.303,0.636,0.47,0.8917297465448027,1.0,0.75,0.25,0.8,0.0,0.56
5209101,GO,Goiatuba,2,54.75,59.335,59.64,88.07,94.03,94.41,10.711569271188173,10.443279570094715,7.817963550139933,13.814094305591341,0.17425322675427107,0.3965689849264732,5.666206896551724,0.6110344827586207,0.07484697745806905,0.1376900283432105,1.4055172413793104,0.20689655172413793,0.24,0.9,0.365,0.323,0.627,0.5,0.9214851946840755,1.0,0.88,0.0,0.4,0.4,0.54
5210000,GO,Inhumas,1,64.14,64.14,61.35,95.72,95.72,90.88,9.970912528850917,10.864981069241113,6.422938474397197,85.08482295343278,0.20933971295620582,0.4776723008231518,4.443820224719101,0.6825842696629213,0.28091397849462363,0.13077210845627107,0.2743445692883895,0.09831460674157304,0.10955056179775281,0.92,0.105,0.281,0.618,0.45,0.9348511785284166,1.0,0.75,0.25,0.6,0.0,0.52
5210109,GO,Ipameri,1,51.23,51.23,50.63,100.0,100.0,100.0,10.834982118152556,10.19421498317387,8.38735781723568,6.092433146553688,0.27787568021127146,0.3790464431194188,3.1290863369656328,0.47359597652975693,0.09670219713719076,0.3799371327046604,0.9463537300922046,0.24559932942162616,0.21374685666387258,0.93,0.247,0.318,0.588,0.49,0.8626014132426066,0.0,0.63,0.75,0.2,0.6,0.44
5210901,GO,Itapaci,1,62.3,50.36,60.63,98.44,79.67,78.35,9.634103708365723,9.984698807960951,6.870146865375129,22.545707782016233,0.18017823054984028,0.3987932777560651,3.7879656160458453,0.6275071633237822,0.184562489661854,0.32273487927324884,0.2621776504297994,0.27363896848137537,0.11891117478510028,0.95,0.302,0.319,0.626,0.56,0.8664884053293993,1.0,0.63,0.75,0.2,0.2,0.56
5211503,GO,Itumbiara,2,61.599999999999994,63.825,64.005,89.425,94.07,94.655,10.609945747155745,11.537754653599523,7.115537446063647,83.34762936554073,0.3120046003202448,0.47893454643885924,4.817773788150808,0.5628366247755835,0.10039530493144168,0.13236364227668715,1.0179533213644525,0.42908438061041293,0.14631956912028726,0.96,0.11,0.242,0.682,0.49,0.9575663574375933,1.0,0.5,0.25,0.8,0.8,0.67
5211701,GO,Jandaia,1,64.3,67.46,67.46,87.16,88.4,88.4,10.492856298620898,8.741136422901011,6.75709516669626,7.279372395651466,0.2528926166255797,0.2564676546428268,2.6325036603221084,0.7554904831625183,0.23671774882528834,0.22673836627325,0.3953147877013177,0.18448023426061494,0.10980966325036604,0.9,0.282,0.342,0.625,0.44,0.6738087623920691,1.0,0.38,0.5,0.2,0.0,0.42
5213103,GO,Mineiros,1,54.7,59.01,63.38,100.0,94.16,93.69,10.557659989689753,11.046929793122029,9.1085888914648,6.947873784537299,0.21061307737239293,0.4486550055906436,3.809811827956989,0.44556451612903225,0.0856520669905231,0.4579396204855428,0.9758064516129032,0.39448924731182794,0.21169354838709678,0.91,0.127,0.276,0.584,0.55,1.0,0.33,0.13,0.5,0.4,0.2,0.31
5213707,GO,Montes Claros de Goiás,1,51.43,51.43,46.29,100.0,100.0,100.0,10.355168084441255,9.016391478941248,7.974777136380669,2.8344191264785543,0.04615659316132488,0.3012839762683527,3.9370904325032767,0.5543905635648755,0.0886923260817595,0.22049688372205073,0.6422018348623854,0.254259501965924,0.2778505897771953,0.96,0.159,0.379,0.622,0.49,0.666221466731423,0.0,0.63,0.25,0.0,0.0,0.18
5213806,GO,Morrinhos,1,63.3,60.8,60.8,92.87,97.53,97.53,10.243418088056579,10.722892864566573,7.263196462150952,31.828925312629313,0.18198728583638013,0.4502597787589908,2.892066420664207,0.676660516605166,0.25293256227492117,0.2108625974007757,0.466789667896679,0.492619926199262,0.19142066420664205,0.93,0.076,0.254,0.621,0.49,0.8622801991979199,0.67,0.88,1.0,0.6,0.2,0.67
5216403,GO,Paraúna,1,48.92,48.92,51.2,93.19,93.19,78.08,11.2968940622618,9.325631416310918,8.240720063371779,2.959694244936393,0.16926984216486465,0.23829745743996014,4.144736842105263,0.44605263157894737,0.04565957221703021,0.24076364912021564,1.311842105263158,0.4236842105263158,0.16052631578947368,0.89,0.137,0.311,0.547,0.46,0.7352285892522948,0.67,0.5,0.25,0.4,0.2,0.4
5216452,GO,Perolândia,1,58.4,59.33,60.91,97.96,97.09,92.58,11.642988349268396,8.0507033814703,6.949108332465616,3.010891070090855,0.2516799812030075,0.18758223684210526,3.7860696517412937,0.5920398009950248,0.06544074160672288,0.20764103647644108,1.5572139303482586,0.6716417910447762,0.3283582089552239,0.97,0.041,0.324,0.538,0.49,0.6303030303030303,0.67,0.38,0.5,0.2,0.0,0.35
5218508,GO,Quirinópolis,2,60.45,66.97999999999999,68.28999999999999,76.595,75.84,70.985,10.449265176063975,10.789504626720456,7.546248260478488,25.63001122779209,0.24178798040730132,0.4018354304560223,4.914910858995138,0.5761750405186385,0.0886044640265942,0.1612575127138234,0.8371150729335495,0.22690437601296595,0.21150729335494328,0.96,0.117,0.275,0.642,0.46,0.8829883730518677,0.33,0.38,1.0,0.2,0.0,0.38
5218805,GO,Rio Verde,1,45.99,45.99,54.17,87.08,87.08,83.3,10.687000893169545,12.287878413483769,9.033357339867585,25.910177224619012,0.21760131962121598,0.48979977020486914,4.768013468013468,0.5360269360269361,0.07891931035545352,0.19456985486347042,1.279124579124579,0.5060606060606061,0.20942760942760943,0.96,0.103,0.24,0.656,0.54,0.9269700711363386,1.0,0.88,0.75,0.4,0.4,0.69
5218904,GO,Rubiataba,1,64.0,65.01,65.01,85.94,84.78,84.78,9.957644243488083,9.90323752128092,6.624237855661131,26.583170462553017,0.21391268554963855,0.43438295901829127,3.07454128440367,0.7064220183486238,0.30987385142501167,0.21339396115033304,0.143348623853211,0.15825688073394495,0.20527522935779816,0.91,0.13,0.288,0.666,0.43,0.804741422426728,0.67,0.88,0.25,0.2,0.0,0.4
5219308,GO,Santa Helena de Goiás,1,59.2,59.08,59.08,93.4,94.79,94.79,10.187575674477692,10.564731184083065,7.035277402059253,34.13450101761218,0.12744112420918005,0.42331234963282893,4.039076376554174,0.6145648312611013,0.08568978357518449,0.09920617439493924,0.866785079928952,0.5026642984014209,0.17939609236234458,0.82,0.179,0.254,0.627,0.53,0.9546498722349844,0.67,0.25,0.5,0.2,0.2,0.36
5219712,GO,Santo Antônio da Barra,1,59.8,59.99,59.99,98.71,96.67,96.67,10.555109366267503,8.472405008626103,6.11725984315229,10.560735274623305,0.34342539517109605,0.20454519136124139,4.30635838150289,0.4046242774566474,0.06404509830881341,0.19817948831249171,1.277456647398844,0.5606936416184971,0.3063583815028902,0.93,0.078,0.324,0.593,0.42,0.7623430962343096,0.0,0.38,0.0,0.2,0.0,0.12
5220504,GO,Serranópolis,1,63.3,63.3,63.36,68.0,68.0,70.25,10.73832958879877,9.026898187513526,8.614428789140517,1.5106359808334542,0.17840383308115695,0.2839095015678793,4.67004048582996,0.2408906882591093,0.01716336077065086,0.30314360389138956,1.5161943319838056,0.5951417004048583,0.2834008097165992,0.97,0.006,0.285,0.551,0.48,0.739757299050823,1.0,0.38,0.5,0.0,0.2,0.42
5221551,GO,Turvelândia,1,60.1,61.56,61.56,91.35,97.17,97.17,11.25707792048289,8.527341522468053,6.839926015954487,5.4102119088941745,0.24884087037156843,0.1732467490457398,5.923076923076923,0.5794871794871795,0.07717153284671532,0.1309164149043303,1.676923076923077,0.30256410256410254,0.13846153846153847,0.96,0.402,0.318,0.605,0.45,0.7132673267326732,0.67,0.75,1.0,0.2,0.0,0.52
5222054,GO,Vicentinópolis,1,56.27,56.27,60.15,89.93,89.93,94.14,10.640220903758994,9.035748861244139,6.600264979218497,11.435536368464776,0.13802316033520903,0.2941803318279518,12.481012658227849,0.4873417721518987,0.0523892783240564,0.14013536885971484,2.5822784810126582,0.3860759493670886,0.3227848101265823,0.95,0.475,0.313,0.562,0.46,,0.0,0.63,0.25,0.4,0.0,0.26
