cnpj_clean,emissor,cidade,uf,rota,rota_tag,cohort,X,Y,neea_t0_2022,neea_t1_2023,neea_t2_2026,neea_first,neea_first_origin,delta_neea,vol_pct_t0_2022,vol_pct_t1_2023,vol_pct_t2_2026,vol_pct_first,vol_pct_first_origin,delta_vol_pct,status_t0_2022,status_t1_2023,status_t2_2026,motivo_t0_2022,motivo_t1_2023,motivo_t2_2026,processo_t0_2022,processo_t1_2023,processo_t2_2026,observable_t0_2022,observable_t1_2023,observable_t2_2026
00297598000122,DESTILARIA DE ÁLCOOL LIBRA LTDA. - SÃO JOSÉ DO RIO CLARO - MT,SÃO JOSÉ DO RIO CLARO,MT,Etanol combustível de primeira geração – cana-de-açúcar e milho em usina integrada,cana_milho_integrada,2022,4726601.98423902,8470976.23214683,47.19,47.19,39.17,47.19,t0_2022,-8.019999999999996,67.56,67.56,66.16,67.56,t0_2022,-1.4000000000000057,valido,valido,valido,sem_motivo,sem_motivo,sem_motivo,48610.207920/2019-13,48610.207920/2019-13,48610.222034/2024-87,True,True,True
00372496000124,Central Energética Vale do Sapucaí Ltda. - Patrocínio Paulista - SP,Patrocínio Paulista,SP,Etanol combustível de primeira geração – cana-de-açúcar,cana_pura,2022,5683831.09458151,7690204.52935748,55.7,54.14,55.51,55.7,t0_2022,-0.19000000000000483,94.63,92.14,90.31,94.63,t0_2022,-4.319999999999993,valido,valido,valido,sem_motivo,sem_motivo,sem_motivo,48610.214877/2019-42,48610.233075/2022-37,48610.226779/2025-04,True,True,True
00595322000120,DENUSA DESTILARIA NOVA UNIÃO S/A - Jandaia - GO,Jandaia,GO,Etanol combustível de primeira geração – cana-de-açúcar,cana_pura,2022,5409973.4560416,8087852.68291427,64.3,67.46,68.08,64.3,t0_2022,3.780000000000001,87.16,88.4,85.61,87.16,t0_2022,-1.5499999999999972,valido,valido,valido,sem_motivo,sem_motivo,sem_motivo,48610.213994/2019-99,48610.218118/2022-54,"48610.229099/2025-34,",True,True,True
01105558000102,WD AGROINDUSTRIAL LTDA - João Pinheiro - MG,João Pinheiro,MG,Etanol combustível de primeira geração – cana-de-açúcar,cana_pura,2022,5846982.93235041,7966338.47292695,68.5,62.85,68.5,68.5,t0_2022,0.0,92.11,94.26,92.11,92.11,t0_2022,0.0,valido,valido,cancelado,sem_motivo,sem_motivo,renovacao,48610.222095/2019-87,48610.233070/2022-12,48610.222095/2019-87,True,True,True
02043917000107,USINA RIO VERDE LTDA. - EM RECUPERAÇÃO JUDICIAL - Rio Verde - GO,Rio Verde,GO,Etanol combustível de primeira geração – cana-de-açúcar e milho em usina integrada,cana_milho_integrada,2022,5310460.5809602,8057054.40652174,45.99,45.99,54.17,45.99,t0_2022,8.18,87.08,87.08,83.3,87.08,t0_2022,-3.780000000000001,valido,valido,valido,sem_motivo,sem_motivo,sem_motivo,48610.211013/2020-11,48610.211013/2020-11,48610.209894/2024-25,True,True,True
02414858000470,Vale Verde Empreendimentos Agrícolas Ltda. Em Recuperação Judicial - Itapaci - GO,Itapaci,GO,Etanol combustível de primeira geração – cana-de-açúcar,cana_pura,2022,5479817.78534701,8338262.39698919,62.3,50.36,60.63,62.3,t0_2022,-1.6699999999999946,98.44,79.67,78.35,98.44,t0_2022,-20.090000000000003,valido,valido,valido,sem_motivo,sem_motivo,sem_motivo,48610.219055/2019-58,48610.215953/2023-13,48610.200582/2024-56,True,True,True
02460988000105,USINA GOIANÉSIA S/A - EM RECUPERAÇÃO JUDICIAL - Goianésia - GO,Goianésia,GO,Etanol combustível de primeira geração – cana-de-açúcar,cana_pura,2023,5526539.61558435,8311157.15201518,,62.1,63.03,62.1,t1_2023,0.9299999999999997,,97.98,99.91,97.98,t1_2023,1.9299999999999926,,valido,valido,,sem_motivo,sem_motivo,,48610.224772/2021-16,48610.229566/2024-45,False,True,True
02635522000195,JALLES MACHADO S.A. - Matriz - Goianésia - GO,Goianésia,GO,Etanol combustível de primeira geração – cana-de-açúcar,cana_pura,2022,5538381.62495406,8311260.58537639,70.1,72.26,67.67,70.1,t0_2022,-2.4299999999999926,100.0,99.88,95.23,100.0,t0_2022,-4.769999999999996,valido,valido,valido,sem_motivo,sem_motivo,sem_motivo,48610.200111/2020-14,48610.219326/2022-71,48610.224191/2025-16,True,True,True
02635522004930,JALLES MACHADO S.A. - Unidade Otavio Lage - Goianésia - GO,Goianésia,GO,Etanol combustível de primeira geração – cana-de-açúcar,cana_pura,2022,5504657.33191542,8326472.95099455,61.7,70.36,68.98,61.7,t0_2022,7.280000000000001,100.0,100.0,82.41,100.0,t0_2022,-17.590000000000003,valido,valido,valido,sem_motivo,sem_motivo,sem_motivo,48610.200112/2020-69,48610.219328/2022-60,48610.224504/2024-47,True,True,True
02678100000105,LASA LAGO AZUL S.A. - Ipameri - GO,Ipameri,GO,Etanol combustível de primeira geração – cana-de-açúcar,cana_pura,2022,5670837.07069855,8080207.95905736,51.23,51.23,50.63,51.23,t0_2022,-0.5999999999999943,100.0,100.0,100.0,100.0,t0_2022,0.0,valido,valido,valido,sem_motivo,sem_motivo,sem_motivo,48610.219877/2020-72,48610.219877/2020-72,48610.219798/2024-95,True,True,True
02773950000184,GOIASA GOIATUBA ÁLCOOL LTDA. - GOIATUBA - GO,GOIATUBA,GO,Etanol combustível de primeira geração – cana-de-açúcar,cana_pura,2022,5458178.81561681,7995713.47454414,62.8,63.29,63.9,62.8,t0_2022,1.1000000000000014,96.72,96.47,97.23,96.72,t0_2022,0.5100000000000051,valido,valido,valido,sem_motivo,sem_motivo,sem_motivo,48610.219232/2019-04,48610.205457/2023-51,48610.232569/2023-85,True,True,True
02783009000141,ANICUNS S.A. ÁLCOOL E DERIVADOS - Anicuns - GO,Anicuns,GO,Etanol combustível de primeira geração – cana-de-açúcar,cana_pura,2022,5432875.6795387,8180131.2482969,60.8,48.77,57.15,60.8,t0_2022,-3.6499999999999986,100.0,79.23,79.22,100.0,t0_2022,-20.78,valido,valido,valido,sem_motivo,sem_motivo,sem_motivo,48610.219054/2019-11,48610.215958/2023-46,48610.200578/2024-98,True,True,True
02859452000230,Vale do Verdão Sociedade Anônima Açúcar e Álcool - Turvelândia - GO,Turvelândia,GO,Etanol combustível de primeira geração – cana-de-açúcar,cana_pura,2022,5390070.82022688,8008629.18311183,60.1,61.56,65.38,60.1,t0_2022,5.279999999999994,91.35,97.17,96.81,91.35,t0_2022,5.460000000000008,valido,valido,valido,sem_motivo,sem_motivo,sem_motivo,48610.200434/2020-16,48610.206156/2022-64,48610.209637/2025-74,True,True,True
02896264000109,CENTROALCOOL S/A (EM RECUPERACAO JUDICIAL) - INHUMAS - GO,INHUMAS,GO,Etanol combustível de primeira geração – cana-de-açúcar,cana_pura,2022,5482540.94731307,8186858.98042968,64.14,64.14,61.35,64.14,t0_2022,-2.789999999999999,95.72,95.72,90.88,95.72,t0_2022,-4.840000000000003,valido,valido,valido,sem_motivo,sem_motivo,sem_motivo,48610.205783/2021-05,48610.205783/2021-05,48610.230284/2024-91,True,True,True
03345641000338,COOPERATIVA AGROINDUSTRIAL NOVA PRODUTIVA - Astorga - PR,Astorga,PR,Etanol combustível de primeira geração – cana-de-açúcar,cana_pura,2022,5241507.72865172,7442842.79367438,46.22,46.22,51.42,46.22,t0_2022,5.200000000000003,90.01,90.01,91.16,90.01,t0_2022,1.1499999999999915,valido,valido,valido,sem_motivo,sem_motivo,sem_motivo,48610.215700/2020-05,48610.215700/2020-05,48610.233676/2023-21,True,True,True
03347747000109,COOPERATIVA AGROINDUSTRIAL DE RUBIATABA – Rubiataba - GO,Rubiataba,GO,Etanol combustível de primeira geração – cana-de-açúcar,cana_pura,2022,5455886.18579172,8317126.04943407,64.0,65.01,64.87,64.0,t0_2022,0.8700000000000045,85.94,84.78,93.33,85.94,t0_2022,7.390000000000001,valido,valido,valido,sem_motivo,sem_motivo,sem_motivo,48610.221526/2019-98,48610.206112/2022-34,48610.215932/2025-60,True,True,True
03445208000455,UMOE BIOENERGY S.A. - Sandovalina - SP,Sandovalina,SP,Etanol combustível de primeira geração – cana-de-açúcar,cana_pura,2022,5223359.88634961,7502626.33872067,48.8,64.75,63.74,48.8,t0_2022,14.940000000000005,97.06,96.7,94.4,97.06,t0_2022,-2.6599999999999966,valido,valido,valido,sem_motivo,sem_motivo,sem_motivo,48610.219057/2019-47,48610.226920/2022-18,48610.222728/2025-03,True,True,True
03937452000435,CRV industrial Ltda. - Capinópolis - MG,Capinópolis,MG,Etanol combustível de primeira geração – cana-de-açúcar,cana_pura,2022,5454944.6800123,7925846.62700244,61.55,61.55,61.99,61.55,t0_2022,0.44000000000000483,99.24,99.24,94.37,99.24,t0_2022,-4.86999999999999,valido,valido,valido,sem_motivo,sem_motivo,sem_motivo,48610.201311/2021-75,48610.201311/2021-75,48610.211054/2024-22,True,True,True
04165520000105,AGROPECUÁRIA NOVO MILÊNIO LTDA. - Lambari D'Oeste - MT,Lambari D'Oeste,MT,Etanol combustível de primeira geração – cana-de-açúcar,cana_pura,2022,4576007.98289422,8293081.4394439,59.24,59.24,56.53,59.24,t0_2022,-2.710000000000001,90.14,90.14,77.97,90.14,t0_2022,-12.170000000000002,valido,valido,valido,sem_motivo,sem_motivo,sem_motivo,48610.219560/2020-36,48610.219560/2020-36,48610.200575/2024-54,True,True,True
04165520000296,AGROPECUÁRIA NOVO MILÊNIO LTDA. - Mirassol D'oeste - MT,Mirassol D'oeste,MT,Etanol combustível de primeira geração – cana-de-açúcar,cana_pura,2022,4557407.19929998,8257542.15927619,64.29,64.29,50.22,64.29,t0_2022,-14.070000000000007,91.13,91.13,66.56,91.13,t0_2022,-24.569999999999993,valido,valido,valido,sem_motivo,sem_motivo,sem_motivo,48610.219561/2020-81,48610.219561/2020-81,48610.200576/2024-07,True,True,True
04171382000177,CENTRAL ENERGETICA MORENO DE MONTE APRAZÍVEL AÇÚCAR E ÁLCOOL LTDA EM RECUPERAÇÃO JUDICIAL - Monte Aprazível - SP,Monte Aprazível,SP,Etanol combustível de primeira geração – cana-de-açúcar,cana_pura,2022,5440882.40687005,7689999.2280727,59.2,61.01,58.74,59.2,t0_2022,-0.46000000000000085,91.32,91.33,95.63,91.32,t0_2022,4.310000000000002,valido,valido,valido,sem_motivo,sem_motivo,sem_motivo,48610.222645/2019-68,48610.230498/2022-03,48610.224108/2025-09,True,True,True
04248044000277,Onda Verde Agrocomercial S. A. - Onda Verde - SP,Onda Verde,SP,Etanol combustível de primeira geração – cana-de-açúcar,cana_pura,2023,5500144.19989923,7713489.50674341,,53.66,52.04,53.66,t1_2023,-1.6199999999999974,,90.47,92.11,90.47,t1_2023,1.6400000000000006,,valido,valido,,sem_motivo,sem_motivo,,48610.219774/2021-93,48610.224495/2024-94,False,True,True
04969941000199,Usina Bela Vista S.A. - Pontal - SP,Pontal,SP,Etanol combustível de primeira geração – cana-de-açúcar,cana_pura,2022,5615412.58213949,7671897.6575594,65.2,64.97,64.97,65.2,t0_2022,-0.23000000000000398,98.11,99.4,99.4,98.11,t0_2022,1.2900000000000063,valido,valido,valido,sem_motivo,sem_motivo,sem_motivo,48610.221796/2019-07,48610.202260/2022-80,48610.202260/2022-80,True,True,True
05242560000176,USINA VERTENTE LTDA. - Guaraci - SP,Guaraci,SP,Etanol combustível de primeira geração – cana-de-açúcar,cana_pura,2022,5521576.11089507,7734603.6637713,64.1,67.36,67.04,64.1,t0_2022,2.940000000000012,98.94,98.5,93.04,98.94,t0_2022,-5.8999999999999915,valido,valido,valido,sem_motivo,sem_motivo,sem_motivo,48610.209090/2019-69,48610.233249/2022-61,48610.209806/2025-76,True,True,True
05553456000100,Usina Ouroeste Açúcar e Álcool Ltda. - Ouroeste - SP,Ouroeste,SP,Etanol combustível de primeira geração – cana-de-açúcar,cana_pura,2022,5373059.22220696,7789234.84327185,55.3,61.02,64.72,55.3,t0_2022,9.420000000000002,97.83,93.71,98.04,97.83,t0_2022,0.21000000000000796,valido,valido,valido,sem_motivo,sem_motivo,sem_motivo,48610.218816/2019-54,48610.219698/2021-16,48610.216456/2024-13,True,True,True
05620523000235,Usina Eldorado em Recuperacao Judicial - Rio Brilhante/MS,Rio Brilhante,MS,Etanol combustível de primeira geração – cana-de-açúcar,cana_pura,2022,4998667.05441077,7581265.61271929,58.8,60.2,65.44,58.8,t0_2022,6.640000000000001,,99.67,87.31,99.67,t1_2023,-12.36,valido,valido,valido,sem_motivo,sem_motivo,sem_motivo,48610.215175/2019-86,48610.222444/2021-85,48610.225532/2024-81,True,True,True
05643160000172,ENERGÉTICA SERRANÓPOLIS LTDA. - Serranópolis​ - GO,Serranópolis​,GO,Etanol combustível de primeira geração – cana-de-açúcar,cana_pura,2022,5200073.40995457,7965283.74478764,63.3,63.3,63.36,63.3,t0_2022,0.060000000000002274,68.0,68.0,70.25,68.0,t0_2022,2.25,valido,valido,valido,sem_motivo,sem_motivo,sem_motivo,48610.218423/2020-84,48610.218423/2020-84,48610.204538/2024-15,True,True,True
05928246000141,COPLASA - ACUCAR E ALCOOL LTDA EM RECUPERACAO JUDICIAL - Planalto - SP,Planalto,SP,Etanol combustível de primeira geração – cana-de-açúcar,cana_pura,2022,5426788.99141756,7672471.74730586,58.6,60.99,58.56,58.6,t0_2022,-0.03999999999999915,92.53,93.44,96.84,92.53,t0_2022,4.310000000000002,valido,valido,valido,sem_motivo,sem_motivo,sem_motivo,48610.222647/2019-57,48610.230499/2022-40,48610.224111/2025-14,True,True,True
05938884000143,VALE DO PARANÁ S.A. AÇÚCAR E ÁLCOOL – Suzanápolis/SP,Suzanápolis,SP,Etanol combustível de primeira geração – cana-de-açúcar,cana_pura,2022,5309810.66592045,7741669.95860548,66.4,62.05,62.51,66.4,t0_2022,-3.8900000000000077,100.0,99.8,99.15,100.0,t0_2022,-0.8499999999999943,valido,valido,valido,sem_motivo,sem_motivo,sem_motivo,48610.207272/2019-03,48610.203425/2022-31,	48610.212274/2025-54,True,True,True
05980986000127,AGROINDUSTRIAL SANTA JULIANA LTDA. - SANTA JULIANA - MG,SANTA JULIANA,MG,Etanol combustível de primeira geração – cana-de-açúcar,cana_pura,2022,5689655.69486325,7824882.09653371,52.8,63.38,66.59,52.8,t0_2022,13.790000000000006,97.69,92.3,94.6,97.69,t0_2022,-3.0900000000000034,valido,valido,valido,sem_motivo,sem_motivo,sem_motivo,48610.218815/2019-18,48610.219700/2021-57,48610.216461/2024-26,True,True,True
06044698000808,Sada Bio-Energia e Agricultura Ltda. - Jaíba - MG,Jaíba,MG,Etanol combustível de primeira geração – cana-de-açúcar,cana_pura,2022,6086551.59796969,8293728.10478262,61.05,61.05,59.24,61.05,t0_2022,-1.8099999999999952,95.61,95.61,98.66,95.61,t0_2022,3.049999999999997,valido,valido,valido,sem_motivo,sem_motivo,sem_motivo,48610.219883/2020-20,48610.219883/2020-20,48610.214531/2023-21,True,True,True
06059962000100,USINA ITAPAGIPE ACUCAR E ALCOOL LTDA. - Itapagipe - MG,Itapagipe,MG,Etanol combustível de primeira geração – cana-de-açúcar,cana_pura,2022,5451352.76360256,7794240.56472791,51.2,55.86,61.57,51.2,t0_2022,10.369999999999997,98.52,84.7,80.33,98.52,t0_2022,-18.189999999999998,valido,valido,valido,sem_motivo,sem_motivo,sem_motivo,48610.218812/2019-76,48610.219706/2021-24,48610.216451/2024-91,True,True,True
06252818003799,Abengoa Bioenergia Agroindustrial Ltda. - Em Recuperação Judicial - Unidade São João - São João da Boa Vista - SP,São João da Boa Vista,SP,Etanol combustível de primeira geração – cana-de-açúcar,cana_pura,2022,5730700.17016266,7557336.91796437,63.0,59.02,60.1,63.0,t0_2022,-2.8999999999999986,100.0,90.38,93.2,100.0,t0_2022,-6.799999999999997,valido,valido,valido,sem_motivo,sem_motivo,sem_motivo,48610.210932/2019-25,48610.214767/2022-86,48610.236202/2023-31,True,True,True
06315338002324,COFCO INTERNATIONAL BRASIL S.A. - Unidade Sebastianópolis - Sebastianópolis do Sul - SP,Sebastianópolis do Sul,SP,Etanol combustível de primeira geração – cana-de-açúcar,cana_pura,2022,5422166.47710356,7717572.31613689,60.7,66.2,62.78,60.7,t0_2022,2.0799999999999983,75.39,0.8239,94.1,75.39,t0_2022,18.709999999999994,valido,valido,valido,sem_motivo,sem_motivo,sem_motivo,48610.215184/2019-77,48610.222887/2021-76,48610.223733/2024-44,True,True,True
06315338002405,COFCO INTERNATIONAL BRASIL S.A. - Unidade Meridiano - Meridiano - SP,Meridiano,SP,Etanol combustível de primeira geração – cana-de-açúcar,cana_pura,2022,5395909.59594227,7732321.44576074,60.2,68.99,62.78,60.2,t0_2022,2.5799999999999983,87.9,85.1,,87.9,t0_2022,,valido,valido,valido,sem_motivo,sem_motivo,sem_motivo,48610.215187/2019-19,48610.232909/2022-97, 48610.222456/2025-33,True,True,True
06315338015060,COFCO INTERNATIONAL BRASIL S.A. - Unidade Potirendaba - Potirendaba - SP,Potirendaba,SP,Etanol combustível de primeira geração – cana-de-açúcar,cana_pura,2022,5485225.81406155,7658752.52785581,67.4,67.4,64.42,67.4,t0_2022,-2.980000000000004,83.51,83.51,90.73,83.51,t0_2022,7.219999999999999,valido,cancelado,valido,sem_motivo,renovacao,sem_motivo,48610.215186/2019-66,48610.215186/2019-66,48610.223732/2024-08,True,True,True
06315338015140,COFCO INTERNATIONAL BRASIL S.A. - Unidade Catanduva - Catanduva- SP,Catanduva,SP,Etanol combustível de primeira geração – cana-de-açúcar,cana_pura,2022,5521680.83072561,7657596.1707727,63.48,63.48,61.51,63.48,t0_2022,-1.9699999999999989,86.22,86.22,92.61,86.22,t0_2022,6.390000000000001,valido,valido,valido,sem_motivo,sem_motivo,sem_motivo,48610.212003/2020-94,48610.212003/2020-94,48610.223731/2024-55,True,True,True
07130855000186,CENTRAL ENERGÉTICA MORRINHOS S.A. - Morrinhos-GO,Morrinhos,GO,Etanol combustível de primeira geração – cana-de-açúcar,cana_pura,2022,5504739.83919693,8010461.16768676,63.3,60.8,63.3,63.3,t0_2022,0.0,92.87,97.53,92.87,92.87,t0_2022,0.0,valido,valido,cancelado,sem_motivo,sem_motivo,renovacao,48610.218377/2019-80,48610.224388/2022-02,48610.218377/2019-80,True,True,True
07280328000158,Ipiranga Agroindustrial S. A. - Unidade Iacanga - Iacanga - SP,Iacanga,SP,Etanol combustível de primeira geração – cana-de-açúcar,cana_pura,2022,5515658.18969742,7580350.79504414,59.42,63.42,64.7,59.42,t0_2022,5.280000000000001,91.02,92.95,92.91,91.02,t0_2022,1.8900000000000006,valido,valido,valido,sem_motivo,sem_motivo,sem_motivo,48610.214197/2021-43,48610.233108/2022-49,48610.223240/2024-12,True,True,True
07280328001715,IPIRANGA AGROINDUSTRIAL S.A. - Mococa - Mococa -SP,Mococa,SP,Etanol combustível de primeira geração – cana-de-açúcar,cana_pura,2022,5709618.00659163,7622736.31428334,63.9,65.47,67.18,63.9,t0_2022,3.2800000000000082,89.08,94.51,93.65,89.08,t0_2022,4.570000000000007,valido,valido,valido,sem_motivo,sem_motivo,sem_motivo,48610.219091/2019-11,48610.218001/2022-71,48610.223242/2024-01,True,True,True
07280328001804,IPIRANGA AGROINDUSTRIAL S.A. - DESCALVADO - Descalvado - SP,Descalvado,SP,Etanol combustível de primeira geração – cana-de-açúcar,cana_pura,2022,5645857.24932531,7571700.07898056,62.3,61.95,64.62,62.3,t0_2022,2.3200000000000074,95.53,96.06,97.91,95.53,t0_2022,2.3799999999999955,valido,valido,valido,sem_motivo,sem_motivo,sem_motivo,48610.219089/2019-42,48610.218002/2022-15,48610.223243/2024-48,True,True,True
07298800000180,CONQUISTA DO PONTAL S. A. - EM RECUPERACAO JUDICIAL - Mirante do Paranapanema/SP,Mirante do Paranapanema,SP,Etanol combustível de primeira geração – cana-de-açúcar,cana_pura,2022,5194336.60478394,7520927.01396112,59.4,62.67,60.66,59.4,t0_2022,1.259999999999998,99.19,99.56,97.38,99.19,t0_2022,-1.8100000000000023,valido,valido,valido,sem_motivo,sem_motivo,sem_motivo,48610.210086/2019-43,48610.222446/2021-74,48610.225538/2024-59,True,True,True
07300906000170,USINA NOVA GÁLIA LTDA. - Paraúna - GO,Paraúna,GO,Etanol combustível de primeira geração – cana-de-açúcar,cana_pura,2022,5372760.88105837,8079751.79798872,48.92,48.92,51.2,48.92,t0_2022,2.280000000000001,93.19,93.19,78.08,93.19,t0_2022,-15.11,valido,valido,valido,sem_motivo,sem_motivo,sem_motivo,48610.200351/2021-08,48610.200351/2021-08,48610.228944/2024-73,True,True,True
07398533000112,USINA GUARIROBA LTDA. - Pontes Gestal - SP,Pontes Gestal,SP,Etanol combustível de primeira geração – cana-de-açúcar,cana_pura,2022,5443277.70642288,7769467.69587937,56.0,61.63,67.33,56.0,t0_2022,11.329999999999998,99.29,81.65,71.7,99.29,t0_2022,-27.590000000000003,valido,valido,valido,sem_motivo,sem_motivo,sem_motivo,48610.218817/2019-07,48610.219696/2021-27,48610.228201/2025-84,True,True,True
07455944000100,Usina Frutal Açúcar e Álcool Ltda. - Frutal - MG,Frutal,MG,Etanol combustível de primeira geração – cana-de-açúcar,cana_pura,2022,5541792.10574911,7769934.94690167,50.7,59.37,63.47,50.7,t0_2022,12.769999999999996,97.3,94.21,91.62,97.3,t0_2022,-5.679999999999993,valido,valido,valido,sem_motivo,sem_motivo,sem_motivo,48610.218818/2019-43,48610.219704/2021-35,48610.216449/2024-11,True,True,True
07458537000149,Atena - Tecnologias em Energia Natural Ltda. - Martinópolis-SP,Martinópolis,SP,Etanol combustível de primeira geração – cana-de-açúcar,cana_pura,2022,5306541.87663521,7546389.39865535,55.9,62.45,62.45,55.9,t0_2022,6.550000000000004,86.79,88.54,88.54,86.79,t0_2022,1.75,valido,valido,valido,sem_motivo,sem_motivo,sem_motivo,48610.208481/2020-08,48610.220363/2023-11,48610.220363/2023-11,True,True,True
07459492000127,DESTILARIA VALE DO PARACATU - AGROENERGIA S.A. - Paracatu - MG,Paracatu,MG,Etanol combustível de primeira geração – cana-de-açúcar,cana_pura,2022,5788436.96878321,8099528.94234388,58.2,59.59,58.2,58.2,t0_2022,0.0,95.42,99.78,95.42,95.42,t0_2022,0.0,valido,valido,cancelado,sem_motivo,sem_motivo,renovacao,48610.221423/2019-28,48610.220357/2022-74,48610.221423/2019-28,True,True,True
07670089000142,USIMAT DESTILARIA DE ÁLCOOL LTDA. - Campos de Julio - MT,Campos de Julio,MT,Etanol combustível de primeira geração – cana-de-açúcar e milho em usina integrada,cana_milho_integrada,2022,4435217.90773278,8416022.37972843,63.47,63.47,63.55,63.47,t0_2022,0.0799999999999983,35.08,35.08,68.91,35.08,t0_2022,33.83,valido,valido,valido,sem_motivo,sem_motivo,sem_motivo,48610.219881/2020-31,48610.219881/2020-31,48610.227294/2024-49,True,True,True
07674341000191,USINA UBERABA S/A - Uberaba - MG,Uberaba,MG,Etanol combustível de primeira geração – cana-de-açúcar,cana_pura,2022,5649070.45002857,7843049.67257957,55.1,56.63,58.66,55.1,t0_2022,3.559999999999995,100.0,99.18,96.24,100.0,t0_2022,-3.760000000000005,valido,valido,valido,sem_motivo,sem_motivo,sem_motivo,48610.219069/2019-71,48610.223730/2022-49,48610.224642/2025-15,True,True,True
07863768000138,CENTRAL ENERGÉTICA VICENTINA LTDA. - Vicentina - MS,Vicentina,MS,Etanol combustível de primeira geração – cana-de-açúcar,cana_pura,2022,4957691.64645764,7512525.16902396,46.22,51.14,46.22,46.22,t0_2022,0.0,94.44,96.07,94.44,94.44,t0_2022,0.0,valido,valido,cancelado,sem_motivo,sem_motivo,renovacao,48610.219074/2020-18,48610.210843/2022-84,48610.219074/2020-18,True,True,True
07895728000682,IACO Agrícola S. A. - Paraíso das Águas - MS,Paraíso das Águas,MS,Etanol combustível de primeira geração – cana-de-açúcar,cana_pura,2022,5115681.32211249,7920403.46115419,60.0,60.0,65.6,60.0,t0_2022,5.599999999999994,80.6,80.6,84.03,80.6,t0_2022,3.430000000000007,valido,cancelado,valido,sem_motivo,expirado,sem_motivo,48610.223244/2019-25,48610.223244/2019-25,48610.212979/2023-18,True,False,True
07903169000109,ADECOAGRO Vale do Ivinhema S.A. - Usina Angélica - Angélica - MS,Angélica,MS,Etanol combustível de primeira geração – cana-de-açúcar,cana_pura,2022,5016136.4819986,7561787.55321358,66.4,63.49,65.6,66.4,t0_2022,-0.8000000000000114,98.99,97.31,92.97,98.99,t0_2022,-6.019999999999996,valido,valido,valido,sem_motivo,sem_motivo,sem_motivo,48610.217426/2019-67,48610.218114/2022-76,48610.214696/2025-64,True,True,True
07903169001768,ADECOAGRO Vale do Ivinhema S.A. - Unidade Ivinhema - Ivinhema/MS,Ivinhema,MS,Etanol combustível de primeira geração – cana-de-açúcar,cana_pura,2022,5011100.93780706,7522311.17438878,68.1,64.04,66.21,68.1,t0_2022,-1.8900000000000006,95.74,94.75,93.67,95.74,t0_2022,-2.069999999999993,valido,valido,valido,sem_motivo,sem_motivo,sem_motivo,48610.217429/2019-09,48610.205660/2022-47,	48610.205330/2025-02,True,True,True
07912062000119,USINA LAGUNA - ÁLCOOL E AÇÚCAR LTDA - Batayporã-MS,Batayporã,MS,Etanol combustível de primeira geração – cana-de-açúcar,cana_pura,2022,5071846.17405905,7515313.57003671,60.0,63.02,61.77,60.0,t0_2022,1.7700000000000031,100.0,96.96,95.87,100.0,t0_2022,-4.1299999999999955,valido,valido,valido,sem_motivo,sem_motivo,sem_motivo,48610.221082/2019-91,48610.219690/2022-31,48610.221836/2025-51,True,True,True
07930999000206,Bambuí Bioenergia S.A. - Bambuí - MG,Bambuí,MG,Etanol combustível de primeira geração – cana-de-açúcar,cana_pura,2022,5832071.41350924,7758293.75850072,65.4,62.05,62.05,65.4,t0_2022,-3.3500000000000085,98.05,99.19,99.19,98.05,t0_2022,1.1400000000000006,valido,valido,valido,sem_motivo,sem_motivo,sem_motivo,48610.221504/2019-28,48610.222467/2022-71,48610.222467/2022-71,True,True,True
07969961000239,PARAPUÃ AGROINDUSTRIAL S/A - EM RECUPERAÇÃO JUDICIAL - Parapuã - SP,Parapuã,SP,Etanol combustível de primeira geração – cana-de-açúcar,cana_pura,2022,5323843.36083459,7572181.42258664,48.64,48.64,57.72,48.64,t0_2022,9.079999999999998,92.46,92.46,96.34,92.46,t0_2022,3.8800000000000097,valido,valido,valido,sem_motivo,sem_motivo,sem_motivo,48610.217630/2020-11,48610.217630/2020-11,48610.218728/2025-09,True,True,True
07981751000185,SANTA VITÓRIA AÇÚCAR E ÁLCOOL LTDA. - SANTA VITÓRIA - MG,SANTA VITÓRIA,MG,Etanol combustível de primeira geração – cana-de-açúcar,cana_pura,2022,5397129.40015537,7918670.58547895,55.27,55.27,61.81,55.27,t0_2022,6.539999999999999,98.47,98.47,98.28,98.47,t0_2022,-0.18999999999999773,valido,valido,valido,sem_motivo,sem_motivo,sem_motivo,48610.205780/2021-63,48610.205780/2021-63,48610.236852/2023-86,True,True,True
07987748000179,URUAÇU AÇÚCAR E ÁLCOOL LTDA. - Uruaçu - GO,Uruaçu,GO,Etanol combustível de primeira geração – cana-de-açúcar,cana_pura,2022,5532037.66692583,8399876.78943888,56.4,63.66,56.4,56.4,t0_2022,0.0,84.47,83.82,84.47,84.47,t0_2022,0.0,valido,valido,cancelado,sem_motivo,sem_motivo,renovacao,48610.221525/2019-43,48610.206113/2022-89,48610.221525/2019-43,True,True,True
07996345000196,CAÇU COMÉRCIO E INDUSTRIA DE AÇÚCAR E ÁLCOOL LTDA - Vicentinópolis - GO,Vicentinópolis,GO,Etanol combustível de primeira geração – cana-de-açúcar e milho em usina integrada,cana_milho_integrada,2022,5425765.14468346,8038809.61979433,56.27,56.27,60.15,56.27,t0_2022,3.8799999999999955,89.93,89.93,94.14,89.93,t0_2022,4.209999999999994,valido,valido,valido,sem_motivo,sem_motivo,sem_motivo,48610.221829/2021-25,48610.221829/2021-25,,True,True,True
08048772000105,FLORESTA S/A ACUCAR E ALCOOL - Santo Antônio da Barra - GO,Santo Antônio da Barra,GO,Etanol combustível de primeira geração – cana-de-açúcar,cana_pura,2022,5348555.52657413,8048353.87392258,59.8,59.99,59.99,59.8,t0_2022,0.19000000000000483,98.71,96.67,96.67,98.71,t0_2022,-2.039999999999992,valido,valido,valido,sem_motivo,sem_motivo,sem_motivo,48610.200432/2020-19,48610.206152/2022-86,48610.206152/2022-86,True,True,True
08056257000177,USINA CERRADÃO LTDA. - Frutal - MG,Frutal,MG,Etanol combustível de primeira geração – cana-de-açúcar,cana_pura,2022,5507129.7226862,7788708.55944956,60.1,62.43,60.1,60.1,t0_2022,0.0,95.61,88.62,95.61,95.61,t0_2022,0.0,valido,valido,cancelado,sem_motivo,sem_motivo,renovacao,48610.219084/2019-10,48610.229416/2022-70,48610.219084/2019-10,True,True,True
08057019000186,VALE DO PONTAL AÇÚCAR E ETANOL LTDA. - LIMEIRA DO OESTE - MG,LIMEIRA DO OESTE,MG,Etanol combustível de primeira geração – cana-de-açúcar,cana_pura,2022,5344677.00512068,7860168.22083297,53.7,53.7,58.23,53.7,t0_2022,4.529999999999994,90.36,90.36,88.38,90.36,t0_2022,-1.980000000000004,valido,valido,valido,sem_motivo,sem_motivo,sem_motivo,48610.205682/2021-26,48610.205682/2021-26,48610.212742/2025-91,True,True,True
08070508000330,RAIZEN ENERGIA S.A - FILIAL BARRA - Barra Bonita - SP,Barra Bonita,SP,Etanol combustível de primeira geração – cana-de-açúcar,cana_pura,2022,5561625.3919581,7502851.09951197,59.4,62.26,62.58,59.4,t0_2022,3.1799999999999997,89.25,94.23,95.38,89.25,t0_2022,6.1299999999999955,valido,valido,valido,sem_motivo,sem_motivo,sem_motivo,48610.218340/2019-51, 48610.201651/2021-04,48610.221088/2023-44,True,True,True
08070508006532,RAIZEN ENERGIA S.A. - FILIAL BONFIM - Guariba - SP,Guariba,SP,Etanol combustível de primeira geração – cana-de-açúcar,cana_pura,2022,5591729.01060182,7619856.26285454,60.3,60.84,61.64,60.3,t0_2022,1.3400000000000034,92.73,96.14,,92.73,t0_2022,,valido,valido,valido,sem_motivo,sem_motivo,sem_motivo,48610.218351/2019-31,48610.224842/2021-36,48610.231196/2025-97,True,True,True
08070508006613,RAIZEN ENERGIA S.A – FILIAL DESTIVALE - Araçatuba/SP,Araçatuba,SP,Etanol combustível de primeira geração – cana-de-açúcar,cana_pura,2022,5367418.97154142,7665824.90561979,55.5,59.21,59.24,55.5,t0_2022,3.740000000000002,92.34,96.45,88.6,92.34,t0_2022,-3.740000000000009,valido,valido,valido,sem_motivo,sem_motivo,sem_motivo,48610.218354/2019-75,48610.224756/2021-23,48610.228150/2024-18,True,True,True
08070508006702,RAIZEN ENERGIA S.A – FILIAL UNIVALEM - Valparaiso/SP,Valparaiso,SP,Etanol combustível de primeira geração – cana-de-açúcar,cana_pura,2022,5316484.56504606,7637408.62190444,59.0,63.82,64.6,59.0,t0_2022,5.599999999999994,95.93,93.92,67.63,95.93,t0_2022,-28.30000000000001,valido,valido,valido,sem_motivo,sem_motivo,sem_motivo,48610.218369/2019-33,48610.224778/2021-93,48610.231169/2025-14,True,True,True
08070508006885,RAIZEN ENERGIA S.A – FILIAL GASA - Andradina - SP,Andradina,SP,Etanol combustível de primeira geração – cana-de-açúcar,cana_pura,2022,5285169.94113746,7699771.90832298,61.1,62.32,64.74,61.1,t0_2022,3.6399999999999935,96.17,99.23,77.25,96.17,t0_2022,-18.92,valido,valido,valido,sem_motivo,sem_motivo,sem_motivo,48610.218357/2019-17,48610.224801/2021-40, 48610.231171/2025-93,True,True,True
08070508006966,RAÍZEN ENERGIA S.A - FILIAL IPAUSSU - Ipaussu - SP,Ipaussu,SP,Etanol combustível de primeira geração – cana-de-açúcar,cana_pura,2022,5451669.76237652,7437370.02362722,61.7,60.2,63.5,61.7,t0_2022,1.7999999999999972,84.36,92.66,78.83,84.36,t0_2022,-5.530000000000001,valido,valido,valido,sem_motivo,sem_motivo,sem_motivo,48610.218358/2019-53,48610.224713/2021-48,48610.231168/2025-70,True,True,True
08070508008314,RAÍZEN ENERGIA S.A. – FILIAL BENALCOOL - Bento de Abreu/SP,Bento de Abreu,SP,Etanol combustível de primeira geração – cana-de-açúcar,cana_pura,2022,5334173.58643383,7648361.26451074,56.8,60.43,59.28,56.8,t0_2022,2.480000000000004,94.29,92.07,90.98,94.29,t0_2022,-3.3100000000000023,valido,valido,valido,sem_motivo,sem_motivo,sem_motivo,48610.218349/2019-62,48610.224754/2021-34,48610.228245/2024-23,True,True,True
08070508009477,RAIZEN ENERGIA S.A - Filial Santa Helena - Rio das Pedras - SP,Rio das Pedras,SP,Etanol combustível de primeira geração – cana-de-açúcar,cana_pura,2022,5646628.07414061,7454292.69209063,55.4,58.97,55.4,55.4,t0_2022,0.0,86.85,93.56,86.85,86.85,t0_2022,0.0,valido,valido,cancelado,sem_motivo,sem_motivo,renovacao,48610.218367/2019-44,48610.224852/2021-71,48610.218367/2019-44,True,True,True
08070508009558,RAIZEN ENERGIA S.A - FILIAL DIAMANTE - Jaú​ - SP,Jaú​,SP,Etanol combustível de primeira geração – cana-de-açúcar,cana_pura,2022,5546571.45248883,7515692.49886498,53.7,56.14,56.43,53.7,t0_2022,2.729999999999997,96.75,97.16,94.59,96.75,t0_2022,-2.1599999999999966,valido,valido,valido,sem_motivo,sem_motivo,sem_motivo,48610.218356/2019-64,48610.224706/2021-46,48610.228134/2024-17,True,True,True
08070508009710,RAÍZEN ENERGIA S.A. – FILIAL MUNDIAL - Mirandópolis/SP,Mirandópolis,SP,Etanol combustível de primeira geração – cana-de-açúcar,cana_pura,2022,5288970.0827283,7652807.89013659,60.4,63.35,62.24,60.4,t0_2022,1.8400000000000034,90.53,99.04,79.68,90.53,t0_2022,-10.849999999999994,valido,valido,valido,sem_motivo,sem_motivo,sem_motivo,48610.218362/2019-11,48610.224802/2021-94,48610.231173/2025-82,True,True,True
08070508012265,RAIZEN ENERGIA S.A - Filial Rafard - Rafard - SP,Rafard,SP,Etanol combustível de primeira geração – cana-de-açúcar,cana_pura,2022,5662959.43435787,7439874.71607815,60.5,62.93,58.76,60.5,t0_2022,-1.740000000000002,91.34,95.08,74.0,91.34,t0_2022,-17.340000000000003,valido,valido,valido,sem_motivo,sem_motivo,sem_motivo,48610.218365/2019-55,48610.224848/2021-11,48610.231163/2025-47,True,True,True
08070508012427,RAIZEN ENERGIA S.A -Filial Igarapava - Igarapava - SP,Igarapava,SP,Etanol combustível de primeira geração – cana-de-açúcar,cana_pura,2022,5649443.33226948,7776607.8684645,55.6,54.7,57.71,55.6,t0_2022,2.1099999999999994,95.96,93.91,94.23,95.96,t0_2022,-1.7299999999999898,valido,valido,valido,sem_motivo,sem_motivo,sem_motivo,48610.218360/2019-22,48610.224822/2021-65,48610.228167/2024-67,True,True,True
08070508012508,RAIZEN ENERGIA S.A - FILIAL SERRA - Ibaté - SP,Ibaté,SP,Etanol combustível de primeira geração – cana-de-açúcar,cana_pura,2022,5619330.79134112,7552745.61755515,62.8,64.13,64.23,62.8,t0_2022,1.4300000000000068,95.55,96.71,92.79,95.55,t0_2022,-2.759999999999991,valido,valido,valido,sem_motivo,sem_motivo,sem_motivo,48610.205095/2019-12,48610.224845/2021-70,48610.228144/2024-52,True,True,True
08070508015795,RAIZEN ENERGIA S.A. - Filial Santa Cândida - Bocaina - SP,Bocaina,SP,Etanol combustível de primeira geração – cana-de-açúcar,cana_pura,2022,5569515.61230622,7544190.86669368,50.0,62.28,65.01,50.0,t0_2022,15.010000000000005,93.74,97.09,97.02,93.74,t0_2022,3.280000000000001,valido,valido,valido,sem_motivo,sem_motivo,sem_motivo,48610.218366/2019-08,48610.201653/2021-95,48610.221096/2023-91,True,True,True
08070508015876,RAÍZEN ENERGIA S.A. - Unidade Paraíso - Brotas/SP,Brotas,SP,Etanol combustível de primeira geração – cana-de-açúcar,cana_pura,2023,5606895.14907524,7515420.32638828,,66.38,58.18,66.38,t1_2023,-8.199999999999996,,95.35,95.99,95.35,t1_2023,0.6400000000000006,,valido,valido,,sem_motivo,sem_motivo,,48610.224715/2021-37,48610.228236/2024-32,False,True,True
08070508016414,RAÍZEN ENERGIA S.A.- filial Araraquara - Araraquara - SP,Araraquara,SP,Etanol combustível de primeira geração – cana-de-açúcar,cana_pura,2023,5600776.63963633,7570486.10648195,,64.55,63.14,64.55,t1_2023,-1.4099999999999966,,97.89,92.53,97.89,t1_2023,-5.359999999999999,,valido,valido,,sem_motivo,sem_motivo,,48610.224843/2021-81,48610.228230/2024-65,False,True,True
08070508016767,RAÍZEN ENERGIA S.A. - FILIAL JATAÍ - Jataí - GO,Jataí,GO,Etanol combustível de primeira geração – cana-de-açúcar,cana_pura,2023,5251822.50629531,8040545.41416629,,58.16,62.76,58.16,t1_2023,4.600000000000001,,95.27,71.81,95.27,t1_2023,-23.459999999999994,,valido,valido,,sem_motivo,sem_motivo,,48610.224830/2021-10,48610.228239/2024-76,False,True,True
08070566001173,BRENCO - COMPANHIA BRASILEIRA DE ENERGIA RENOVÁVEL - EM RECUPERAÇÃO JUDICIAL - Usina Água Emendada - Perolândia - GO,Perolândia,GO,Etanol combustível de primeira geração – cana-de-açúcar,cana_pura,2022,5184865.44292399,8059566.8018377,58.4,59.33,60.91,58.4,t0_2022,2.509999999999998,97.96,97.09,92.58,97.96,t0_2022,-5.3799999999999955,valido,valido,valido,sem_motivo,sem_motivo,sem_motivo,48610.215179/2019-64,48610.215179/2019-64,48610.225526/2024-24,True,True,True
08070566001254,BRENCO - COMPANHIA BRASILEIRA DE ENERGIA RENOVÁVEL - EM RECUPERAÇÃO JUDICIAL (Usina Morro Vermelho) - Mineiros-GO,Mineiros,GO,Etanol combustível de primeira geração – cana-de-açúcar,cana_pura,2022,5101602.13096546,8039652.13373141,54.7,59.01,63.38,54.7,t0_2022,8.68,100.0,94.16,93.69,100.0,t0_2022,-6.310000000000002,valido,valido,valido,sem_motivo,sem_motivo,sem_motivo,48610.215183/2019-22,48610.215183/2019-22,48610.225530/2024-92,True,True,True
08070566001688,BRENCO - Companhia Brasileira de Energia Renovável - Em Recuperação Judicial – Usina Costa Costa - Costa Rica - MS,Costa Rica,MS,Etanol combustível de primeira geração – cana-de-açúcar,cana_pura,2022,5087844.23129958,7957345.60249722,62.3,62.06,62.34,62.3,t0_2022,0.04000000000000625,97.3,98.66,93.3,97.3,t0_2022,-4.0,valido,valido,valido,sem_motivo,sem_motivo,sem_motivo,48610.215176/2019-21,48610.220021/2021-21,48610.225517/2024-33,True,True,True
08070566001769,BRENCO - COMPANHIA BRASILEIRA DE ENERGIA RENOVÁVEL - EM RECUPERAÇÃO JUDICIAL - Usina Alto Taquari Alto Taquari - MT,Alto Taquari,MT,Etanol combustível de primeira geração – cana-de-açúcar,cana_pura,2022,5072420.43125302,8038016.58791523,59.9,61.71,65.62,59.9,t0_2022,5.720000000000006,100.0,99.72,99.24,100.0,t0_2022,-0.7600000000000051,valido,valido,valido,sem_motivo,sem_motivo,sem_motivo,48610.215178/2019-10,48610.220020/2021-86,48610.225489/2024-54,True,True,True
08110543000173,DA MATA S.A. - AÇÚCAR E ÁLCOOL - Valparaíso/SP,Valparaíso,SP,Etanol combustível de primeira geração – cana-de-açúcar,cana_pura,2022,5327944.83619462,7667998.52699712,63.5,62.85,64.97,63.5,t0_2022,1.4699999999999989,97.88,99.49,58.06,97.88,t0_2022,-39.81999999999999,valido,valido,valido,sem_motivo,sem_motivo,sem_motivo,48610.208909/2019-71,48610.217665/2022-12,48610.226235/2025-34,True,True,True
08164344000148,BP BIOENERGIA ITUIUTABA LTDA - Ituiutaba - MG,Ituiutaba,MG,Etanol combustível de primeira geração – cana-de-açúcar,cana_pura,2022,5455406.60076464,7890697.43292394,62.0,,69.47,62.0,t0_2022,7.469999999999999,100.0,98.1,92.91,100.0,t0_2022,-7.090000000000003,valido,valido,valido,sem_motivo,sem_motivo,sem_motivo,48610.213286/2019-58,48610.219712/2021-81,48610.228202/2025-29,True,True,True
08195806000194,BP BIOENERGIA TROPICAL - Edéia - GO,Edéia,GO,Etanol combustível de primeira geração – cana-de-açúcar,cana_pura,2022,5412152.61339106,8039594.33635904,64.2,59.88,65.29,64.2,t0_2022,1.0900000000000034,96.43,85.23,85.28,96.43,t0_2022,-11.150000000000006,valido,valido,valido,sem_motivo,sem_motivo,sem_motivo,48610.213290/2019-16,48610.219714/2021-71,48610.216462/2024-71,True,True,True
08322396000103,CERRADINHO BIOENERGIA S.A. - Chapadão do Céu/GO,Chapadão do Céu,GO,Etanol combustível de primeira geração – cana-de-açúcar,cana_pura,2022,5146922.17573628,7956460.94242351,63.8,67.47,68.21,63.8,t0_2022,4.409999999999997,95.62,98.02,98.74,95.62,t0_2022,3.1199999999999903,valido,valido,valido,sem_motivo,sem_motivo,sem_motivo,48610.211040/2019-41,48610.213750/2022-10,48610.236907/2023-58,True,True,True
08355201000113,BIOENERGÉTICA AROEIRA S.A. - Tupaciguara – MG,Tupaciguara,MG,Etanol combustível de primeira geração – cana-de-açúcar,cana_pura,2022,5568092.54534775,7917204.86392269,63.99,63.99,70.47,63.99,t0_2022,6.479999999999997,100.0,100.0,98.83,100.0,t0_2022,-1.1700000000000017,valido,valido,valido,sem_motivo,sem_motivo,sem_motivo,48610.218206/2020-94,48610.218206/2020-94,48610.236926/2023-84,True,True,True
08391345000397,Figueira Indústria e Comércio S/A - FILIAL ALCOAZUL - Araçatuba - SP,Araçatuba,SP,Etanol combustível de primeira geração – cana-de-açúcar,cana_pura,2022,5359085.56390883,7664537.07713374,49.7,57.59,62.81,49.7,t0_2022,13.11,93.9,97.28,98.78,93.9,t0_2022,4.8799999999999955,valido,valido,valido,sem_motivo,sem_motivo,sem_motivo,48610.200904/2020-33,48610.219689/2022-14,48610.203022/2024-53,True,True,True
08493354000127,VALE DO TIJUCO AÇÚCAR E ÁLCOOL S.A. - Uberaba - MG,Uberaba,MG,Etanol combustível de primeira geração – cana-de-açúcar,cana_pura,2022,5604973.56489957,7849247.86141656,59.82,59.82,61.76,59.82,t0_2022,1.9399999999999977,96.93,96.93,76.04,96.93,t0_2022,-20.89,valido,valido,valido,sem_motivo,sem_motivo,sem_motivo,48610.205683/2021-71,48610.205683/2021-71,48610.216444/2024-99,True,True,True
08517600000133,BP BIOENERGIA ITUMBIARA S.A. - Itumbiara - GO,Itumbiara,GO,Etanol combustível de primeira geração – cana-de-açúcar,cana_pura,2022,5489836.646157,7945217.27143254,60.9,65.67,66.03,60.9,t0_2022,5.130000000000003,89.91,92.76,93.93,89.91,t0_2022,4.02000000000001,valido,valido,valido,sem_motivo,sem_motivo,sem_motivo,48610.213283/2019-14,48610.219713/2021-26,48610.216452/2024-35,True,True,True
08598391000108,RIO CLARO AGROINDUSTRIAL S.A - EM RECUPERAÇÃO JUDICIAL - Caçu/GO,Caçu,GO,Etanol combustível de primeira geração – cana-de-açúcar,cana_pura,2022,5315298.48499779,7918441.7148411,58.7,62.65,61.59,58.7,t0_2022,2.8900000000000006,95.44,98.33,94.04,95.44,t0_2022,-1.3999999999999915,valido,valido,valido,sem_motivo,sem_motivo,sem_motivo,48610.215182/2019-88,48610.224522/2021-86,48610.225537/2024-12,True,True,True
08657268000102,Usina Rio Pardo S.A. - Em Recuperação Judicial - Cerqueira Cesar - SP,Cerqueira Cesar,SP,Etanol combustível de primeira geração – cana-de-açúcar,cana_pura,2022,5512577.89193865,7455872.71081185,46.6,53.55,53.55,46.6,t0_2022,6.949999999999996,39.33,59.49,59.49,39.33,t0_2022,20.160000000000004,valido,valido,valido,sem_motivo,sem_motivo,sem_motivo,48610.218372/2019-57,48610.205456/2023-15,48610.205456/2023-15,True,True,True
08704527000109,Usina Panorama S. A. - Itumbiara - GO,Itumbiara,GO,Etanol combustível de primeira geração – cana-de-açúcar,cana_pura,2022,5437051.31620813,7966538.97482847,62.3,61.98,64.42,62.3,t0_2022,2.1200000000000045,88.94,,92.12,88.94,t0_2022,3.180000000000007,valido,valido,valido,sem_motivo,sem_motivo,sem_motivo,48610.200433/2020-63,48610.206155/2022-10,48610.209651/2025-78,True,True,True
08793343000162,BIOENERGÉTICA VALE DO PARACATU S/A - João Pinheiro - MG,João Pinheiro,MG,Etanol combustível de primeira geração – cana-de-açúcar,cana_pura,2022,5831869.17150148,8096440.97448512,70.7,65.03,66.1,70.7,t0_2022,-4.6000000000000085,100.0,84.91,59.74,100.0,t0_2022,-40.26,valido,valido,valido,sem_motivo,sem_motivo,sem_motivo,48610.221419/2019-60,48610.212314/2022-15,48610.215343/2025-81,True,True,True
08830263000130,Fátima do Sul Agro-Energética S. A. - Álcool e Açúcar - Fátima do Sul - MS,Fátima do Sul,MS,Etanol combustível de primeira geração – cana-de-açúcar,cana_pura,2022,4937402.30573602,7529808.29225759,62.6,63.28,63.28,62.6,t0_2022,0.6799999999999997,93.16,86.3,86.3,93.16,t0_2022,-6.859999999999999,valido,valido,valido,sem_motivo,sem_motivo,sem_motivo,48610.200001/2020-52,48610.207821/2022-37,48610.207821/2022-37,True,True,True
08906558000142,Agro Energia Santa Luzia em Recuperacao Judicial - Nova Alvorada do Sul/MS,Nova Alvorada do Sul,MS,Etanol combustível de primeira geração – cana-de-açúcar,cana_pura,2022,4973772.34946458,7611162.82584707,60.1,64.68,62.83,60.1,t0_2022,2.729999999999997,99.43,97.16,89.47,99.43,t0_2022,-9.960000000000008,valido,valido,valido,sem_motivo,sem_motivo,sem_motivo,48610.215180/2019-99,48610.222616/2021-11,	48610.225535/2024-15,True,True,True
09022388000104,CAMBUI ACUCAR E ALCOOL LTDA. - Santa Helena de Goiás - GO,Santa Helena de Goiás,GO,Etanol combustível de primeira geração – cana-de-açúcar,cana_pura,2022,5356517.62657771,8014249.48283873,59.2,59.08,59.08,59.2,t0_2022,-0.12000000000000455,93.4,94.79,94.79,93.4,t0_2022,1.3900000000000006,valido,valido,valido,sem_motivo,sem_motivo,sem_motivo,48610.200431/2020-74,48610.206151/2022-31,48610.206151/2022-31,True,True,True
09075242000119,EBER BIOENERGIA E AGRICULTURA LTDA. - Montes Claros de Goiás - GO,Montes Claros de Goiás,GO,Etanol combustível de primeira geração – cana-de-açúcar,cana_pura,2022,4775547.97112293,8273949.70009723,51.43,51.43,46.29,51.43,t0_2022,-5.140000000000001,100.0,100.0,100.0,100.0,t0_2022,0.0,valido,valido,valido,sem_motivo,sem_motivo,sem_motivo,48610.219879/2020-61,48610.219879/2020-61,48610.214527/2023-62,True,True,True
09538989000166,RAÍZEN CAARAPO AÇÚCAR E ÁLCOOL LTDA. - FILIAL CAARAPÓ - Caarapó - MS,Caarapó,MS,Etanol combustível de primeira geração – cana-de-açúcar,cana_pura,2022,4928433.7195605,7498055.71637994,50.6,55.22,62.44,50.6,t0_2022,11.839999999999996,77.51,92.31,72.74,77.51,t0_2022,-4.77000000000001,valido,valido,valido,sem_motivo,sem_motivo,sem_motivo,48610.218352/2019-86,48610.201652/2021-41,48610.231158/2025-34,True,True,True
09538989000409,RAÍZEN CAARAPÓ AÇÚCAR E ÁLCOOL LTDA. - Filial Paraguaçu - Paraguaçu Paulista - SP,Paraguaçu Paulista,SP,Etanol combustível de primeira geração – cana-de-açúcar,cana_pura,2023,5330307.2751111,7509869.51745985,,52.31,52.8,52.31,t1_2023,0.4899999999999949,,90.78,93.67,90.78,t1_2023,2.8900000000000006,,valido,valido,,sem_motivo,sem_motivo,,48610.224788/2021-29,48610.221099/2023-24,False,True,True
09538989000670,RAÍZEN CAARAPÓ AÇÚCAR E ÁLCOOL LTDA. - filial Maracaí - Maracaí - SP,Maracaí,SP,Etanol combustível de primeira geração – cana-de-açúcar,cana_pura,2023,5343998.32966224,7498367.91828655,,53.88,53.26,53.88,t1_2023,-0.6200000000000045,,77.08,86.84,77.08,t1_2023,9.760000000000005,,valido,valido,,sem_motivo,sem_motivo,,48610.224782/2021-51,48610.221091/2023-68,False,True,True
09538989000751,RAÍZEN CAARAPÓ AÇÚCAR E ÁLCOOL LTDA. - filial Tarumã - Tarumã - SP,Tarumã,SP,Etanol combustível de primeira geração – cana-de-açúcar,cana_pura,2023,5354100.78860249,7474917.45257299,,49.96,49.03,49.96,t1_2023,-0.9299999999999997,,72.81,76.44,72.81,t1_2023,3.6299999999999955,,valido,valido,,sem_motivo,sem_motivo,,48610.224797/2021-10,48610.221095/2023-46,False,True,True
10249419000216,SJC BIOENERGIA LTDA - USF. - Quirinópolis-GO,Quirinópolis,GO,Etanol combustível de primeira geração – cana-de-açúcar e milho em usina integrada,cana_milho_integrada,2022,5395238.45475603,7957099.15615166,58.2,68.49,70.05,58.2,t0_2022,11.849999999999994,57.0,52.26,44.4,57.0,t0_2022,-12.600000000000001,valido,valido,valido,sem_motivo,sem_motivo,sem_motivo,48610.218446/2019-55,48610.225192/2022-27,48610.221822/2025-37,True,True,True
10249419000305,SJC BIOENERGIA LTDA - URD. - Cachoeira Dourada - GO,Cachoeira Dourada,GO,Etanol combustível de primeira geração – cana-de-açúcar,cana_pura,2022,5459071.58818042,7947872.72078123,58.4,57.88,61.13,58.4,t0_2022,2.730000000000004,98.7,98.48,89.8,98.7,t0_2022,-8.900000000000006,valido,valido,valido,sem_motivo,sem_motivo,sem_motivo,48610.218448/2019-44,48610.225191/2022-82,48610.221821/2025-92,True,True,True
10452413000160,Destilaria Veredas Indústria de Açúcar e Álcool Ltda. - João Pinheiro - MG,João Pinheiro,MG,Etanol combustível de primeira geração – cana-de-açúcar,cana_pura,2022,5866154.33206323,8019987.29737984,56.4,58.36,58.36,56.4,t0_2022,1.9600000000000009,100.0,97.47,97.47,100.0,t0_2022,-2.530000000000001,valido,valido,valido,sem_motivo,sem_motivo,sem_motivo,48610.221426/2019-61,48610.233112/2022-15,48610.233112/2022-15,True,True,True
10921675000127,DESTILARIA BURITI LTDA. - Sorriso - MT,Sorriso,MT,Etanol combustível de primeira geração – cana-de-açúcar,cana_pura,2023,4825594.96841672,8620088.33291891,,28.74,39.03,28.74,t1_2023,10.290000000000003,,100.0,100.0,100.0,t1_2023,0.0,,valido,valido,,sem_motivo,sem_motivo,,48610.211514/2021-70,	48610.200842/2025-74,False,True,True
11092881000134,Bom Sucesso Agroindustria S.A. - Goiatuba - GO,Goiatuba,GO,Etanol combustível de primeira geração – cana-de-açúcar,cana_pura,2022,5439044.89446956,8009256.73986314,46.7,55.38,55.38,46.7,t0_2022,8.68,79.42,91.59,91.59,79.42,t0_2022,12.170000000000002,valido,valido,valido,sem_motivo,sem_motivo,sem_motivo,48610.220887/2019-17,48610.216640/2023-82,48610.216640/2023-82,True,True,True
12229415001001,S/A USINA CORURIPE AÇÚCAR E ÁLCOOL - Filial Iturama - Iturama - MG,Iturama,MG,Etanol combustível de primeira geração – cana-de-açúcar,cana_pura,2022,5383799.07899261,7815756.76594269,55.4,55.01,59.72,55.4,t0_2022,4.32,98.07,97.01,95.91,98.07,t0_2022,-2.1599999999999966,valido,valido,valido,sem_motivo,sem_motivo,sem_motivo,48610.220743/2019-61,48610.233229/2022-91,48610.236846/2023-29,True,True,True
12229415001435,S/A USINA CORURIPE AÇÚCAR E ÁLCOOL - Filial Campo Florido - Campo Florido - MG,Campo Florido,MG,Etanol combustível de primeira geração – cana-de-açúcar,cana_pura,2022,5551825.00544841,7799416.13504996,51.7,54.18,55.95,51.7,t0_2022,4.25,95.62,94.86,93.93,95.62,t0_2022,-1.6899999999999977,valido,valido,valido,sem_motivo,sem_motivo,sem_motivo,48610.220742/2019-16,48610.233228/2022-46,48610.236842/2023-41,True,True,True
12229415001605,S/A USINA CORURIPE AÇÚCAR E ÁLCOOL - Filial Limeira do Oeste - Limeira do Oeste - MG,Limeira do Oeste,MG,Etanol combustível de primeira geração – cana-de-açúcar,cana_pura,2022,5350615.57572406,7837088.93073151,49.7,50.3,58.07,49.7,t0_2022,8.369999999999997,99.31,98.23,96.79,99.31,t0_2022,-2.519999999999996,valido,valido,valido,sem_motivo,sem_motivo,sem_motivo,48610.220744/2019-13,"48610.233231/2022-60,",48610.236843/2023-95,True,True,True
12282034001762,USINA CAETE S.A. - Unidade Paulicéia - Paulicéia - SP,Paulicéia,SP,Etanol combustível de primeira geração – cana-de-açúcar,cana_pura,2022,5231035.18562973,7644359.25066858,67.0,58.83,56.38,67.0,t0_2022,-10.619999999999997,97.05,95.53,97.31,97.05,t0_2022,0.2600000000000051,valido,valido,valido,sem_motivo,sem_motivo,sem_motivo,48610.211396/2020-19,48610.218000/2022-26,48610.212304/2025-22,True,True,True
13537735000281,DELTA SUCROENERGIA S.A. – Usina Volta Grande - Conceição das Alagoas - MG,Conceição das Alagoas,MG,Etanol combustível de primeira geração – cana-de-açúcar,cana_pura,2022,5600022.11581419,7779379.0716028,60.12,62.77,62.77,60.12,t0_2022,2.6500000000000057,98.77,96.23,96.23,98.77,t0_2022,-2.539999999999992,valido,valido,valido,sem_motivo,sem_motivo,sem_motivo,48610.217635/2020-44,48610.201721/2023-88,48610.201721/2023-88,True,True,True
13537735000362,DELTA Sucroenergia S/A - Delta - MG,Delta,MG,Etanol combustível de primeira geração – cana-de-açúcar,cana_pura,2022,5651875.78550578,7778319.54503458,61.85,63.58,63.58,61.85,t0_2022,1.7299999999999969,97.87,96.93,96.93,97.87,t0_2022,-0.9399999999999977,valido,valido,valido,sem_motivo,sem_motivo,sem_motivo,48610.217633/2020-55,48610.201723/2023-77,48610.201723/2023-77,True,True,True
15009178000170,USINAS ITAMARATI S/A - Nova Olimpía - MT,Nova Olimpía,MT,Etanol combustível de primeira geração – cana-de-açúcar,cana_pura,2022,4655846.67665979,8364321.86756508,57.06,57.86,57.86,57.06,t0_2022,0.7999999999999972,77.6,91.31,91.31,77.6,t0_2022,13.710000000000008,valido,valido,valido,sem_motivo,sem_motivo,sem_motivo,48610.205031/2021-36,48610.204654/2023-53,48610.204654/2023-53,True,True,True
15043391000107,Cooperativa Agrícola de Produtores de Cana de Campo Novo do Parecis Ltda. - Campo Novo do Parecis - MT,Campo Novo do Parecis,MT,Etanol combustível de primeira geração – cana-de-açúcar,cana_pura,2022,4584313.44232683,8471992.38803468,48.55,48.55,52.29,48.55,t0_2022,3.740000000000002,93.76,93.76,83.18,93.76,t0_2022,-10.579999999999998,valido,valido,valido,sem_motivo,sem_motivo,sem_motivo,48610.216852/2020-17,48610.216852/2020-17,48610.227285/2024-58,True,True,True
15444904000183,ALCOOLVALE S/A - ALCOOL E AÇÚCAR - Aparecida do Taboado -MS,Aparecida do Taboado,MS,Etanol combustível de primeira geração – cana-de-açúcar,cana_pura,2022,5282458.27441009,7775739.04857417,67.1,66.45,63.74,67.1,t0_2022,-3.3599999999999923,85.28,94.07,99.25,85.28,t0_2022,13.969999999999999,valido,valido,valido,sem_motivo,sem_motivo,sem_motivo,48610.222098/2019-11,48610.233080/2022-40,48610.227641/2025-14,True,True,True
15527906000721,Biosev S.A. – USINA Passa Tempo - Rio Brilhante-MS,Rio Brilhante,MS,Etanol combustível de primeira geração – cana-de-açúcar,cana_pura,2022,4926225.23993506,7619574.82541739,65.3,48.64,48.64,65.3,t0_2022,-16.659999999999997,98.81,86.65,86.65,98.81,t0_2022,-12.159999999999997,valido,valido,cancelado,sem_motivo,sem_motivo,renovacao,48610.211665/2019-11,48610.233257/2022-16,48610.233257/2022-16,True,True,True
15527906002937,BIOSEV S.A. - Usina Lagoa da Prata - Lagoa da Prata-MG,Lagoa da Prata,MG,Etanol combustível de primeira geração – cana-de-açúcar,cana_pura,2022,5882006.09793013,7756939.1207431,64.0,53.08,54.22,64.0,t0_2022,-9.780000000000001,97.38,97.35,83.86,97.38,t0_2022,-13.519999999999996,valido,valido,valido,sem_motivo,sem_motivo,sem_motivo,48610.211663/2019-14,48610.233255/2022-19,48610.228176/2024-58,True,True,True
15527906003585,BIOSEV S.A. - Usina Rio Brilhante - Rio Brilhante - MS,Rio Brilhante,MS,Etanol combustível de primeira geração – cana-de-açúcar,cana_pura,2022,4947527.29422604,7595724.73198237,62.4,50.15,50.15,62.4,t0_2022,-12.25,98.46,92.3,92.3,98.46,t0_2022,-6.159999999999997,valido,valido,cancelado,sem_motivo,sem_motivo,renovacao,48610.210077/2019-52,48610.233258/2022-52,48610.233258/2022-52,True,True,True
15527906003666,BIOSEV S.A. - Usina Leme - Leme - SP,Leme,SP,Etanol combustível de primeira geração – cana-de-açúcar,cana_pura,2022,5695115.90535615,7532924.94260428,60.6,52.9,52.9,60.6,t0_2022,-7.700000000000003,98.59,97.75,97.75,98.59,t0_2022,-0.8400000000000034,valido,valido,cancelado,sem_motivo,sem_motivo,renovacao,48610.211657/2019-67,48610.233253/2022-20,48610.233253/2022-20,True,True,True
16617789000164,AGROPÉU – AGRO INDUSTRIAL DE POMPÉU S/A - Pompéu - MG,Pompéu,MG,Etanol combustível de primeira geração – cana-de-açúcar,cana_pura,2022,5947272.85296162,7845800.93953152,66.1,68.21,68.21,66.1,t0_2022,2.1099999999999994,89.95,88.95,88.95,89.95,t0_2022,-1.0,valido,valido,valido,sem_motivo,sem_motivo,sem_motivo,48610.222094/2019-32,48610.205459/2023-41,48610.205459/2023-41,True,True,True
18054379000188,DASA - DESTILARIA DE ÁLCOOL SERRA DOS AIMORÉS S/A - Serra dos Aimorés - MG,Serra dos Aimorés,MG,Etanol combustível de primeira geração – cana-de-açúcar,cana_pura,2023,,,,47.68,48.38,47.68,t1_2023,0.7000000000000028,,68.52,68.29,68.52,t1_2023,-0.22999999999998977,,valido,valido,,sem_motivo,sem_motivo,,48610.226248/2021-80,48610.222457/2024-05,False,True,True
19537471000161,USA - Usina Santo Ângelo Ltda. - Pirajuba - MG,Pirajuba,MG,Etanol combustível de primeira geração – cana-de-açúcar,cana_pura,2022,5568683.13700541,7782902.4380549,58.5,57.9,60.08,58.5,t0_2022,1.5799999999999983,97.66,97.54,91.29,97.66,t0_2022,-6.36999999999999,valido,valido,valido,sem_motivo,sem_motivo,sem_motivo,48610.213292/2019-13,48610.205455/2023-62,48610.224866/2024-38,True,True,True
19818301000155,ARAPORÃ BIOENERGIA S/A - ARAPORÃ - MG,ARAPORÃ,MG,Etanol combustível de primeira geração – cana-de-açúcar,cana_pura,2022,5508229.05438586,7952896.97771936,66.0,59.16,64.18,66.0,t0_2022,-1.8199999999999932,95.49,92.8,89.33,95.49,t0_2022,-6.159999999999997,valido,valido,valido,sem_motivo,sem_motivo,sem_motivo,48610.218382/2019-92,48610.217999/2022-96,48610.232421/2025-11,True,True,True
21783238000100,Destilaria Rio do Cachimbo Ltda. - João Pinheiro-MG,João Pinheiro,MG,Etanol combustível de primeira geração – cana-de-açúcar,cana_pura,2022,5861190.51579064,8007523.80949601,57.0,60.91,60.91,57.0,t0_2022,3.9099999999999966,100.0,82.85,82.85,100.0,t0_2022,-17.150000000000006,valido,valido,valido,sem_motivo,sem_motivo,sem_motivo,48610.222097/2019-76,48610.216632/2023-36,48610.216632/2023-36,True,True,True
22587687000146,Usina Monte Alegre Ltda. - Monte Belo - MG,Monte Belo,MG,Etanol combustível de primeira geração – cana-de-açúcar,cana_pura,2022,5803122.45244692,7614729.31010418,70.0,64.41,63.97,70.0,t0_2022,-6.030000000000001,90.77,92.63,91.16,90.77,t0_2022,0.39000000000000057,valido,valido,valido,sem_motivo,sem_motivo,sem_motivo,48610.217430/2019-25,48610.218115/2022-11,48610.215181/2025-81,True,True,True
23796998000188,COMPANHIA AGRÍCOLA PONTENOVENSE - Urucânia - MG,Urucânia,MG,Etanol combustível de primeira geração – cana-de-açúcar,cana_pura,2023,6176904.75728049,7710078.72683329,,54.37,59.45,54.37,t1_2023,5.080000000000005,,88.54,90.31,88.54,t1_2023,1.769999999999996,,valido,valido,,sem_motivo,sem_motivo,,48610.214858/2022-11,48610.209634/2025-31,False,True,True
23858708000183,Rio Amambai Agroenergia S/A - Naviraí - MS,Naviraí,MS,Etanol combustível de primeira geração – cana-de-açúcar,cana_pura,2022,4979537.05465003,7440917.38714525,52.51,52.51,53.52,52.51,t0_2022,1.0100000000000051,91.9,91.9,84.63,91.9,t0_2022,-7.27000000000001,valido,valido,valido,sem_motivo,sem_motivo,sem_motivo,48610.204358/2021-91,48610.204358/2021-91,48610.216426/2024-15,True,True,True
28144326000101,CANÁPOLIS AÇÚCAR E ETANOL S.A. - Canápolis - MG,Canápolis,MG,Etanol combustível de primeira geração – cana-de-açúcar,cana_pura,2023,5498545.32904852,7905364.96998199,,55.91,57.16,55.91,t1_2023,1.25,,89.92,89.74,89.92,t1_2023,-0.18000000000000682,,valido,valido,,sem_motivo,sem_motivo,,48610.205921/2022-29,48610.212752/2025-26,False,True,True
33664228000135,Usina Barralcool S/A - Barra do Bugres - MT,Barra do Bugres,MT,Etanol combustível de primeira geração – cana-de-açúcar,cana_pura,2022,4654208.22608558,8334876.74500645,51.1,51.1,52.46,51.1,t0_2022,1.3599999999999994,97.61,97.61,92.82,97.61,t0_2022,-4.790000000000006,valido,valido,valido,sem_motivo,sem_motivo,sem_motivo,48610.215697/2020-11,48610.215697/2020-11,48610.221680/2023-46,True,True,True
35637796000172,LINS AGROINDUSTRIAL S.A. Lins - SP,Lins,SP,Etanol combustível de primeira geração – cana-de-açúcar,cana_pura,2022,5460882.37165077,7603690.88753587,65.0,59.61,63.69,65.0,t0_2022,-1.3100000000000023,98.02,97.0,96.65,98.02,t0_2022,-1.3699999999999903,valido,valido,valido,sem_motivo,sem_motivo,sem_motivo,48610.213512/2019-09,48610.222657/2022-98,48610.210249/2025-36,True,True,True
37216363000250,ENERGÉTICA SANTA HELENA S/A - EM RECUPERAÇÃO JUDICIAL - Nova Andradina - MS,Nova Andradina,MS,Etanol combustível de primeira geração – cana-de-açúcar,cana_pura,2022,5059371.56284531,7566399.51702832,54.4,57.42,60.81,54.4,t0_2022,6.410000000000004,94.34,97.55,99.59,94.34,t0_2022,5.25,valido,valido,valido,sem_motivo,sem_motivo,sem_motivo,48610.219561/2019-47,48610.220714/2022-02,48610.219807/2024-48,True,True,True
38278706000192,UPI São Luis - Pirassununga - SP,Pirassununga,SP,Etanol combustível de primeira geração – cana-de-açúcar,cana_pura,2022,5691312.69666642,7563611.99846526,65.1,61.74,61.37,65.1,t0_2022,-3.729999999999997,100.0,92.1,95.14,100.0,t0_2022,-4.859999999999999,valido,valido,valido,sem_motivo,sem_motivo,sem_motivo,48610.221224/2021-34,48610.209770/2023-69,48610.210245/2025-58,True,True,True
43533819000399,USINA ITAJOBI LTDA. - AÇÚCAR E ÁLCOOL - Marapoama - SP,Marapoama,SP,Etanol combustível de primeira geração – cana-de-açúcar,cana_pura,2022,5504860.13091127,7647582.4416601,63.04,61.64,61.64,63.04,t0_2022,-1.3999999999999986,64.33,87.28,87.28,64.33,t0_2022,22.950000000000003,valido,valido,valido,sem_motivo,sem_motivo,sem_motivo,48610.222968/2019-51,48610.229114/2022-00,48610.229114/2022-00,True,True,True
43545284000104,ALCOESTE BIOENERGIA FERNANDÓPOLIS S/A - Fernandópolis - SP,Fernandópolis,SP,Etanol combustível de primeira geração – cana-de-açúcar,cana_pura,2022,5382428.10764186,7753536.53539676,60.6,58.89,59.32,60.6,t0_2022,-1.2800000000000011,97.55,96.69,98.61,97.55,t0_2022,1.0600000000000023,valido,valido,valido,sem_motivo,sem_motivo,sem_motivo,48610.222961/2019-30,48610.233078/2022-71,48610.221837/2025-03,True,True,True
43619832001760,BRANCO PERES AGRO S/A - Adamantina-SP,Adamantina,SP,Etanol combustível de primeira geração – cana-de-açúcar,cana_pura,2022,5307925.95063722,7619657.94129087,55.3,55.3,59.61,55.3,t0_2022,4.310000000000002,97.47,97.47,99.0,97.47,t0_2022,1.5300000000000011,valido,cancelado,valido,sem_motivo,expirado,sem_motivo,48610.222643/2019-79,48610.222643/2019-79,48610.231989/2023-44,True,False,True
43932102000581,RENUKA DO BRASIL S.A. - EM RECUPERAÇÃO JUDICIAL - Promissão - SP,Promissão,SP,Etanol combustível de primeira geração – cana-de-açúcar,cana_pura,2022,5430563.41020967,7600918.58442243,50.6,49.94,49.94,50.6,t0_2022,-0.6600000000000037,87.67,85.29,85.29,87.67,t0_2022,-2.3799999999999955,valido,valido,valido,sem_motivo,sem_motivo,sem_motivo,48610.206553/2021-55,48610.220362/2023-68,48610.220362/2023-68,True,True,True
44207249000148,USINA SANTA LÚCIA S.A. - Araras - SP,Araras,SP,Etanol combustível de primeira geração – cana-de-açúcar,cana_pura,2022,5678798.29682681,7514155.29728828,48.72,48.72,49.36,48.72,t0_2022,0.6400000000000006,85.28,85.28,97.0,85.28,t0_2022,11.719999999999999,valido,valido,valido,sem_motivo,sem_motivo,sem_motivo,48610.204999/2021-45,48610.204999/2021-45,48610.215834/2024-41,True,True,True
44209336003583,USJ AÇÚCAR E ÁLCOOL S.A.- Araras - SP,Araras,SP,Etanol combustível de primeira geração – cana-de-açúcar,cana_pura,2022,5683432.51600593,7504007.27659347,63.0,60.85,62.29,63.0,t0_2022,-0.7100000000000009,95.79,89.34,91.61,95.79,t0_2022,-4.180000000000007,valido,valido,valido,sem_motivo,sem_motivo,sem_motivo,48610.220755/2019-95,48610.214855/2022-88,48610.226435/2025-97,True,True,True
44330975000153,Usina Colombo S.A. Açúcar e Alcool - Unidade Ariranha - Ariranha - SP,Ariranha,SP,Etanol combustível de primeira geração – cana-de-açúcar,cana_pura,2022,5535960.51483213,7644363.40072255,67.8,64.5,67.8,67.8,t0_2022,0.0,95.19,95.97,95.19,95.19,t0_2022,0.0,valido,valido,cancelado,sem_motivo,sem_motivo,renovacao,48610.214887/2019-88,48610.214850/2022-55,48610.214887/2019-88,True,True,True
44330975002288,USINA COLOMBO S/A. - AÇUCAR E ÁLCOOL - Unidade Palestina - Palestina - SP,Palestina,SP,Etanol combustível de primeira geração – cana-de-açúcar,cana_pura,2022,5458429.37318275,7758079.54540743,67.3,61.17,67.3,67.3,t0_2022,0.0,98.37,97.54,98.37,98.37,t0_2022,0.0,valido,valido,cancelado,sem_motivo,sem_motivo,renovacao,48610.214886/2019-33,48610.214851/2022-08,48610.214886/2019-33,True,True,True
44330975002520,Usina Colombo S.A. Açúcar e Álcool – Unidade Santa Albertina - Santa Albertina - SP,Santa Albertina,SP,Etanol combustível de primeira geração – cana-de-açúcar,cana_pura,2022,5347374.69593228,7779771.82465078,69.2,64.59,69.2,69.2,t0_2022,0.0,95.13,94.45,95.13,95.13,t0_2022,0.0,valido,valido,cancelado,sem_motivo,sem_motivo,renovacao,48610.214889/2019-77,48610.214852/2022-44,48610.214889/2019-77,True,True,True
44346583000182,Usina Açucareira Guaíra Ltda. - Guaíra - SP,Guaíra,SP,Etanol combustível de primeira geração – cana-de-açúcar,cana_pura,2022,5603715.23003702,7730571.00786188,53.66,53.66,67.94,53.66,t0_2022,14.280000000000001,99.43,99.43,99.62,99.43,t0_2022,0.18999999999999773,valido,valido,valido,sem_motivo,sem_motivo,sem_motivo,48610.204335/2020-03,48610.204335/2020-03,48610.221681/2023-91,True,True,True
44373108000103,COCAL Comércio Indústria Canaã Açúcar e Alcool Ltda. - Unidade Paraguaçu Paulista Paraguaçu Paulista-SP,Paraguaçu Paulista,SP,Etanol combustível de primeira geração – cana-de-açúcar,cana_pura,2022,5330307.2751111,7509869.51745985,65.0,62.55,67.86,65.0,t0_2022,2.8599999999999994,96.84,97.6,99.0,96.84,t0_2022,2.1599999999999966,valido,valido,valido,sem_motivo,sem_motivo,sem_motivo,48610.217081/2019-41,48610.214507/2022-19,48610.231650/2024-29,True,True,True
44373108000600,Cocal Com. Ind. Canaã Açúcar e Álcool Ltda - Unidade Narandiba - Narandiba-SP,Narandiba,SP,Etanol combustível de primeira geração – cana-de-açúcar,cana_pura,2022,,,66.2,64.65,67.92,66.2,t0_2022,1.7199999999999989,96.83,98.63,92.94,96.83,t0_2022,-3.8900000000000006,valido,valido,valido,sem_motivo,sem_motivo,sem_motivo,48610.217083/2019-31,48610.214508/2022-55,48610.231655/2024-51,True,True,True
44691236000197,DELLA COLETTA BIOENERGIA S/A - Bariri - SP,Bariri,SP,Etanol combustível de primeira geração – cana-de-açúcar,cana_pura,2022,5545323.30509419,7550248.53242205,59.5,61.07,61.07,59.5,t0_2022,1.5700000000000003,90.16,88.54,88.54,90.16,t0_2022,-1.6199999999999903,valido,valido,valido,sem_motivo,sem_motivo,sem_motivo,48610.222641/2019-80,48610.205458/2023-04,48610.205458/2023-04,True,True,True
44836856000177,Agroindustrial Vista Alegre S. A. Em Recuperação Judicial - Itapetininga - SP,Itapetininga,SP,Etanol combustível de primeira geração – cana-de-açúcar,cana_pura,2022,5603690.47264389,7380267.80742244,53.4,57.82,57.82,53.4,t0_2022,4.420000000000002,93.9,93.26,93.26,93.9,t0_2022,-0.6400000000000006,valido,valido,valido,sem_motivo,sem_motivo,sem_motivo,48610.206100/2020-48,4610.220158/2023-47,4610.220158/2023-47,True,True,True
44845915000173,Destilaria Generalco S/A – em recuperação judicial​ - General Salgado - SP,General Salgado,SP,Etanol combustível de primeira geração – cana-de-açúcar,cana_pura,2023,5376664.43655424,7719933.84368087,,57.32,61.91,57.32,t1_2023,4.589999999999996,,95.48,96.47,95.48,t1_2023,0.9899999999999949,,valido,valido,,sem_motivo,sem_motivo,,48610.219687/2022-17,48610.203023/2024-06,False,True,True
44870939000182,Pitangueiras Açúcar e Álcool Ltda. - Pitangueiras - SP,Pitangueiras,SP,Etanol combustível de primeira geração – cana-de-açúcar,cana_pura,2022,5596166.39886262,7660790.73792399,61.5,59.49,60.44,61.5,t0_2022,-1.0600000000000023,97.0,93.3,95.44,97.0,t0_2022,-1.5600000000000023,valido,valido,valido,sem_motivo,sem_motivo,sem_motivo,48610.216169/2019-46,48610.229417/2022-14,48610.224885/2025-45,True,True,True
45281813000135,Usina Santa Fé S.A. - Nova Europa - SP,Nova Europa,SP,Etanol combustível de primeira geração – cana-de-açúcar,cana_pura,2022,5556939.58752334,7576579.64969499,55.9,56.92,59.47,55.9,t0_2022,3.5700000000000003,98.34,98.11,97.01,98.34,t0_2022,-1.3299999999999983,valido,valido,valido,sem_motivo,sem_motivo,sem_motivo,48610.215193/2019-68,48610.224384/2022-16,48610.229546/2024-74,True,True,True
45353547000109,"USINA SANTA RITA S.A. AÇÚCAR E ÁLCOOL, EM RECUPERAÇÃO JUDICIAL - SANTA RITA DO PASSA QUATRO - SP",SANTA RITA DO PASSA QUATRO,SP,Etanol combustível de primeira geração – cana-de-açúcar,cana_pura,2022,5657705.1296763,7583579.8459617,53.52,53.52,55.38,53.52,t0_2022,1.8599999999999994,62.59,62.59,58.9,62.59,t0_2022,-3.690000000000005,valido,valido,valido,sem_motivo,sem_motivo,sem_motivo,48610.203883/2021-99,48610.203883/2021-99,48610.222326/2024-10,True,True,True
45483450000110,CLEALCO AÇÚCAR E ÁLCOOL S/A - EM RECUPERAÇÃO JUDICIAL - Clementina - SP,Clementina,SP,Etanol combustível de primeira geração – cana-de-açúcar,cana_pura,2022,5369363.39529016,7608602.38041061,55.46,55.46,51.12,55.46,t0_2022,-4.340000000000003,97.7,97.7,79.53,97.7,t0_2022,-18.17,valido,valido,valido,sem_motivo,sem_motivo,sem_motivo,48610.214333/2021-03,48610.214333/2021-03,48610.229526/2024-01,True,True,True
45483450002164,Clealco Açúcar e Álcool S/A - em Recuperação Judicial - Queiroz - SP,Queiroz,SP,Etanol combustível de primeira geração – cana-de-açúcar,cana_pura,2022,5390674.85593007,7582859.67530875,62.36,62.36,53.02,62.36,t0_2022,-9.339999999999996,93.9,93.9,86.89,93.9,t0_2022,-7.010000000000005,valido,valido,valido,sem_motivo,sem_motivo,sem_motivo,48610.220138/2020-23,48610.220138/2020-23,48610.236936/2023-10,True,True,True
45765914000181,CENTRAL ENERGÉTICA MORENO AÇÚCAR E ÁLCOOL LTDA EM RECUPERAÇÃO JUDICIAL - Luiz Antônio - SP,Luís Antônio,SP,Etanol combustível de primeira geração – cana-de-açúcar,cana_pura,2022,5645462.82453837,7610495.04934604,57.9,58.78,58.58,57.9,t0_2022,0.6799999999999997,95.59,94.82,98.0,95.59,t0_2022,2.4099999999999966,valido,valido,valido,sem_motivo,sem_motivo,sem_motivo,48610.222644/2019-13,48610.230495/2022-61,48610.224098/2025-01,True,True,True
45902707000121,Diana Bioenergia Avanhandava S/A - Avanhandava-SP,Avanhandava,SP,Etanol combustível de primeira geração – cana-de-açúcar,cana_pura,2022,5425627.11498278,7626815.59557634,60.0,59.3,60.47,60.0,t0_2022,0.46999999999999886,90.7,94.43,97.04,90.7,t0_2022,6.340000000000003,valido,valido,valido,sem_motivo,sem_motivo,sem_motivo,48610.220327/2019-62,48610.230649/2022-15,48610.236913/2023-13,True,True,True
45968162000156,SALTO BOTELHO AGROENERGIA S.A. – Lucélia - SP,Lucélia,SP,Etanol combustível de primeira geração – cana-de-açúcar,cana_pura,2023,5314855.65428215,7610939.52175401,,54.25,53.48,54.25,t1_2023,-0.7700000000000031,,76.37,85.75,76.37,t1_2023,9.379999999999995,,valido,valido,,sem_motivo,sem_motivo,,48610.233093/2022-19,48610.233638/2025-30,False,True,True
47063128000168,USINA SÃO DOMINGOS AÇÚCAR E ETANOL S/A - Catanduva - SP,Catanduva,SP,Etanol combustível de primeira geração – cana-de-açúcar,cana_pura,2022,5517368.203587,7657801.06786345,64.1,64.68,60.65,64.1,t0_2022,-3.4499999999999957,93.94,95.19,95.73,93.94,t0_2022,1.7900000000000063,valido,valido,valido,sem_motivo,sem_motivo,sem_motivo,48610.222965/2019-18,48610.222063/2021-04,48610.229240/2024-18,True,True,True
47080619001199,TEREOS AÇÚCAR E ENERGIA BRASIL S.A. - Unidade Cruz Alta - Olímpia - SP,Olímpia,SP,Etanol combustível de primeira geração – cana-de-açúcar,cana_pura,2022,5509494.07154641,7703220.73996033,60.0,66.74,63.93,60.0,t0_2022,3.9299999999999997,95.24,95.53,92.28,95.24,t0_2022,-2.9599999999999937,valido,valido,valido,sem_motivo,sem_motivo,sem_motivo,48610.215259/2019-10,48610.233237/2022-37,48610.209801/2025-43,True,True,True
47080619003051,TEREOS ACUCAR E ENERGIA BRASIL S.A. - Unidade Tanabi - Tanabi - SP,Tanabi,SP,Etanol combustível de primeira geração – cana-de-açúcar,cana_pura,2022,5465162.19200102,7727366.90580903,64.8,68.01,65.84,64.8,t0_2022,1.0400000000000063,95.0,95.76,96.1,95.0,t0_2022,1.0999999999999943,valido,valido,valido,sem_motivo,sem_motivo,sem_motivo,48610.215263/2019-88,48610.233248/2022-17,48610.209805/2025-21,True,True,True
47080619003302,TEREOS AÇÚCAR E ENERGIA BRASIL S.A. - Unidade Mandú - Guaíra - SP,Guaíra,SP,Etanol combustível de primeira geração – cana-de-açúcar,cana_pura,2022,5583172.62415267,7724294.71940503,61.9,64.84,62.07,61.9,t0_2022,0.1700000000000017,98.44,97.05,96.3,98.44,t0_2022,-2.1400000000000006,valido,valido,valido,sem_motivo,sem_motivo,sem_motivo,48610.215260/2019-44,48610.233238/2022-81,48610.209803/2025-32,True,True,True
47080619006158,TEREOS AÇÚCAR E ENERGIA BRASIL S.A. - UNIDADE ANDRADE - Pitangueiras - SP,Pitangueiras,SP,Etanol combustível de primeira geração – cana-de-açúcar,cana_pura,2022,5593928.21704737,7665735.780493,61.7,65.43,63.22,61.7,t0_2022,1.519999999999996,95.68,95.09,87.74,95.68,t0_2022,-7.940000000000012,valido,valido,valido,sem_motivo,sem_motivo,sem_motivo,48610.215253/2019-42,48610.233235/2022-48,48610.209799/2025-11,True,True,True
47080619006239,TEREOS AÇÚCAR E ENERGIA BRASIL S.A. - Unidade São José - Colina - SP,Colina,SP,Etanol combustível de primeira geração – cana-de-açúcar,cana_pura,2022,5569368.69742976,7704546.1168507,61.2,65.18,65.16,61.2,t0_2022,3.9599999999999937,98.25,97.65,93.73,98.25,t0_2022,-4.519999999999996,valido,valido,valido,sem_motivo,sem_motivo,sem_motivo,48610.215261/2019-99,48610.233247/2022-72,48610.209804/2025-87,True,True,True
47254396000167,J PILON SA AÇÚCAR E ÁLCOOL - Cerquilho - SP,Cerquilho,SP,Etanol combustível de primeira geração – cana-de-açúcar,cana_pura,2022,5636301.19852914,7423905.86840809,49.8,51.0,49.44,49.8,t0_2022,-0.35999999999999943,86.54,90.72,89.78,86.54,t0_2022,3.239999999999995,valido,valido,valido,sem_motivo,sem_motivo,sem_motivo,48610.219092/2019-66,48610.218112/2022-87,48610.215346/2025-15,True,True,True
47524632000118,USINA SANTA ISABEL S/A - UNIDADE NOVO HORIZONTE - Novo Horizonte - SP,Novo Horizonte,SP,Etanol combustível de primeira geração – cana-de-açúcar,cana_pura,2022,5496435.62234828,7613043.54136429,67.5,65.93,66.92,67.5,t0_2022,-0.5799999999999983,98.77,95.6,96.11,98.77,t0_2022,-2.6599999999999966,valido,valido,valido,sem_motivo,sem_motivo,sem_motivo,48610.219060/2019-61,48610.219832/2021-89,48610.209788/2025-22,True,True,True
47524632000894,USINA SANTA ISABEL S/A - UNIDADE MENDONÇA - Mendonça - SP,Mendonça,SP,Etanol combustível de primeira geração – cana-de-açúcar,cana_pura,2022,5455702.14108104,7653667.26903664,69.0,67.52,67.21,69.0,t0_2022,-1.7900000000000063,96.89,96.93,95.71,96.89,t0_2022,-1.1800000000000068,valido,valido,valido,sem_motivo,sem_motivo,sem_motivo,48610.219063/2019-02,48610.219836/2021-67,48610.209786/2025-33,True,True,True
47902283000120,Sonora Estância S.A - Sonora - MS,Sonora,MS,Etanol combustível de primeira geração – cana-de-açúcar,cana_pura,2022,4919768.99292888,8054550.5566479,64.7,70.94,69.53,64.7,t0_2022,4.829999999999998,98.96,100.0,99.68,98.96,t0_2022,0.7200000000000131,valido,valido,valido,sem_motivo,sem_motivo,sem_motivo,48610.217370/2019-41,48610.206099/2022-13,48610.209628/2025-83,True,True,True
48295562001108,USINA ALTO ALEGRE S/A - ACUCAR E ALCOOL - Presidente Prudente - SP,Presidente Prudente,SP,Etanol combustível de primeira geração – cana-de-açúcar,cana_pura,2022,5283264.01821824,7578474.155203,59.0,61.33,62.48,59.0,t0_2022,3.479999999999997,90.68,61.64,90.73,90.68,t0_2022,0.04999999999999716,valido,valido,valido,sem_motivo,sem_motivo,sem_motivo,48610.217838/2019-05,48610.217729/2022-85,48610.234161/2023-48,True,True,True
48295562001450,USINA ALTO ALEGRE S/A AÇÚCAR E ÁLCOOL - Colorado - PR,Colorado,PR,Etanol combustível de primeira geração – cana-de-açúcar,cana_pura,2022,5210409.50388839,7461546.41330971,61.1,65.08,65.08,61.1,t0_2022,3.979999999999997,98.14,95.01,95.01,98.14,t0_2022,-3.1299999999999955,valido,valido,valido,sem_motivo,sem_motivo,sem_motivo,48610.217841/2019-11,48610.217731/2022-54,48610.217731/2022-54,True,True,True
48295562001884,USINA ALTO ALEGRE S/A - ACUCAR E ALCOOL - Santo Inácio - PR,Santo Inácio,PR,Etanol combustível de primeira geração – cana-de-açúcar,cana_pura,2022,5225835.15506161,7492389.11037589,65.1,67.28,67.28,65.1,t0_2022,2.180000000000007,97.02,94.35,94.35,97.02,t0_2022,-2.6700000000000017,valido,valido,valido,sem_motivo,sem_motivo,sem_motivo,48610.217839/2019-41,48610.217732/2022-07,48610.217732/2022-07,True,True,True
48295562001965,USINA ALTO ALEGRE S/A - ACUCAR E ALCOOL - Florestópolis - PR,Florestópolis,PR,Etanol combustível de primeira geração – cana-de-açúcar,cana_pura,2022,5265765.11720501,7466901.54571138,62.6,66.67,66.67,62.6,t0_2022,4.07,93.6,96.18,96.18,93.6,t0_2022,2.5800000000000125,valido,valido,valido,sem_motivo,sem_motivo,sem_motivo,48610.217842/2019-65,48610.217730/2022-18,48610.217730/2022-18,True,True,True
48708267046156,Nardini Agroindustrial Ltda. - Vista Alegre do Alto/SP,Vista Alegre do Alto,SP,Etanol combustível de primeira geração – cana-de-açúcar,cana_pura,2022,5555394.58545559,7647146.73236478,63.5,64.1,61.91,63.5,t0_2022,-1.5900000000000034,94.23,98.32,97.1,94.23,t0_2022,2.8699999999999903,valido,valido,valido,sem_motivo,sem_motivo,sem_motivo,48610.212105/2019-76,48610.219821/2021-07,48610.219606/2025-21,True,True,True
49049638000106,INDÚSTRIA E COMÉRCIO DE BEBIDAS SEIS LAGOAS LTDA. - Brotas - SP,Brotas,SP,Etanol combustível de primeira geração – cana-de-açúcar,cana_pura,2022,5590165.35110969,7522329.45488203,39.28,47.68,39.28,39.28,t0_2022,0.0,95.61,97.01,95.61,95.61,t0_2022,0.0,valido,valido,cancelado,sem_motivo,sem_motivo,renovacao,48610.219072/2020-29,48610.210844/2022-29,48610.219072/2020-29,True,True,True
49213747000117,BIOSEV BIOENERGIA S.A. - Usina Vale do Rosário - Morro Agudo-SP,Morro Agudo,SP,Etanol combustível de primeira geração – cana-de-açúcar,cana_pura,2022,5603690.00942673,7690368.28528379,57.3,52.31,56.63,57.3,t0_2022,-0.6699999999999946,97.63,97.64,96.5,97.63,t0_2022,-1.1299999999999955,valido,valido,valido,sem_motivo,sem_motivo,sem_motivo,48610.211660/2019-81,48610.233250/2022-96,48610.221085/2023-19,True,True,True
49213747011585,BIOSEV BIOENERGIA S.A. - Usina MB - Morro Agudo-SP,Morro Agudo,SP,Etanol combustível de primeira geração – cana-de-açúcar,cana_pura,2022,5603690.00942673,7690368.28528379,53.8,49.67,49.67,53.8,t0_2022,-4.1299999999999955,98.73,98.21,98.21,98.73,t0_2022,-0.5200000000000102,valido,valido,cancelado,sem_motivo,sem_motivo,renovacao,48610.211662/2019-70,48610.233260/2022-21,48610.233260/2022-21,True,True,True
49213747011828,BIOSEV BIOENERGIA S.A. - Usina Santa Elisa - Sertãozinho - SP,Sertãozinho,SP,Etanol combustível de primeira geração – cana-de-açúcar,cana_pura,2022,5615281.36045109,7653041.04163243,54.6,51.9,51.9,54.6,t0_2022,-2.700000000000003,98.86,97.67,97.67,98.86,t0_2022,-1.1899999999999977,valido,valido,cancelado,sem_motivo,sem_motivo,renovacao,48610.210071/2019-85,48610.233259/2022-05,48610.233259/2022-05,True,True,True
49213747012980,BIOSEV BIOENERGIA S.A. - Usina Continental - Colômbia-SP,Colômbia,SP,Etanol combustível de primeira geração – cana-de-açúcar,cana_pura,2022,5561854.80646371,7752670.3605914,53.9,52.81,55.2,53.9,t0_2022,1.3000000000000043,100.0,98.31,98.78,100.0,t0_2022,-1.2199999999999989,valido,valido,valido,sem_motivo,sem_motivo,sem_motivo,48610.211661/2019-25,48610.233251/2022-31,48610.221093/2023-57,True,True,True
49605157000210,LONDRA AÇÚCAR E ÁLCOOL LTDA.​ - Itaí -SP,Itaí,SP,Etanol combustível de primeira geração – cana-de-açúcar,cana_pura,2022,5516624.21610669,7387741.1310015,61.7,66.54,67.21,61.7,t0_2022,5.509999999999991,100.0,100.0,100.0,100.0,t0_2022,0.0,valido,valido,valido,sem_motivo,sem_motivo,sem_motivo,48610.219479/2019-12, 48610.217744/2022-23,48610.225311/2025-94,True,True,True
49972326000170,Bunge Açúcar e Bioenergia S.A. - Usina Moema - Orindiuva - SP,Orindiuva,SP,Etanol combustível de primeira geração – cana-de-açúcar,cana_pura,2022,5485088.29434952,7754877.64768698,56.2,60.46,63.49,56.2,t0_2022,7.289999999999999,96.97,95.25,95.91,96.97,t0_2022,-1.0600000000000023,valido,valido,valido,sem_motivo,sem_motivo,sem_motivo,48610.218819/2019-98,48610.219694/2021-38,48610.216455/2024-79,True,True,True
49972326003861,BUNGE ACUCAR E BIOENERGIA S.A. - Ponta Porã - MS,Ponta Porã,MS,Etanol combustível de primeira geração – cana-de-açúcar,cana_pura,2022,4886354.279116,7532810.49108476,60.8,66.84,68.77,60.8,t0_2022,7.969999999999999,95.93,92.59,93.21,95.93,t0_2022,-2.720000000000013,valido,valido,valido,sem_motivo,sem_motivo,sem_motivo,48610.218811/2019-21,48610.219708/2021-13,48610.216450/2024-46,True,True,True
49976251000103,MALOSSO BIOENERGIA S.A. - Itápolis - SP,Itápolis,SP,Etanol combustível de primeira geração – cana-de-açúcar,cana_pura,2022,5535383.51598067,7598591.50424386,59.55,59.55,53.27,59.55,t0_2022,-6.279999999999994,93.24,93.24,95.09,93.24,t0_2022,1.8500000000000085,valido,valido,valido,sem_motivo,sem_motivo,sem_motivo,48610.206099/2020-51,48610.206099/2020-51,48610.220393/2023-19,True,True,True
50227255000160,DESTILARIA ÁGUA BONITA LTDA. - Tarumã - SP,Tarumã,SP,Etanol combustível de primeira geração – cana-de-açúcar,cana_pura,2022,5349061.14213217,7479533.32955514,50.8,50.8,52.71,50.8,t0_2022,1.9100000000000037,67.98,67.98,66.34,67.98,t0_2022,-1.6400000000000006,valido,cancelado,valido,sem_motivo,expirado,sem_motivo,48610.200429/2020-03,48610.200429/2020-03,48610.232416/2023-38,True,False,True
50376938000189,USINA SANTA ADÉLIA S.A. - JABOTICABAL - Jaboticabal - SP,Jaboticabal,SP,Etanol combustível de primeira geração – cana-de-açúcar,cana_pura,2022,5590917.70040942,7628804.8133987,65.01,64.79,65.16,65.01,t0_2022,0.14999999999999147,90.19,98.45,98.51,90.19,t0_2022,8.320000000000007,valido,valido,valido,sem_motivo,sem_motivo,sem_motivo,48610.218718/2020-51,48610.226922/2022-15,48610.222491/2024-71,True,True,True
50376938000936,Usina Santa Adelia S. A. - Unidade Pereira Barreto - Pereira Barreto - SP,Pereira Barreto,SP,Etanol combustível de primeira geração – cana-de-açúcar,cana_pura,2022,5287223.2377826,7726234.20084834,61.1,62.48,62.07,61.1,t0_2022,0.9699999999999989,95.97,96.9,98.53,95.97,t0_2022,2.5600000000000023,valido,valido,valido,sem_motivo,sem_motivo,sem_motivo,48610.219087/2019-53,48610.226921/2022-62,48610.222492/2024-16,True,True,True
51466860000156,SÃO MARTINHO S.A (Unidade São Martinho) - Pradópolis - SP,Pradópolis,SP,Etanol combustível de primeira geração – cana-de-açúcar,cana_pura,2022,5609001.64500966,7630455.82840102,60.6,63.44,63.28,60.6,t0_2022,2.6799999999999997,98.5,98.14,96.39,98.5,t0_2022,-2.1099999999999994,valido,valido,valido,sem_motivo,sem_motivo,sem_motivo,48610.206600/2019-46,48610.209088/2022-95,48610.221835/2025-14,True,True,True
51466860002957,SÃO MARTINHO S.A. - USINA IRACEMA - Iracemápolis - SP,Iracemápolis,SP,Etanol combustível de primeira geração – cana-de-açúcar ,cana_pura,2022,5665248.28530554,7487017.71529497,58.22,58.22,59.57,58.22,t0_2022,1.3500000000000014,95.4,95.4,92.96,95.4,t0_2022,-2.440000000000012,valido,valido,valido,sem_motivo,sem_motivo,sem_motivo,48610.216556/2020-16,48610.216556/2020-16,48610.221833/2025-17,True,True,True
51466860005034,SÃO MARTINHO S.A (Unidade Santa Cruz) - Américo Brasiliense-SP,Américo Brasiliense,SP,Etanol combustível de primeira geração – cana-de-açúcar,cana_pura,2022,5612905.36226079,7581553.7989518,62.5,62.4,64.58,62.5,t0_2022,2.0799999999999983,85.85,91.68,90.29,85.85,t0_2022,4.440000000000012,valido,valido,valido,sem_motivo,sem_motivo,sem_motivo,48610.206598/2019-13,48610.209085/2022-51,48610.221834/2025-61,True,True,True
51466860006278,SÃO MARTINHO S.A (Usina Boa Vista) - Quirinópolis/GO,Quirinópolis,GO,Etanol combustível de primeira geração – cana-de-açúcar,cana_pura,2022,5376520.66146883,7944455.4369707,62.7,65.47,62.7,62.7,t0_2022,0.0,96.19,99.42,96.19,96.19,t0_2022,0.0,valido,valido,cancelado,sem_motivo,sem_motivo,renovacao,48610.206596/2019-16,48610.209084/2022-15,48610.206596/2019-16,True,True,True
51843514000140,TIETÊ AGROINDUSTRIAL S.A. - PARAÍSO - SP,PARAÍSO,SP,Etanol combustível de primeira geração – cana-de-açúcar,cana_pura,2022,5548660.68469603,7662946.39321125,61.1,63.9,65.58,61.1,t0_2022,4.479999999999997,98.03,99.08,95.58,98.03,t0_2022,-2.450000000000003,valido,valido,valido,sem_motivo,sem_motivo,sem_motivo,48610.218443/2019-11,48610.220719/2022-27,48610.204539/2024-60,True,True,True
51843514009600,TIETÊ AGROINDUSTRIAL S.A. - Unidade Ubarana - Ubarana - SP,Ubarana,SP,Etanol combustível de primeira geração – cana-de-açúcar,cana_pura,2022,5442063.71458744,7647628.5712649,59.2,63.05,61.82,59.2,t0_2022,2.6199999999999974,98.26,99.47,96.18,98.26,t0_2022,-2.0799999999999983,valido,valido,valido,sem_motivo,sem_motivo,sem_motivo,48610.218445/2019-19,48610.220717/2022-38,48610.226783/2025-64,True,True,True
51990778000126,Açúcar e Alcool Oswaldo Ribeiro Mendonça Ltda - Guaíra-SP,Guaíra,SP,Etanol combustível de primeira geração – cana-de-açúcar,cana_pura,2022,5603715.23003702,7730571.00786188,64.3,63.95,64.3,64.3,t0_2022,0.0,97.54,98.74,97.54,97.54,t0_2022,0.0,valido,valido,cancelado,sem_motivo,sem_motivo,renovacao,48610.218376/2019-35,48610.224387/2022-50,48610.218376/2019-35,True,True,True
53009825000133,Usina Alta Mogiana S/A Açúcar e Álcool - São Joaquim da Barra - SP,São Joaquim da Barra,SP,Etanol combustível de primeira geração – cana-de-açúcar,cana_pura,2022,5638988.90398604,7722104.34950551,62.9,64.15,64.65,62.9,t0_2022,1.750000000000007,99.36,100.0,100.0,99.36,t0_2022,0.6400000000000006,valido,valido,valido,sem_motivo,sem_motivo,sem_motivo,48610.217837/2019-52,48610.222465/2022-81,48610.221855/2025-87,True,True,True
53172300000114,USINA SÃO JOSÉ DA ESTIVA S.A. AÇÚCAR E ÁLCOOL - Novo Horizonte - SP,Novo Horizonte,SP,Etanol combustível de primeira geração – cana-de-açúcar,cana_pura,2022,5498236.06647977,7615531.14246577,63.0,60.9,63.11,63.0,t0_2022,0.10999999999999943,96.18,94.73,96.98,96.18,t0_2022,0.7999999999999972,valido,valido,valido,sem_motivo,sem_motivo,sem_motivo,48610.219056/2019-01,48610.229410/2022-01,48610.224902/2025-44,True,True,True
53408860000125,Usina São Luiz S/A - Ourinhos - SP,Ourinhos,SP,Etanol combustível de primeira geração – cana-de-açúcar,cana_pura,2022,5434145.34247822,7456211.45718872,59.7,63.46,63.46,59.7,t0_2022,3.759999999999998,96.33,95.05,95.05,96.33,t0_2022,-1.2800000000000011,valido,valido,cancelado,sem_motivo,sem_motivo,renovacao,48610.218786/2019-86,48610.214506/2022-66,48610.214506/2022-66,True,True,True
53811006000105,Viralcool Açúcar e Álcool Ltda. - Pitangueiras - SP,Pitangueiras,SP,Etanol combustível de primeira geração – cana-de-açúcar,cana_pura,2022,5597642.87620166,7673060.58481972,67.1,63.32,66.12,67.1,t0_2022,-0.9799999999999898,96.91,97.21,97.44,96.91,t0_2022,0.5300000000000011,valido,valido,valido,sem_motivo,sem_motivo,sem_motivo,48610.216497/2019-42,48610.229414/2022-81,48610.226401/2025-01,True,True,True
53811006000296,VIRALCOOL ACUCAR E ALCOOL LTDA - Castilho - SP,Castilho,SP,Etanol combustível de primeira geração – cana-de-açúcar,cana_pura,2022,5250469.97424121,7665558.87736064,64.8,62.78,63.25,64.8,t0_2022,-1.5499999999999972,96.92,96.87,86.73,96.92,t0_2022,-10.189999999999998,valido,valido,valido,sem_motivo,sem_motivo,sem_motivo,48610.216498/2019-97,48610.229412/2022-91,48610.220448/2025-52,True,True,True
54470679000101,USINA BATATAIS S/A AÇÚCAR E ÁLCOOL - Batatais - SP,Batatais,SP,Etanol combustível de primeira geração – cana-de-açúcar,cana_pura,2022,5669415.53486182,7691324.17737747,67.3,63.24,62.76,67.3,t0_2022,-4.539999999999999,98.28,98.31,95.0,98.28,t0_2022,-3.280000000000001,valido,valido,valido,sem_motivo,sem_motivo,sem_motivo,48610.213513/2019-45,48610.232967/2022-11,48610.226776/2025-62,True,True,True
54844360000107,Baldin Bioenergia S. A. - Pirassununga - SP,Pirassununga,SP,Etanol combustível de primeira geração – cana-de-açúcar,cana_pura,2022,5676699.37391274,7550570.79151787,60.0,56.9,56.9,60.0,t0_2022,-3.1000000000000014,96.38,97.27,97.27,96.38,t0_2022,0.8900000000000006,valido,valido,valido,sem_motivo,sem_motivo,sem_motivo,48610.208482/2020-44,48610.220383/2023-83,48610.220383/2023-83,True,True,True
54846951000105,Ferrari Agroindústria S.A. - Pirassununga - SP,Pirassununga,SP,Etanol combustível de primeira geração – cana-de-açúcar,cana_pura,2022,5686171.87576836,7568741.50613581,68.2,61.46,63.04,68.2,t0_2022,-5.160000000000004,91.32,88.6,,91.32,t0_2022,,valido,valido,valido,sem_motivo,sem_motivo,sem_motivo,48610.213417/2019-05,48610.212321/2022-17,48610.209958/2025-79,True,True,True
55090971000161,CAFEÁLCOOL AGROINDUSTRIAL LTDA. (EM RECUPERAÇÃO JUDICIAL) - Cafelândia - SP,Cafelândia,SP,Etanol combustível de primeira geração – cana-de-açúcar,cana_pura,2022,5464230.63938766,7591862.81354918,57.85,57.85,65.54,57.85,t0_2022,7.690000000000005,96.67,96.67,97.36,96.67,t0_2022,0.6899999999999977,valido,valido,valido,sem_motivo,sem_motivo,sem_motivo,48610.220092/2020-42,48610.220092/2020-42,48610.228568/2023-36,True,True,True
55109474000168,"Usina Carolo S/A – Açúcar e Álcool, em Recuperação Judicial - Pontal - SP",Pontal,SP,Etanol combustível de primeira geração – cana-de-açúcar,cana_pura,2022,5621016.86284423,7664946.45696951,49.0,51.24,49.0,49.0,t0_2022,0.0,86.7,94.61,86.7,86.7,t0_2022,0.0,valido,valido,cancelado,sem_motivo,sem_motivo,renovacao, 48610.222962/2019-84,48610.229544/2022-13, 48610.222962/2019-84,True,True,True
55109565000101,"USINA BAZAN S.A. - Pontal, SP",Pontal,SP,Etanol combustível de primeira geração – cana-de-açúcar,cana_pura,2022,5624440.83906075,7664109.77536027,66.2,65.38,65.38,66.2,t0_2022,-0.8200000000000074,98.36,99.11,99.11,98.36,t0_2022,0.75,valido,valido,valido,sem_motivo,sem_motivo,sem_motivo,48610.221798/2019-98,48610.202259/2022-55,48610.202259/2022-55,True,True,True
56723257000207,Usina Açucareira Furlan S/A - Avaré - SP,Avaré,SP,Etanol combustível de primeira geração – cana-de-açúcar,cana_pura,2022,5520568.16009102,7454650.32696257,63.8,63.51,63.8,63.8,t0_2022,0.0,83.89,76.94,83.89,83.89,t0_2022,0.0,valido,valido,cancelado,sem_motivo,sem_motivo,renovacao,48610.219083/2019-75,48610.218116/2022-65,48610.219083/2019-75,True,True,True
60329174000124,USINA AÇUCAREIRA SÃO MANOEL S.A. - São Manuel - SP,São Manuel,SP,Etanol combustível de primeira geração – cana-de-açúcar,cana_pura,2022,5561008.15581125,7481688.13209503,61.5,61.02,57.11,61.5,t0_2022,-4.390000000000001,99.55,98.32,97.91,99.55,t0_2022,-1.6400000000000006,valido,valido,valido,sem_motivo,sem_motivo,sem_motivo,48610.217085/2019-20,48610.218034/2022-11,48610.218864/2025-91,True,True,True
60855574000335,AÇUCAREIRA QUATÁ S.A. - UNIDADE SÃO JOSÉ - Macatuba - SP,Macatuba,SP,Etanol combustível de primeira geração – cana-de-açúcar,cana_pura,2022,5536875.99803442,7502034.30102471,66.76,66.76,66.82,66.76,t0_2022,0.05999999999998806,98.35,98.35,97.45,98.35,t0_2022,-0.8999999999999915,valido,valido,valido,sem_motivo,sem_motivo,sem_motivo,48610.218422/2020-30,48610.218422/2020-30,48610.236918/2023-38,True,True,True
60855574000416,AÇUCAREIRA QUATÁ S.A. (UNIDADE BARRA GRANDE) - Lençóis Paulista/SP,Lençóis Paulista,SP,Etanol combustível de primeira geração – cana-de-açúcar,cana_pura,2022,5539454.9453959,7486641.36942521,63.55,63.55,64.15,63.55,t0_2022,0.6000000000000085,97.57,97.57,96.79,97.57,t0_2022,-0.7799999999999869,valido,valido,valido,sem_motivo,sem_motivo,sem_motivo,48610.218421/2020-95,48610.218421/2020-95,48610.236917/2023-93,True,True,True
60855574001307,AÇUCAREIRA QUATÁ S.A. - UNIDADE QUATÁ - Quatá - SP,Quatá,SP,Etanol combustível de primeira geração – cana-de-açúcar,cana_pura,2022,5344980.73150459,7534505.8062032,59.0,59.0,59.14,59.0,t0_2022,0.14000000000000057,99.04,99.04,98.06,99.04,t0_2022,-0.980000000000004,valido,valido,valido,sem_motivo,sem_motivo,sem_motivo,48610.219070/2020-30,48610.219070/2020-30,48610.236919/2023-82,True,True,True
61082962000393,Companhia Melhoramentos Norte do Paraná - Jussara - PR,Jussara,PR,Etanol combustível de primeira geração – cana-de-açúcar,cana_pura,2022,5160448.96807688,7391390.71804424,59.2,58.22,60.66,59.2,t0_2022,1.4599999999999937,92.47,92.88,97.29,92.47,t0_2022,4.820000000000007,valido,valido,valido,sem_motivo,sem_motivo,sem_motivo,48610.219081/2019-86,48610.220340/2022-17,48610.230649/2024-87,True,True,True
61082962000474,Companhia Melhoramentos Norte do Paraná - Nova Londrina - PR,Nova Londrina,PR,Etanol combustível de primeira geração – cana-de-açúcar,cana_pura,2022,5104176.59551458,7480760.64086504,58.9,57.1,57.13,58.9,t0_2022,-1.769999999999996,87.25,96.03,94.49,87.25,t0_2022,7.239999999999995,valido,valido,valido,sem_motivo,sem_motivo,sem_motivo,48610.219082/2019-21,48610.220339/2022-92,48610.216794/2025-36,True,True,True
61231478000206,COMPANHIA AGRÍCOLA USINA JACAREZINHO - Jacarezinho - PR,Jacarezinho,PR,Etanol combustível de primeira geração – cana-de-açúcar,cana_pura,2022,5415837.92603449,7439425.89388854,53.3,55.79,56.9,53.3,t0_2022,3.6000000000000014,91.24,94.39,95.99,91.24,t0_2022,4.75,valido,valido,valido,sem_motivo,sem_motivo,sem_motivo,48610.219059/2019-36,48610.217998/2022-41,48610.214075/2025-81,True,True,True
68316801000102,GLENCANE BIOENERGIA S/A – RIO VERMELHO - Junqueirópolis-SP,Junqueirópolis,SP,Etanol combustível de primeira geração – cana-de-açúcar,cana_pura,2022,5332370.8349774,7622346.56937083,58.3,60.36,63.84,58.3,t0_2022,5.540000000000006,98.2,96.24,,98.2,t0_2022,,valido,valido,valido,sem_motivo,sem_motivo,sem_motivo,48610.219230/2019-15,48610.214842/2022-17,48610.219594/2025-35,True,True,True
68316801002571,GLENCANE BIOENERGIA S.A. – UNIDADE NOVA UNIALCO - Guararapes-SP,Guararapes,SP,Etanol combustível de primeira geração – cana-de-açúcar,cana_pura,2022,5332370.8349774,7622346.56937083,57.5,58.1,58.1,57.5,t0_2022,0.6000000000000014,95.31,92.72,92.72,95.31,t0_2022,-2.5900000000000034,valido,valido,valido,sem_motivo,sem_motivo,sem_motivo,48610.219229/2019-82,48610.214849/2022-21,48610.214849/2022-21,True,True,True
71304687000105,"PEDRA AGROINDUSTRIAL S.A. - Usina Pedra - Serrana, SP",Serrana,SP,Etanol combustível de primeira geração – cana-de-açúcar,cana_pura,2022,5664095.30861299,7640681.38578166,65.5,63.82,64.38,65.5,t0_2022,-1.1200000000000045,96.35,94.96,96.11,96.35,t0_2022,-0.23999999999999488,valido,valido,valido,sem_motivo,sem_motivo,sem_motivo,48610.216496/2019-06,48610.223705/2022-65,48610.236927/2023-29,True,True,True
71304687001845,PEDRA AGROINDUSTRIAL S/A - Usina Buriti - Buritizal - SP,Buritizal,SP,Etanol combustível de primeira geração – cana-de-açúcar,cana_pura,2022,5662965.83265875,7750677.62997629,62.6,58.94,64.3,62.6,t0_2022,1.6999999999999957,96.93,95.81,96.51,96.93,t0_2022,-0.4200000000000017,valido,valido,valido,sem_motivo,sem_motivo,sem_motivo,48610.216494/2019-17,48610.223719/2022-89,48610.232371/2024-82,True,True,True
71304687002817,PEDRA AGROINDUSTRIAL S/A - Usina Ipê - Nova Independência - SP,Nova Independência,SP,Etanol combustível de primeira geração – cana-de-açúcar,cana_pura,2022,5262921.43224265,7656397.59589737,62.8,58.62,61.32,62.8,t0_2022,-1.4799999999999969,98.1,97.52,98.03,98.1,t0_2022,-0.06999999999999318,valido,valido,valido,sem_motivo,sem_motivo,sem_motivo,48610.216495/2019-53,48610.223712/2022-67,48610.232296/2024-50,True,True,True
71321566000163,IRMÃOS TONIELLO LTDA. - Sertãozinho - SP,Sertãozinho,SP,Etanol combustível de primeira geração – cana-de-açúcar,cana_pura,2022,5619841.65755165,7655842.36510929,59.3,56.82,59.3,59.3,t0_2022,0.0,98.27,97.51,98.27,98.27,t0_2022,0.0,valido,valido,cancelado,sem_motivo,sem_motivo,renovacao,48610.216499/2019-31,48610.200523/2023-05,48610.216499/2019-31,True,True,True
71324784000151,USINA SANTO ANTONIO S/A - Sertãozinho - SP,Sertãozinho,SP,Etanol combustível de primeira geração – cana-de-açúcar,cana_pura,2022,5627258.92573786,7651381.0344227,58.11,58.11,57.46,58.11,t0_2022,-0.6499999999999986,92.22,92.22,88.49,92.22,t0_2022,-3.730000000000004,valido,valido,valido,sem_motivo,sem_motivo,sem_motivo,48610.213619/2021-63,48610.213619/2021-63,48610.216447/2024-22,True,True,True
71324792000440,USINA SÃO FRANCISCO S.A. - Barrinha - SP,Barrinha,SP,Etanol combustível de primeira geração – cana-de-açúcar,cana_pura,2022,5610674.78848055,7646256.90949264,71.6,65.0,67.25,71.6,t0_2022,-4.349999999999994,93.56,92.34,98.1,93.56,t0_2022,4.539999999999992,valido,valido,valido,sem_motivo,sem_motivo,sem_motivo,48610.218379/2019-79,48610.223728/2022-70,48610.225304/2025-92,True,True,True
75084871000130,COOPERVAL COOPERATIVA AGROINDUSTRIAL VALE DO IVAÍ LTDA. - Jandaia do Sul - PR,Jandaia do Sul,PR,Etanol combustível de primeira geração – cana-de-açúcar e milho em usina integrada,cana_milho_integrada,2022,5235867.18568587,7377432.8082731,65.23,65.23,68.1,65.23,t0_2022,2.8699999999999903,52.15,52.15,36.82,52.15,t0_2022,-15.329999999999998,valido,valido,valido,sem_motivo,sem_motivo,sem_motivo,48610.216146/2020-75,48610.216146/2020-75,48610.236825/2023-11,True,True,True
75177857000180,RENUKA VALE DO IVAÍ S A EM RECUPERAÇÃO JUDICIAL - São Pedro do Ivaí - PR,São Pedro do Ivaí,PR,Etanol combustível de primeira geração – cana-de-açúcar,cana_pura,2023,5215053.49056965,7359057.94944632,,41.34,41.34,41.34,t1_2023,0.0,,97.73,97.73,97.73,t1_2023,0.0,,valido,cancelado,,sem_motivo,renovacao,,48610.208447/2022-97,48610.208447/2022-97,False,True,True
75444430000100,Dacalda Açúcar e Álcool LTDA. - Jacarezinho - PR,Jacarezinho,PR,Etanol combustível de primeira geração – cana-de-açúcar,cana_pura,2022,5399015.37389715,7432488.87076784,48.71,48.71,50.1,48.71,t0_2022,1.3900000000000006,87.28,87.28,83.92,87.28,t0_2022,-3.3599999999999994,valido,valido,valido,sem_motivo,sem_motivo,sem_motivo,48610.215699/2020-19,48610.215699/2020-19,48610.236905/2023-69,True,True,True
75619056000128,AÇÚCAR E ÁLCOOL BANDEIRANTES S.A. - Bandeirantes - PR,Bandeirantes,PR,Etanol combustível de primeira geração – cana-de-açúcar,cana_pura,2023,5374048.51602455,7439981.01554885,,61.7,58.92,61.7,t1_2023,-2.780000000000001,,88.68,87.4,88.68,t1_2023,-1.2800000000000011,,valido,valido,,sem_motivo,sem_motivo,,48610.225220/2021-25,48610.224590/2024-98,False,True,True
75717355000286,USINA DE AÇÚCAR SANTA TEREZINHA LTDA. (EM RECUPERAÇÃO JUDICIAL) - PARANACITY - PR,PARANACITY,PR,Etanol combustível de primeira geração – cana-de-açúcar,cana_pura,2022,5186813.83569937,7467837.27341482,65.51,65.51,64.1,65.51,t0_2022,-1.4100000000000108,86.03,86.03,92.15,86.03,t0_2022,6.1200000000000045,valido,valido,valido,sem_motivo,sem_motivo,sem_motivo,48610.206759/2021-85,48610.206759/2021-85,48610.216431/2024-10,True,True,True
75717355000367,USINA DE AÇÚCAR SANTA TEREZINHA LTDA. (EM RECUPERAÇÃO JUDICIAL) - TAPEJARA - PR,TAPEJARA,PR,Etanol combustível de primeira geração – cana-de-açúcar,cana_pura,2022,5113780.43855401,7372417.87236108,60.13,60.13,62.35,60.13,t0_2022,2.219999999999999,95.6,95.6,95.42,95.6,t0_2022,-0.1799999999999926,valido,valido,valido,sem_motivo,sem_motivo,sem_motivo,48610.206762/2021-07,48610.206762/2021-07,48610.216440/2024-19,True,True,True
75717355000448,USINA DE AÇÚCAR SANTA TEREZINHA LTDA. (EM RECUPERAÇÃO JUDICIAL) - IVATE - PR,IVATE,PR,Etanol combustível de primeira geração – cana-de-açúcar,cana_pura,2022,5057961.10312403,7412785.52940747,61.08,60.71,62.87,61.08,t0_2022,1.7899999999999991,97.57,97.83,98.09,97.57,t0_2022,0.5200000000000102,valido,valido,valido,sem_motivo,sem_motivo,sem_motivo,48610.206758/2021-31,48610.216158/2023-42,48610.216442/2024-08,True,True,True
75717355000529,USINA DE AÇÚCAR SANTA TEREZINHA LTDA. (EM RECUPERAÇÃO JUDICIAL) - UNIDADE IGUATEMI - MARINGA - PR,Maringá,PR,Etanol combustível de primeira geração – cana-de-açúcar,cana_pura,2022,5195210.98662877,7409885.19091676,66.54,66.54,61.72,66.54,t0_2022,-4.820000000000007,94.15,94.15,95.43,94.15,t0_2022,1.2800000000000011,valido,valido,valido,sem_motivo,sem_motivo,sem_motivo,48610.206757/2021-96,48610.206757/2021-96,48610.216429/2024-41,True,True,True
75717355000871,USINA DE AÇÚCAR SANTA TEREZINHA LTDA. (EM RECUPERAÇÃO JUDICIAL) - TERRA RICA - PR,TERRA RICA,PR,Etanol combustível de primeira geração – cana-de-açúcar,cana_pura,2022,5132605.71724781,7478170.17536868,65.23,65.23,62.72,65.23,t0_2022,-2.510000000000005,94.73,94.73,98.48,94.73,t0_2022,3.75,valido,valido,valido,sem_motivo,sem_motivo,sem_motivo,48610.206764/2021-98,48610.206764/2021-98,48610.216435/2024-06,True,True,True
75717355001096,USINA DE AÇÚCAR SANTA TEREZINHA LTDA. (EM RECUPERAÇÃO JUDICIAL) - Rondon - PR,Rondon,PR,Etanol combustível de primeira geração – cana-de-açúcar,cana_pura,2022,5131926.49527168,7413854.02684931,57.79,57.79,60.51,57.79,t0_2022,2.719999999999999,92.32,92.32,93.55,92.32,t0_2022,1.230000000000004,valido,valido,valido,sem_motivo,sem_motivo,sem_motivo,48610.206760/2021-18,48610.206760/2021-18,48610.216438/2024-31,True,True,True
75717355001177,USINA DE AÇÚCAR SANTA TEREZINHA LTDA. (EM RECUPERAÇÃO JUDICIAL) - CIDADE GAÚCHA - PR,CIDADE GAÚCHA,PR,Etanol combustível de primeira geração – cana-de-açúcar,cana_pura,2022,5111959.63047695,7413554.45031234,63.63,63.63,62.69,63.63,t0_2022,-0.9400000000000048,95.26,95.26,95.48,95.26,t0_2022,0.21999999999999886,valido,valido,valido,sem_motivo,sem_motivo,sem_motivo,48610.206756/2021-41,48610.206756/2021-41,48610.216439/2024-86,True,True,True
78340270000210,COOPERATIVA AGRÍCOLA REGIONAL DE PRODUTORES DE CANA LTD - SÃO CARLOS DO IVAÍ - PR,SÃO CARLOS DO IVAÍ,PR,Etanol combustível de primeira geração – cana-de-açúcar,cana_pura,2022,5154570.31664767,7424810.15133095,52.48,51.63,56.41,52.48,t0_2022,3.9299999999999997,16.01,68.71,85.45,16.01,t0_2022,69.44,valido,valido,valido,sem_motivo,sem_motivo,sem_motivo,48610.215698/2020-66,48610.218032/2022-21,48610.218016/2025-81,True,True,True
