cnpj_clean,cane_area_total_ha,mean_first_key_year,first_entry_year,last_entry_year,n_entry_years,schema,buffer_km,frontier_source_method,frontier_year_window,frontier_area_definition,cane_area_total_ha_approx_from_origin
00297598000122,3254.881337109313,2005.798407879311,1989.0,2015.0,25.0,pre_renovabio_1985_2015,30,approx_from_previous_land_use_grid,1987-2015,persistent new sugarcane entries weighted by grid-cell overlap,3254.881337109313
00372496000124,123262.82824607738,1999.7276840096897,1987.0,2015.0,29.0,pre_renovabio_1985_2015,30,approx_from_previous_land_use_grid,1987-2015,persistent new sugarcane entries weighted by grid-cell overlap,123262.82824607738
00595322000120,29930.707014326952,2009.7189257233592,1987.0,2015.0,29.0,pre_renovabio_1985_2015,30,approx_from_previous_land_use_grid,1987-2015,persistent new sugarcane entries weighted by grid-cell overlap,29930.707014326952
01105558000102,9667.562911109766,2011.1342879601918,1988.0,2015.0,27.0,pre_renovabio_1985_2015,30,approx_from_previous_land_use_grid,1987-2015,persistent new sugarcane entries weighted by grid-cell overlap,9667.562911109766
02043917000107,17343.611923570363,2011.246835054265,1988.0,2015.0,28.0,pre_renovabio_1985_2015,30,approx_from_previous_land_use_grid,1987-2015,persistent new sugarcane entries weighted by grid-cell overlap,17343.611923570363
02414858000470,38025.259501033644,2006.6456482481017,1987.0,2015.0,29.0,pre_renovabio_1985_2015,30,approx_from_previous_land_use_grid,1987-2015,persistent new sugarcane entries weighted by grid-cell overlap,38025.259501033644
02460988000105,41421.08270931086,2006.1484931169202,1987.0,2015.0,29.0,pre_renovabio_1985_2015,30,approx_from_previous_land_use_grid,1987-2015,persistent new sugarcane entries weighted by grid-cell overlap,41421.08270931086
02635522000195,36867.94693049579,2006.4122297814845,1987.0,2015.0,29.0,pre_renovabio_1985_2015,30,approx_from_previous_land_use_grid,1987-2015,persistent new sugarcane entries weighted by grid-cell overlap,36867.94693049579
02635522004930,49876.11996821725,2006.335085811783,1987.0,2015.0,29.0,pre_renovabio_1985_2015,30,approx_from_previous_land_use_grid,1987-2015,persistent new sugarcane entries weighted by grid-cell overlap,49876.11996821725
02678100000105,8181.685019159753,2012.3554773345923,1999.0,2015.0,15.0,pre_renovabio_1985_2015,30,approx_from_previous_land_use_grid,1987-2015,persistent new sugarcane entries weighted by grid-cell overlap,8181.685019159753
02773950000184,62186.79185383333,2009.4736232051807,1987.0,2015.0,29.0,pre_renovabio_1985_2015,30,approx_from_previous_land_use_grid,1987-2015,persistent new sugarcane entries weighted by grid-cell overlap,62186.79185383333
02783009000141,39454.28636097192,2004.554260152247,1987.0,2015.0,29.0,pre_renovabio_1985_2015,30,approx_from_previous_land_use_grid,1987-2015,persistent new sugarcane entries weighted by grid-cell overlap,39454.28636097192
02859452000230,99455.1665140747,2009.2345325539989,1987.0,2015.0,29.0,pre_renovabio_1985_2015,30,approx_from_previous_land_use_grid,1987-2015,persistent new sugarcane entries weighted by grid-cell overlap,99455.1665140747
02896264000109,15369.089087962597,2002.864155688976,1987.0,2015.0,29.0,pre_renovabio_1985_2015,30,approx_from_previous_land_use_grid,1987-2015,persistent new sugarcane entries weighted by grid-cell overlap,15369.089087962597
03345641000338,108760.94968752711,2002.8735803832803,1987.0,2015.0,29.0,pre_renovabio_1985_2015,30,approx_from_previous_land_use_grid,1987-2015,persistent new sugarcane entries weighted by grid-cell overlap,108760.94968752711
03347747000109,29916.421402562362,2006.8415743079745,1987.0,2015.0,29.0,pre_renovabio_1985_2015,30,approx_from_previous_land_use_grid,1987-2015,persistent new sugarcane entries weighted by grid-cell overlap,29916.421402562362
03445208000455,175712.172222348,2005.1323669576793,1987.0,2015.0,29.0,pre_renovabio_1985_2015,30,approx_from_previous_land_use_grid,1987-2015,persistent new sugarcane entries weighted by grid-cell overlap,175712.172222348
03937452000435,114457.95739012033,2008.0182762008446,1987.0,2015.0,29.0,pre_renovabio_1985_2015,30,approx_from_previous_land_use_grid,1987-2015,persistent new sugarcane entries weighted by grid-cell overlap,114457.95739012033
04165520000105,5212.214391398957,2010.2437753151248,1993.0,2015.0,23.0,pre_renovabio_1985_2015,30,approx_from_previous_land_use_grid,1987-2015,persistent new sugarcane entries weighted by grid-cell overlap,5212.214391398957
04165520000296,3361.041274902742,2010.8888405240268,1997.0,2015.0,19.0,pre_renovabio_1985_2015,30,approx_from_previous_land_use_grid,1987-2015,persistent new sugarcane entries weighted by grid-cell overlap,3361.041274902742
04171382000177,252676.04665695125,2005.8740314486997,1987.0,2015.0,29.0,pre_renovabio_1985_2015,30,approx_from_previous_land_use_grid,1987-2015,persistent new sugarcane entries weighted by grid-cell overlap,252676.04665695125
04248044000277,237623.43175446225,2005.0166846515706,1987.0,2015.0,29.0,pre_renovabio_1985_2015,30,approx_from_previous_land_use_grid,1987-2015,persistent new sugarcane entries weighted by grid-cell overlap,237623.43175446225
04969941000199,136944.08667863344,1996.248586420507,1987.0,2015.0,29.0,pre_renovabio_1985_2015,30,approx_from_previous_land_use_grid,1987-2015,persistent new sugarcane entries weighted by grid-cell overlap,136944.08667863344
05242560000176,266637.01572819846,2004.835537906191,1987.0,2015.0,29.0,pre_renovabio_1985_2015,30,approx_from_previous_land_use_grid,1987-2015,persistent new sugarcane entries weighted by grid-cell overlap,266637.01572819846
05553456000100,79042.74369007282,2008.2033765995482,1987.0,2015.0,29.0,pre_renovabio_1985_2015,30,approx_from_previous_land_use_grid,1987-2015,persistent new sugarcane entries weighted by grid-cell overlap,79042.74369007282
05620523000235,87826.45033508229,2010.7254195505886,1987.0,2015.0,29.0,pre_renovabio_1985_2015,30,approx_from_previous_land_use_grid,1987-2015,persistent new sugarcane entries weighted by grid-cell overlap,87826.45033508229
05643160000172,10070.778639928662,2011.6064065550897,1987.0,2015.0,29.0,pre_renovabio_1985_2015,30,approx_from_previous_land_use_grid,1987-2015,persistent new sugarcane entries weighted by grid-cell overlap,10070.778639928662
05928246000141,265890.3653243345,2005.3471866296893,1987.0,2015.0,29.0,pre_renovabio_1985_2015,30,approx_from_previous_land_use_grid,1987-2015,persistent new sugarcane entries weighted by grid-cell overlap,265890.3653243345
05938884000143,105597.23094440834,2006.7238578720192,1987.0,2015.0,29.0,pre_renovabio_1985_2015,30,approx_from_previous_land_use_grid,1987-2015,persistent new sugarcane entries weighted by grid-cell overlap,105597.23094440834
05980986000127,104933.42110395918,2009.19678237076,1987.0,2015.0,29.0,pre_renovabio_1985_2015,30,approx_from_previous_land_use_grid,1987-2015,persistent new sugarcane entries weighted by grid-cell overlap,104933.42110395918
06044698000808,4077.83518249911,2009.9805347918395,1990.0,2015.0,18.0,pre_renovabio_1985_2015,30,approx_from_previous_land_use_grid,1987-2015,persistent new sugarcane entries weighted by grid-cell overlap,4077.83518249911
06059962000100,130607.04481838386,2006.6839484147063,1987.0,2015.0,29.0,pre_renovabio_1985_2015,30,approx_from_previous_land_use_grid,1987-2015,persistent new sugarcane entries weighted by grid-cell overlap,130607.04481838386
06252818003799,60610.236300458135,1999.064124392627,1987.0,2015.0,29.0,pre_renovabio_1985_2015,30,approx_from_previous_land_use_grid,1987-2015,persistent new sugarcane entries weighted by grid-cell overlap,60610.236300458135
06315338002324,212025.62306573757,2007.1229950076533,1987.0,2015.0,29.0,pre_renovabio_1985_2015,30,approx_from_previous_land_use_grid,1987-2015,persistent new sugarcane entries weighted by grid-cell overlap,212025.62306573757
06315338002405,140837.28918520166,2007.6920178897503,1987.0,2015.0,29.0,pre_renovabio_1985_2015,30,approx_from_previous_land_use_grid,1987-2015,persistent new sugarcane entries weighted by grid-cell overlap,140837.28918520166
06315338015060,194650.01657488736,2003.661934055816,1987.0,2015.0,29.0,pre_renovabio_1985_2015,30,approx_from_previous_land_use_grid,1987-2015,persistent new sugarcane entries weighted by grid-cell overlap,194650.01657488736
06315338015140,158934.49234366082,2000.9769561146375,1987.0,2015.0,29.0,pre_renovabio_1985_2015,30,approx_from_previous_land_use_grid,1987-2015,persistent new sugarcane entries weighted by grid-cell overlap,158934.49234366082
07130855000186,26669.743304664094,2008.3578049282532,1987.0,2015.0,29.0,pre_renovabio_1985_2015,30,approx_from_previous_land_use_grid,1987-2015,persistent new sugarcane entries weighted by grid-cell overlap,26669.743304664094
07280328000158,131173.68452309543,2004.0845197803405,1987.0,2015.0,29.0,pre_renovabio_1985_2015,30,approx_from_previous_land_use_grid,1987-2015,persistent new sugarcane entries weighted by grid-cell overlap,131173.68452309543
07280328001715,96215.8379667067,2000.3907034185704,1987.0,2015.0,29.0,pre_renovabio_1985_2015,30,approx_from_previous_land_use_grid,1987-2015,persistent new sugarcane entries weighted by grid-cell overlap,96215.8379667067
07280328001804,87224.54542371769,1999.948620851298,1987.0,2015.0,29.0,pre_renovabio_1985_2015,30,approx_from_previous_land_use_grid,1987-2015,persistent new sugarcane entries weighted by grid-cell overlap,87224.54542371769
07298800000180,152026.45220635447,2007.4670847710352,1987.0,2015.0,29.0,pre_renovabio_1985_2015,30,approx_from_previous_land_use_grid,1987-2015,persistent new sugarcane entries weighted by grid-cell overlap,152026.45220635447
07300906000170,31951.99527735134,2010.6722731978084,1987.0,2015.0,29.0,pre_renovabio_1985_2015,30,approx_from_previous_land_use_grid,1987-2015,persistent new sugarcane entries weighted by grid-cell overlap,31951.99527735134
07398533000112,188102.44319431088,2007.2016588432532,1987.0,2015.0,29.0,pre_renovabio_1985_2015,30,approx_from_previous_land_use_grid,1987-2015,persistent new sugarcane entries weighted by grid-cell overlap,188102.44319431088
07455944000100,249971.18346595502,2006.051905307999,1987.0,2015.0,29.0,pre_renovabio_1985_2015,30,approx_from_previous_land_use_grid,1987-2015,persistent new sugarcane entries weighted by grid-cell overlap,249971.18346595502
07458537000149,161221.7485202768,2002.9481406485584,1987.0,2015.0,29.0,pre_renovabio_1985_2015,30,approx_from_previous_land_use_grid,1987-2015,persistent new sugarcane entries weighted by grid-cell overlap,161221.7485202768
07459492000127,6140.056895390238,2012.39479016061,1988.0,2015.0,27.0,pre_renovabio_1985_2015,30,approx_from_previous_land_use_grid,1987-2015,persistent new sugarcane entries weighted by grid-cell overlap,6140.056895390238
07670089000142,994.542352012083,2011.379699019409,1988.0,2015.0,19.0,pre_renovabio_1985_2015,30,approx_from_previous_land_use_grid,1987-2015,persistent new sugarcane entries weighted by grid-cell overlap,994.542352012083
07674341000191,98910.35034797761,2008.3353078031644,1987.0,2015.0,29.0,pre_renovabio_1985_2015,30,approx_from_previous_land_use_grid,1987-2015,persistent new sugarcane entries weighted by grid-cell overlap,98910.35034797761
07863768000138,31728.575720576708,2011.4890280388495,1987.0,2015.0,29.0,pre_renovabio_1985_2015,30,approx_from_previous_land_use_grid,1987-2015,persistent new sugarcane entries weighted by grid-cell overlap,31728.575720576708
07895728000682,28129.776549271293,2012.0421972894658,1987.0,2015.0,29.0,pre_renovabio_1985_2015,30,approx_from_previous_land_use_grid,1987-2015,persistent new sugarcane entries weighted by grid-cell overlap,28129.776549271293
07903169000109,109041.27150975373,2011.1725779591027,1987.0,2015.0,29.0,pre_renovabio_1985_2015,30,approx_from_previous_land_use_grid,1987-2015,persistent new sugarcane entries weighted by grid-cell overlap,109041.27150975373
07903169001768,74333.9308953367,2012.3134657868072,1987.0,2015.0,29.0,pre_renovabio_1985_2015,30,approx_from_previous_land_use_grid,1987-2015,persistent new sugarcane entries weighted by grid-cell overlap,74333.9308953367
07912062000119,56697.16325451544,2007.9234709796629,1987.0,2015.0,29.0,pre_renovabio_1985_2015,30,approx_from_previous_land_use_grid,1987-2015,persistent new sugarcane entries weighted by grid-cell overlap,56697.16325451544
07930999000206,10650.633773745765,2011.1921411416251,1987.0,2015.0,29.0,pre_renovabio_1985_2015,30,approx_from_previous_land_use_grid,1987-2015,persistent new sugarcane entries weighted by grid-cell overlap,10650.633773745765
07969961000239,105748.64764593194,2002.8943213509042,1987.0,2015.0,29.0,pre_renovabio_1985_2015,30,approx_from_previous_land_use_grid,1987-2015,persistent new sugarcane entries weighted by grid-cell overlap,105748.64764593194
07981751000185,108320.17442399693,2011.1521884232397,1987.0,2015.0,29.0,pre_renovabio_1985_2015,30,approx_from_previous_land_use_grid,1987-2015,persistent new sugarcane entries weighted by grid-cell overlap,108320.17442399693
07987748000179,7647.090819585561,2008.0700340240526,1987.0,2015.0,29.0,pre_renovabio_1985_2015,30,approx_from_previous_land_use_grid,1987-2015,persistent new sugarcane entries weighted by grid-cell overlap,7647.090819585561
07996345000196,72346.45594631718,2010.0852279477426,1987.0,2015.0,29.0,pre_renovabio_1985_2015,30,approx_from_previous_land_use_grid,1987-2015,persistent new sugarcane entries weighted by grid-cell overlap,72346.45594631718
08048772000105,36468.30557589965,2008.7477525824195,1987.0,2015.0,29.0,pre_renovabio_1985_2015,30,approx_from_previous_land_use_grid,1987-2015,persistent new sugarcane entries weighted by grid-cell overlap,36468.30557589965
08056257000177,176942.9926106499,2006.3883191347518,1987.0,2015.0,29.0,pre_renovabio_1985_2015,30,approx_from_previous_land_use_grid,1987-2015,persistent new sugarcane entries weighted by grid-cell overlap,176942.9926106499
08057019000186,64525.71574164095,2010.9488649428706,1987.0,2015.0,29.0,pre_renovabio_1985_2015,30,approx_from_previous_land_use_grid,1987-2015,persistent new sugarcane entries weighted by grid-cell overlap,64525.71574164095
08070508000330,83769.92451193866,1996.9342258502747,1987.0,2015.0,29.0,pre_renovabio_1985_2015,30,approx_from_previous_land_use_grid,1987-2015,persistent new sugarcane entries weighted by grid-cell overlap,83769.92451193866
08070508006532,74625.89126970114,1998.568439687723,1987.0,2015.0,29.0,pre_renovabio_1985_2015,30,approx_from_previous_land_use_grid,1987-2015,persistent new sugarcane entries weighted by grid-cell overlap,74625.89126970114
08070508006613,141214.70678817775,2001.9480350347521,1987.0,2015.0,29.0,pre_renovabio_1985_2015,30,approx_from_previous_land_use_grid,1987-2015,persistent new sugarcane entries weighted by grid-cell overlap,141214.70678817775
08070508006702,173259.10224569772,2001.0702502347824,1987.0,2015.0,29.0,pre_renovabio_1985_2015,30,approx_from_previous_land_use_grid,1987-2015,persistent new sugarcane entries weighted by grid-cell overlap,173259.10224569772
08070508006885,210508.05746777816,2005.2905065739992,1987.0,2015.0,29.0,pre_renovabio_1985_2015,30,approx_from_previous_land_use_grid,1987-2015,persistent new sugarcane entries weighted by grid-cell overlap,210508.05746777816
08070508006966,84254.78087209599,2002.0920446099872,1987.0,2015.0,29.0,pre_renovabio_1985_2015,30,approx_from_previous_land_use_grid,1987-2015,persistent new sugarcane entries weighted by grid-cell overlap,84254.78087209599
08070508008314,184343.26310583547,2001.5008142511097,1987.0,2015.0,29.0,pre_renovabio_1985_2015,30,approx_from_previous_land_use_grid,1987-2015,persistent new sugarcane entries weighted by grid-cell overlap,184343.26310583547
08070508009477,76187.87523285224,1996.254829912123,1987.0,2015.0,29.0,pre_renovabio_1985_2015,30,approx_from_previous_land_use_grid,1987-2015,persistent new sugarcane entries weighted by grid-cell overlap,76187.87523285224
08070508009558,81413.39194882539,1996.8157519209512,1987.0,2015.0,29.0,pre_renovabio_1985_2015,30,approx_from_previous_land_use_grid,1987-2015,persistent new sugarcane entries weighted by grid-cell overlap,81413.39194882539
08070508009710,197617.8255033079,2003.8646710163891,1987.0,2015.0,29.0,pre_renovabio_1985_2015,30,approx_from_previous_land_use_grid,1987-2015,persistent new sugarcane entries weighted by grid-cell overlap,197617.8255033079
08070508012265,72784.21028337955,1995.200845097563,1987.0,2015.0,29.0,pre_renovabio_1985_2015,30,approx_from_previous_land_use_grid,1987-2015,persistent new sugarcane entries weighted by grid-cell overlap,72784.21028337955
08070508012427,154438.79992637402,2002.5308158886864,1987.0,2015.0,29.0,pre_renovabio_1985_2015,30,approx_from_previous_land_use_grid,1987-2015,persistent new sugarcane entries weighted by grid-cell overlap,154438.79992637402
08070508012508,82871.55154916226,1999.4032045922281,1987.0,2015.0,29.0,pre_renovabio_1985_2015,30,approx_from_previous_land_use_grid,1987-2015,persistent new sugarcane entries weighted by grid-cell overlap,82871.55154916226
08070508015795,103741.2228438365,1998.1226013707503,1987.0,2015.0,29.0,pre_renovabio_1985_2015,30,approx_from_previous_land_use_grid,1987-2015,persistent new sugarcane entries weighted by grid-cell overlap,103741.2228438365
08070508015876,83371.21075308374,1998.4890981318517,1987.0,2015.0,29.0,pre_renovabio_1985_2015,30,approx_from_previous_land_use_grid,1987-2015,persistent new sugarcane entries weighted by grid-cell overlap,83371.21075308374
08070508016414,96694.94598255685,1999.551231666484,1987.0,2015.0,29.0,pre_renovabio_1985_2015,30,approx_from_previous_land_use_grid,1987-2015,persistent new sugarcane entries weighted by grid-cell overlap,96694.94598255685
08070508016767,25703.65751842417,2012.113430528525,1988.0,2015.0,26.0,pre_renovabio_1985_2015,30,approx_from_previous_land_use_grid,1987-2015,persistent new sugarcane entries weighted by grid-cell overlap,25703.65751842417
08070566001173,8083.02754596408,2013.047251202036,1988.0,2015.0,28.0,pre_renovabio_1985_2015,30,approx_from_previous_land_use_grid,1987-2015,persistent new sugarcane entries weighted by grid-cell overlap,8083.02754596408
08070566001254,20998.89024149109,2012.526877994623,1987.0,2015.0,29.0,pre_renovabio_1985_2015,30,approx_from_previous_land_use_grid,1987-2015,persistent new sugarcane entries weighted by grid-cell overlap,20998.89024149109
08070566001688,24506.96637808475,2012.6665847024976,1987.0,2015.0,29.0,pre_renovabio_1985_2015,30,approx_from_previous_land_use_grid,1987-2015,persistent new sugarcane entries weighted by grid-cell overlap,24506.96637808475
08070566001769,27751.91529290349,2012.4698630378782,1987.0,2015.0,29.0,pre_renovabio_1985_2015,30,approx_from_previous_land_use_grid,1987-2015,persistent new sugarcane entries weighted by grid-cell overlap,27751.91529290349
08110543000173,219286.75307773775,2002.6792648267412,1987.0,2015.0,29.0,pre_renovabio_1985_2015,30,approx_from_previous_land_use_grid,1987-2015,persistent new sugarcane entries weighted by grid-cell overlap,219286.75307773775
08164344000148,63506.92882907844,2009.2355656442123,1987.0,2015.0,29.0,pre_renovabio_1985_2015,30,approx_from_previous_land_use_grid,1987-2015,persistent new sugarcane entries weighted by grid-cell overlap,63506.92882907844
08195806000194,74213.62749786566,2009.6673852989825,1987.0,2015.0,29.0,pre_renovabio_1985_2015,30,approx_from_previous_land_use_grid,1987-2015,persistent new sugarcane entries weighted by grid-cell overlap,74213.62749786566
08322396000103,33388.462900734325,2012.1724677066745,1988.0,2015.0,28.0,pre_renovabio_1985_2015,30,approx_from_previous_land_use_grid,1987-2015,persistent new sugarcane entries weighted by grid-cell overlap,33388.462900734325
08355201000113,32090.143742608343,2008.6627548837698,1987.0,2015.0,29.0,pre_renovabio_1985_2015,30,approx_from_previous_land_use_grid,1987-2015,persistent new sugarcane entries weighted by grid-cell overlap,32090.143742608343
08391345000397,156348.30237157186,2002.1025256696012,1987.0,2015.0,29.0,pre_renovabio_1985_2015,30,approx_from_previous_land_use_grid,1987-2015,persistent new sugarcane entries weighted by grid-cell overlap,156348.30237157186
08493354000127,85269.65168027669,2008.4968044087186,1987.0,2015.0,29.0,pre_renovabio_1985_2015,30,approx_from_previous_land_use_grid,1987-2015,persistent new sugarcane entries weighted by grid-cell overlap,85269.65168027669
08517600000133,98892.60977220806,2007.0410620295131,1987.0,2015.0,29.0,pre_renovabio_1985_2015,30,approx_from_previous_land_use_grid,1987-2015,persistent new sugarcane entries weighted by grid-cell overlap,98892.60977220806
08598391000108,61289.0874763286,2012.3475833012672,1988.0,2015.0,20.0,pre_renovabio_1985_2015,30,approx_from_previous_land_use_grid,1987-2015,persistent new sugarcane entries weighted by grid-cell overlap,61289.0874763286
08657268000102,66774.15373134411,2001.0911235728204,1987.0,2015.0,29.0,pre_renovabio_1985_2015,30,approx_from_previous_land_use_grid,1987-2015,persistent new sugarcane entries weighted by grid-cell overlap,66774.15373134411
08704527000109,75047.22080191546,2009.82787696867,1987.0,2015.0,29.0,pre_renovabio_1985_2015,30,approx_from_previous_land_use_grid,1987-2015,persistent new sugarcane entries weighted by grid-cell overlap,75047.22080191546
08793343000162,10846.961884950697,2012.917335241505,1987.0,2015.0,28.0,pre_renovabio_1985_2015,30,approx_from_previous_land_use_grid,1987-2015,persistent new sugarcane entries weighted by grid-cell overlap,10846.961884950697
08830263000130,35308.50734918591,2010.4737029783246,1987.0,2015.0,29.0,pre_renovabio_1985_2015,30,approx_from_previous_land_use_grid,1987-2015,persistent new sugarcane entries weighted by grid-cell overlap,35308.50734918591
08906558000142,64602.69970227736,2010.1386546417725,1987.0,2015.0,29.0,pre_renovabio_1985_2015,30,approx_from_previous_land_use_grid,1987-2015,persistent new sugarcane entries weighted by grid-cell overlap,64602.69970227736
09022388000104,69585.65132671376,2008.6121740772514,1987.0,2015.0,29.0,pre_renovabio_1985_2015,30,approx_from_previous_land_use_grid,1987-2015,persistent new sugarcane entries weighted by grid-cell overlap,69585.65132671376
09075242000119,0.024495328447169878,1989.0,1989.0,1989.0,1.0,pre_renovabio_1985_2015,30,approx_from_previous_land_use_grid,1987-2015,persistent new sugarcane entries weighted by grid-cell overlap,0.024495328447169878
09538989000166,30560.06805060752,2010.982492156715,1987.0,2015.0,29.0,pre_renovabio_1985_2015,30,approx_from_previous_land_use_grid,1987-2015,persistent new sugarcane entries weighted by grid-cell overlap,30560.06805060752
09538989000409,214169.81949878245,2002.1044969119307,1987.0,2015.0,29.0,pre_renovabio_1985_2015,30,approx_from_previous_land_use_grid,1987-2015,persistent new sugarcane entries weighted by grid-cell overlap,214169.81949878245
09538989000670,196112.48278457872,2001.9862927134307,1987.0,2015.0,29.0,pre_renovabio_1985_2015,30,approx_from_previous_land_use_grid,1987-2015,persistent new sugarcane entries weighted by grid-cell overlap,196112.48278457872
09538989000751,178039.13803383097,2001.7754846579896,1987.0,2015.0,29.0,pre_renovabio_1985_2015,30,approx_from_previous_land_use_grid,1987-2015,persistent new sugarcane entries weighted by grid-cell overlap,178039.13803383097
10249419000216,117034.94306733643,2010.5989051610186,1987.0,2015.0,29.0,pre_renovabio_1985_2015,30,approx_from_previous_land_use_grid,1987-2015,persistent new sugarcane entries weighted by grid-cell overlap,117034.94306733643
10249419000305,100080.28065612924,2008.1993771235855,1987.0,2015.0,29.0,pre_renovabio_1985_2015,30,approx_from_previous_land_use_grid,1987-2015,persistent new sugarcane entries weighted by grid-cell overlap,100080.28065612924
10452413000160,12028.823068411575,2010.6809023592175,1987.0,2015.0,29.0,pre_renovabio_1985_2015,30,approx_from_previous_land_use_grid,1987-2015,persistent new sugarcane entries weighted by grid-cell overlap,12028.823068411575
10921675000127,0.0,,,,,pre_renovabio_1985_2015,30,approx_from_previous_land_use_grid,1987-2015,persistent new sugarcane entries weighted by grid-cell overlap,0.0
11092881000134,69844.85069411894,2010.0638184756813,1987.0,2015.0,29.0,pre_renovabio_1985_2015,30,approx_from_previous_land_use_grid,1987-2015,persistent new sugarcane entries weighted by grid-cell overlap,69844.85069411894
12229415001001,69904.29873856845,2007.0642179478161,1987.0,2015.0,29.0,pre_renovabio_1985_2015,30,approx_from_previous_land_use_grid,1987-2015,persistent new sugarcane entries weighted by grid-cell overlap,69904.29873856845
12229415001435,166309.3103547404,2006.5949076579354,1987.0,2015.0,29.0,pre_renovabio_1985_2015,30,approx_from_previous_land_use_grid,1987-2015,persistent new sugarcane entries weighted by grid-cell overlap,166309.3103547404
12229415001605,65009.01975922018,2008.3176567060418,1987.0,2015.0,29.0,pre_renovabio_1985_2015,30,approx_from_previous_land_use_grid,1987-2015,persistent new sugarcane entries weighted by grid-cell overlap,65009.01975922018
12282034001762,78477.375627986,2006.6248740963258,1987.0,2015.0,29.0,pre_renovabio_1985_2015,30,approx_from_previous_land_use_grid,1987-2015,persistent new sugarcane entries weighted by grid-cell overlap,78477.375627986
13537735000281,215934.15697940014,2003.8894549648737,1987.0,2015.0,29.0,pre_renovabio_1985_2015,30,approx_from_previous_land_use_grid,1987-2015,persistent new sugarcane entries weighted by grid-cell overlap,215934.15697940014
13537735000362,150794.5381744813,2002.816798786024,1987.0,2015.0,29.0,pre_renovabio_1985_2015,30,approx_from_previous_land_use_grid,1987-2015,persistent new sugarcane entries weighted by grid-cell overlap,150794.5381744813
15009178000170,42906.55304832312,2005.4556818432632,1989.0,2015.0,27.0,pre_renovabio_1985_2015,30,approx_from_previous_land_use_grid,1987-2015,persistent new sugarcane entries weighted by grid-cell overlap,42906.55304832312
15043391000107,12281.240402040792,2011.3208858623111,1989.0,2015.0,26.0,pre_renovabio_1985_2015,30,approx_from_previous_land_use_grid,1987-2015,persistent new sugarcane entries weighted by grid-cell overlap,12281.240402040792
15444904000183,35952.66168162498,2006.636463566831,1987.0,2015.0,29.0,pre_renovabio_1985_2015,30,approx_from_previous_land_use_grid,1987-2015,persistent new sugarcane entries weighted by grid-cell overlap,35952.66168162498
15527906000721,62071.87587338884,2007.7711431296013,1987.0,2015.0,29.0,pre_renovabio_1985_2015,30,approx_from_previous_land_use_grid,1987-2015,persistent new sugarcane entries weighted by grid-cell overlap,62071.87587338884
15527906002937,30864.88500084448,2009.825620278934,1987.0,2015.0,29.0,pre_renovabio_1985_2015,30,approx_from_previous_land_use_grid,1987-2015,persistent new sugarcane entries weighted by grid-cell overlap,30864.88500084448
15527906003585,54775.83638036252,2009.2061654010527,1987.0,2015.0,29.0,pre_renovabio_1985_2015,30,approx_from_previous_land_use_grid,1987-2015,persistent new sugarcane entries weighted by grid-cell overlap,54775.83638036252
15527906003666,73204.2781923039,1999.5417873257788,1987.0,2015.0,29.0,pre_renovabio_1985_2015,30,approx_from_previous_land_use_grid,1987-2015,persistent new sugarcane entries weighted by grid-cell overlap,73204.2781923039
16617789000164,5458.946229452084,2009.284756010142,1987.0,2015.0,29.0,pre_renovabio_1985_2015,30,approx_from_previous_land_use_grid,1987-2015,persistent new sugarcane entries weighted by grid-cell overlap,5458.946229452084
19537471000161,235785.52197774875,2005.6883816943077,1987.0,2015.0,29.0,pre_renovabio_1985_2015,30,approx_from_previous_land_use_grid,1987-2015,persistent new sugarcane entries weighted by grid-cell overlap,235785.52197774875
19818301000155,70459.76515660287,2006.6020457699717,1987.0,2015.0,29.0,pre_renovabio_1985_2015,30,approx_from_previous_land_use_grid,1987-2015,persistent new sugarcane entries weighted by grid-cell overlap,70459.76515660287
21783238000100,11853.956562544392,2010.8808258804174,1987.0,2015.0,29.0,pre_renovabio_1985_2015,30,approx_from_previous_land_use_grid,1987-2015,persistent new sugarcane entries weighted by grid-cell overlap,11853.956562544392
22587687000146,17695.759760478923,2003.256952662625,1987.0,2015.0,29.0,pre_renovabio_1985_2015,30,approx_from_previous_land_use_grid,1987-2015,persistent new sugarcane entries weighted by grid-cell overlap,17695.759760478923
23796998000188,509.8670734466257,2006.9212910183062,1988.0,2015.0,20.0,pre_renovabio_1985_2015,30,approx_from_previous_land_use_grid,1987-2015,persistent new sugarcane entries weighted by grid-cell overlap,509.8670734466257
23858708000183,28231.950295960014,2008.8060254902502,1987.0,2015.0,29.0,pre_renovabio_1985_2015,30,approx_from_previous_land_use_grid,1987-2015,persistent new sugarcane entries weighted by grid-cell overlap,28231.950295960014
28144326000101,85113.53860733443,2007.1211995125489,1987.0,2015.0,29.0,pre_renovabio_1985_2015,30,approx_from_previous_land_use_grid,1987-2015,persistent new sugarcane entries weighted by grid-cell overlap,85113.53860733443
33664228000135,27807.672660281085,2005.6890555063098,1989.0,2015.0,27.0,pre_renovabio_1985_2015,30,approx_from_previous_land_use_grid,1987-2015,persistent new sugarcane entries weighted by grid-cell overlap,27807.672660281085
35637796000172,125535.29981152792,2003.101393072744,1987.0,2015.0,29.0,pre_renovabio_1985_2015,30,approx_from_previous_land_use_grid,1987-2015,persistent new sugarcane entries weighted by grid-cell overlap,125535.29981152792
37216363000250,70539.4903607536,2009.6386835036487,1987.0,2015.0,29.0,pre_renovabio_1985_2015,30,approx_from_previous_land_use_grid,1987-2015,persistent new sugarcane entries weighted by grid-cell overlap,70539.4903607536
38278706000192,82245.18008475183,2000.8839142244797,1987.0,2015.0,29.0,pre_renovabio_1985_2015,30,approx_from_previous_land_use_grid,1987-2015,persistent new sugarcane entries weighted by grid-cell overlap,82245.18008475183
43533819000399,166345.85818461888,2001.8808692424045,1987.0,2015.0,29.0,pre_renovabio_1985_2015,30,approx_from_previous_land_use_grid,1987-2015,persistent new sugarcane entries weighted by grid-cell overlap,166345.85818461888
43545284000104,104546.13592412157,2008.2282313114588,1987.0,2015.0,29.0,pre_renovabio_1985_2015,30,approx_from_previous_land_use_grid,1987-2015,persistent new sugarcane entries weighted by grid-cell overlap,104546.13592412157
43619832001760,139476.11760117058,2000.7844143108582,1987.0,2015.0,29.0,pre_renovabio_1985_2015,30,approx_from_previous_land_use_grid,1987-2015,persistent new sugarcane entries weighted by grid-cell overlap,139476.11760117058
43932102000581,122618.48962063921,2002.2222282768869,1987.0,2015.0,29.0,pre_renovabio_1985_2015,30,approx_from_previous_land_use_grid,1987-2015,persistent new sugarcane entries weighted by grid-cell overlap,122618.48962063921
44207249000148,72295.51186393775,1998.7207651817264,1987.0,2015.0,29.0,pre_renovabio_1985_2015,30,approx_from_previous_land_use_grid,1987-2015,persistent new sugarcane entries weighted by grid-cell overlap,72295.51186393775
44209336003583,70826.273068619,1997.4445487732912,1987.0,2015.0,29.0,pre_renovabio_1985_2015,30,approx_from_previous_land_use_grid,1987-2015,persistent new sugarcane entries weighted by grid-cell overlap,70826.273068619
44330975000153,156294.63769096733,2000.437213143897,1987.0,2015.0,29.0,pre_renovabio_1985_2015,30,approx_from_previous_land_use_grid,1987-2015,persistent new sugarcane entries weighted by grid-cell overlap,156294.63769096733
44330975002288,211317.4796118361,2006.3620375225444,1987.0,2015.0,29.0,pre_renovabio_1985_2015,30,approx_from_previous_land_use_grid,1987-2015,persistent new sugarcane entries weighted by grid-cell overlap,211317.4796118361
44330975002520,54921.498121653094,2009.0183291807132,1987.0,2015.0,29.0,pre_renovabio_1985_2015,30,approx_from_previous_land_use_grid,1987-2015,persistent new sugarcane entries weighted by grid-cell overlap,54921.498121653094
44346583000182,220722.12085927193,2000.5566013881805,1987.0,2015.0,29.0,pre_renovabio_1985_2015,30,approx_from_previous_land_use_grid,1987-2015,persistent new sugarcane entries weighted by grid-cell overlap,220722.12085927193
44373108000103,214169.81949878245,2002.1044969119307,1987.0,2015.0,29.0,pre_renovabio_1985_2015,30,approx_from_previous_land_use_grid,1987-2015,persistent new sugarcane entries weighted by grid-cell overlap,214169.81949878245
44691236000197,102086.32275691292,2000.463006870419,1987.0,2015.0,29.0,pre_renovabio_1985_2015,30,approx_from_previous_land_use_grid,1987-2015,persistent new sugarcane entries weighted by grid-cell overlap,102086.32275691292
44836856000177,22392.52064780388,2003.3447262223472,1987.0,2015.0,29.0,pre_renovabio_1985_2015,30,approx_from_previous_land_use_grid,1987-2015,persistent new sugarcane entries weighted by grid-cell overlap,22392.52064780388
44845915000173,109487.4748205492,2006.7610122661981,1987.0,2015.0,29.0,pre_renovabio_1985_2015,30,approx_from_previous_land_use_grid,1987-2015,persistent new sugarcane entries weighted by grid-cell overlap,109487.4748205492
44870939000182,167511.65026588726,1998.9823521484036,1987.0,2015.0,29.0,pre_renovabio_1985_2015,30,approx_from_previous_land_use_grid,1987-2015,persistent new sugarcane entries weighted by grid-cell overlap,167511.65026588726
45281813000135,117079.25082825204,2001.8712778333172,1987.0,2015.0,29.0,pre_renovabio_1985_2015,30,approx_from_previous_land_use_grid,1987-2015,persistent new sugarcane entries weighted by grid-cell overlap,117079.25082825204
45353547000109,86435.01673768663,2000.1965429636823,1987.0,2015.0,29.0,pre_renovabio_1985_2015,30,approx_from_previous_land_use_grid,1987-2015,persistent new sugarcane entries weighted by grid-cell overlap,86435.01673768663
45483450000110,128506.82161490881,2002.847528160912,1987.0,2015.0,29.0,pre_renovabio_1985_2015,30,approx_from_previous_land_use_grid,1987-2015,persistent new sugarcane entries weighted by grid-cell overlap,128506.82161490881
45483450002164,109047.70550360199,2004.584233919674,1987.0,2015.0,29.0,pre_renovabio_1985_2015,30,approx_from_previous_land_use_grid,1987-2015,persistent new sugarcane entries weighted by grid-cell overlap,109047.70550360199
45765914000181,63571.253887329935,1997.8744891902277,1987.0,2015.0,29.0,pre_renovabio_1985_2015,30,approx_from_previous_land_use_grid,1987-2015,persistent new sugarcane entries weighted by grid-cell overlap,63571.253887329935
45902707000121,151500.5281627929,2001.4271461575404,1987.0,2015.0,29.0,pre_renovabio_1985_2015,30,approx_from_previous_land_use_grid,1987-2015,persistent new sugarcane entries weighted by grid-cell overlap,151500.5281627929
45968162000156,133967.81275690714,2000.5640100780226,1987.0,2015.0,29.0,pre_renovabio_1985_2015,30,approx_from_previous_land_use_grid,1987-2015,persistent new sugarcane entries weighted by grid-cell overlap,133967.81275690714
47063128000168,161669.1391362142,2001.2954312455395,1987.0,2015.0,29.0,pre_renovabio_1985_2015,30,approx_from_previous_land_use_grid,1987-2015,persistent new sugarcane entries weighted by grid-cell overlap,161669.1391362142
47080619001199,223851.64089428744,2004.0392116069238,1987.0,2015.0,29.0,pre_renovabio_1985_2015,30,approx_from_previous_land_use_grid,1987-2015,persistent new sugarcane entries weighted by grid-cell overlap,223851.64089428744
47080619003051,220251.17426396598,2006.8918196313089,1987.0,2015.0,29.0,pre_renovabio_1985_2015,30,approx_from_previous_land_use_grid,1987-2015,persistent new sugarcane entries weighted by grid-cell overlap,220251.17426396598
47080619003302,262172.8575127932,2002.0637292311765,1987.0,2015.0,29.0,pre_renovabio_1985_2015,30,approx_from_previous_land_use_grid,1987-2015,persistent new sugarcane entries weighted by grid-cell overlap,262172.8575127932
47080619006158,186870.28679290708,1999.248376135452,1987.0,2015.0,29.0,pre_renovabio_1985_2015,30,approx_from_previous_land_use_grid,1987-2015,persistent new sugarcane entries weighted by grid-cell overlap,186870.28679290708
47080619006239,271903.22110203805,2002.0573594248278,1987.0,2015.0,29.0,pre_renovabio_1985_2015,30,approx_from_previous_land_use_grid,1987-2015,persistent new sugarcane entries weighted by grid-cell overlap,271903.22110203805
47254396000167,60074.5438359096,1997.9171733855528,1987.0,2015.0,29.0,pre_renovabio_1985_2015,30,approx_from_previous_land_use_grid,1987-2015,persistent new sugarcane entries weighted by grid-cell overlap,60074.5438359096
47524632000118,141015.67724471525,2002.0601945167612,1987.0,2015.0,29.0,pre_renovabio_1985_2015,30,approx_from_previous_land_use_grid,1987-2015,persistent new sugarcane entries weighted by grid-cell overlap,141015.67724471525
47524632000894,206589.30936995073,2004.1213633098296,1987.0,2015.0,29.0,pre_renovabio_1985_2015,30,approx_from_previous_land_use_grid,1987-2015,persistent new sugarcane entries weighted by grid-cell overlap,206589.30936995073
47902283000120,3837.1933780195363,2012.627134149526,1990.0,2015.0,12.0,pre_renovabio_1985_2015,30,approx_from_previous_land_use_grid,1987-2015,persistent new sugarcane entries weighted by grid-cell overlap,3837.1933780195363
48295562001108,75026.39470504835,2001.7907809925923,1987.0,2015.0,29.0,pre_renovabio_1985_2015,30,approx_from_previous_land_use_grid,1987-2015,persistent new sugarcane entries weighted by grid-cell overlap,75026.39470504835
48295562001450,171187.83968945805,2004.4136327457209,1987.0,2015.0,29.0,pre_renovabio_1985_2015,30,approx_from_previous_land_use_grid,1987-2015,persistent new sugarcane entries weighted by grid-cell overlap,171187.83968945805
48295562001884,185837.75480696477,2004.6364312839798,1987.0,2015.0,29.0,pre_renovabio_1985_2015,30,approx_from_previous_land_use_grid,1987-2015,persistent new sugarcane entries weighted by grid-cell overlap,185837.75480696477
48295562001965,142015.14004490813,2002.4272652171558,1987.0,2015.0,29.0,pre_renovabio_1985_2015,30,approx_from_previous_land_use_grid,1987-2015,persistent new sugarcane entries weighted by grid-cell overlap,142015.14004490813
48708267046156,164616.48677209337,2000.368865801109,1987.0,2015.0,29.0,pre_renovabio_1985_2015,30,approx_from_previous_land_use_grid,1987-2015,persistent new sugarcane entries weighted by grid-cell overlap,164616.48677209337
49049638000106,91842.73315984383,1997.2584529113221,1987.0,2015.0,29.0,pre_renovabio_1985_2015,30,approx_from_previous_land_use_grid,1987-2015,persistent new sugarcane entries weighted by grid-cell overlap,91842.73315984383
49213747000117,192757.52959317545,1998.8440643064096,1987.0,2015.0,29.0,pre_renovabio_1985_2015,30,approx_from_previous_land_use_grid,1987-2015,persistent new sugarcane entries weighted by grid-cell overlap,192757.52959317545
49213747011585,192757.52959317545,1998.8440643064096,1987.0,2015.0,29.0,pre_renovabio_1985_2015,30,approx_from_previous_land_use_grid,1987-2015,persistent new sugarcane entries weighted by grid-cell overlap,192757.52959317545
49213747011828,102069.0156517958,1996.2258945307378,1987.0,2015.0,29.0,pre_renovabio_1985_2015,30,approx_from_previous_land_use_grid,1987-2015,persistent new sugarcane entries weighted by grid-cell overlap,102069.0156517958
49213747012980,266247.1023238092,2004.4280346742153,1987.0,2015.0,29.0,pre_renovabio_1985_2015,30,approx_from_previous_land_use_grid,1987-2015,persistent new sugarcane entries weighted by grid-cell overlap,266247.1023238092
49605157000210,32562.974070930042,2002.5465559496042,1987.0,2015.0,29.0,pre_renovabio_1985_2015,30,approx_from_previous_land_use_grid,1987-2015,persistent new sugarcane entries weighted by grid-cell overlap,32562.974070930042
49972326000170,230219.8204002945,2005.7607388464792,1987.0,2015.0,29.0,pre_renovabio_1985_2015,30,approx_from_previous_land_use_grid,1987-2015,persistent new sugarcane entries weighted by grid-cell overlap,230219.8204002945
49972326003861,33795.15544291158,2011.4953329093903,1987.0,2015.0,29.0,pre_renovabio_1985_2015,30,approx_from_previous_land_use_grid,1987-2015,persistent new sugarcane entries weighted by grid-cell overlap,33795.15544291158
49976251000103,136938.71234981364,2001.950540540834,1987.0,2015.0,29.0,pre_renovabio_1985_2015,30,approx_from_previous_land_use_grid,1987-2015,persistent new sugarcane entries weighted by grid-cell overlap,136938.71234981364
50227255000160,178402.64565968813,2001.8430056026925,1987.0,2015.0,29.0,pre_renovabio_1985_2015,30,approx_from_previous_land_use_grid,1987-2015,persistent new sugarcane entries weighted by grid-cell overlap,178402.64565968813
50376938000189,87119.78213503129,1998.765136679309,1987.0,2015.0,29.0,pre_renovabio_1985_2015,30,approx_from_previous_land_use_grid,1987-2015,persistent new sugarcane entries weighted by grid-cell overlap,87119.78213503129
50376938000936,160462.35068697948,2006.385368066659,1987.0,2015.0,29.0,pre_renovabio_1985_2015,30,approx_from_previous_land_use_grid,1987-2015,persistent new sugarcane entries weighted by grid-cell overlap,160462.35068697948
51466860000156,65467.32479036105,1996.932904208536,1987.0,2015.0,29.0,pre_renovabio_1985_2015,30,approx_from_previous_land_use_grid,1987-2015,persistent new sugarcane entries weighted by grid-cell overlap,65467.32479036105
51466860002957,76353.81048760095,1995.8072601903025,1987.0,2015.0,29.0,pre_renovabio_1985_2015,30,approx_from_previous_land_use_grid,1987-2015,persistent new sugarcane entries weighted by grid-cell overlap,76353.81048760095
51466860005034,85642.9149282597,1998.9543709954962,1987.0,2015.0,29.0,pre_renovabio_1985_2015,30,approx_from_previous_land_use_grid,1987-2015,persistent new sugarcane entries weighted by grid-cell overlap,85642.9149282597
51466860006278,136970.11232172907,2010.9993294935193,1987.0,2015.0,29.0,pre_renovabio_1985_2015,30,approx_from_previous_land_use_grid,1987-2015,persistent new sugarcane entries weighted by grid-cell overlap,136970.11232172907
51843514000140,188761.58756790904,2000.5998080380782,1987.0,2015.0,29.0,pre_renovabio_1985_2015,30,approx_from_previous_land_use_grid,1987-2015,persistent new sugarcane entries weighted by grid-cell overlap,188761.58756790904
51843514009600,198593.99905050933,2003.7062601586038,1987.0,2015.0,29.0,pre_renovabio_1985_2015,30,approx_from_previous_land_use_grid,1987-2015,persistent new sugarcane entries weighted by grid-cell overlap,198593.99905050933
51990778000126,220722.12085927193,2000.5566013881805,1987.0,2015.0,29.0,pre_renovabio_1985_2015,30,approx_from_previous_land_use_grid,1987-2015,persistent new sugarcane entries weighted by grid-cell overlap,220722.12085927193
53009825000133,173349.654418809,1998.3543658991314,1987.0,2015.0,29.0,pre_renovabio_1985_2015,30,approx_from_previous_land_use_grid,1987-2015,persistent new sugarcane entries weighted by grid-cell overlap,173349.654418809
53172300000114,143262.48696120782,2001.8310806826316,1987.0,2015.0,29.0,pre_renovabio_1985_2015,30,approx_from_previous_land_use_grid,1987-2015,persistent new sugarcane entries weighted by grid-cell overlap,143262.48696120782
53408860000125,109516.83655264444,2001.0845803408556,1987.0,2015.0,29.0,pre_renovabio_1985_2015,30,approx_from_previous_land_use_grid,1987-2015,persistent new sugarcane entries weighted by grid-cell overlap,109516.83655264444
53811006000105,192862.23950179567,1998.9630141201378,1987.0,2015.0,29.0,pre_renovabio_1985_2015,30,approx_from_previous_land_use_grid,1987-2015,persistent new sugarcane entries weighted by grid-cell overlap,192862.23950179567
53811006000296,144475.12957122878,2005.2248966051056,1987.0,2015.0,29.0,pre_renovabio_1985_2015,30,approx_from_previous_land_use_grid,1987-2015,persistent new sugarcane entries weighted by grid-cell overlap,144475.12957122878
54470679000101,138600.5237266924,1998.90331624918,1987.0,2015.0,29.0,pre_renovabio_1985_2015,30,approx_from_previous_land_use_grid,1987-2015,persistent new sugarcane entries weighted by grid-cell overlap,138600.5237266924
54844360000107,82387.17373092887,2000.9551107603638,1987.0,2015.0,29.0,pre_renovabio_1985_2015,30,approx_from_previous_land_use_grid,1987-2015,persistent new sugarcane entries weighted by grid-cell overlap,82387.17373092887
54846951000105,85761.05581591891,2001.1933869168415,1987.0,2015.0,29.0,pre_renovabio_1985_2015,30,approx_from_previous_land_use_grid,1987-2015,persistent new sugarcane entries weighted by grid-cell overlap,85761.05581591891
55090971000161,118412.04901087808,2004.280336520612,1987.0,2015.0,29.0,pre_renovabio_1985_2015,30,approx_from_previous_land_use_grid,1987-2015,persistent new sugarcane entries weighted by grid-cell overlap,118412.04901087808
55109474000168,112327.63749409742,1995.1607155796962,1987.0,2015.0,29.0,pre_renovabio_1985_2015,30,approx_from_previous_land_use_grid,1987-2015,persistent new sugarcane entries weighted by grid-cell overlap,112327.63749409742
55109565000101,104352.07103283296,1994.613629764928,1987.0,2015.0,29.0,pre_renovabio_1985_2015,30,approx_from_previous_land_use_grid,1987-2015,persistent new sugarcane entries weighted by grid-cell overlap,104352.07103283296
56723257000207,64674.76319209637,2000.4019035606143,1987.0,2015.0,29.0,pre_renovabio_1985_2015,30,approx_from_previous_land_use_grid,1987-2015,persistent new sugarcane entries weighted by grid-cell overlap,64674.76319209637
60329174000124,75750.28857710982,1997.803265069027,1987.0,2015.0,29.0,pre_renovabio_1985_2015,30,approx_from_previous_land_use_grid,1987-2015,persistent new sugarcane entries weighted by grid-cell overlap,75750.28857710982
60855574000335,78387.23764973668,1997.4660681280402,1987.0,2015.0,29.0,pre_renovabio_1985_2015,30,approx_from_previous_land_use_grid,1987-2015,persistent new sugarcane entries weighted by grid-cell overlap,78387.23764973668
60855574000416,79868.10997852912,1997.8937259286986,1987.0,2015.0,29.0,pre_renovabio_1985_2015,30,approx_from_previous_land_use_grid,1987-2015,persistent new sugarcane entries weighted by grid-cell overlap,79868.10997852912
60855574001307,202191.91572800127,2002.2763606203105,1987.0,2015.0,29.0,pre_renovabio_1985_2015,30,approx_from_previous_land_use_grid,1987-2015,persistent new sugarcane entries weighted by grid-cell overlap,202191.91572800127
61082962000393,106890.8283679752,2005.068523049802,1987.0,2015.0,29.0,pre_renovabio_1985_2015,30,approx_from_previous_land_use_grid,1987-2015,persistent new sugarcane entries weighted by grid-cell overlap,106890.8283679752
61082962000474,73672.63195317617,2008.0186553250398,1987.0,2015.0,29.0,pre_renovabio_1985_2015,30,approx_from_previous_land_use_grid,1987-2015,persistent new sugarcane entries weighted by grid-cell overlap,73672.63195317617
61231478000206,97500.2350239149,1999.834022559614,1987.0,2015.0,29.0,pre_renovabio_1985_2015,30,approx_from_previous_land_use_grid,1987-2015,persistent new sugarcane entries weighted by grid-cell overlap,97500.2350239149
68316801000102,151103.4022324169,1999.852277882118,1987.0,2015.0,29.0,pre_renovabio_1985_2015,30,approx_from_previous_land_use_grid,1987-2015,persistent new sugarcane entries weighted by grid-cell overlap,151103.4022324169
68316801002571,151103.4022324169,1999.852277882118,1987.0,2015.0,29.0,pre_renovabio_1985_2015,30,approx_from_previous_land_use_grid,1987-2015,persistent new sugarcane entries weighted by grid-cell overlap,151103.4022324169
71304687000105,82857.91415938716,1997.2828534886755,1987.0,2015.0,29.0,pre_renovabio_1985_2015,30,approx_from_previous_land_use_grid,1987-2015,persistent new sugarcane entries weighted by grid-cell overlap,82857.91415938716
71304687001845,156653.45303645232,2001.6123541689883,1987.0,2015.0,29.0,pre_renovabio_1985_2015,30,approx_from_previous_land_use_grid,1987-2015,persistent new sugarcane entries weighted by grid-cell overlap,156653.45303645232
71304687002817,170885.13786955483,2004.9127223004311,1987.0,2015.0,29.0,pre_renovabio_1985_2015,30,approx_from_previous_land_use_grid,1987-2015,persistent new sugarcane entries weighted by grid-cell overlap,170885.13786955483
71321566000163,98699.38617925506,1995.3942378945717,1987.0,2015.0,29.0,pre_renovabio_1985_2015,30,approx_from_previous_land_use_grid,1987-2015,persistent new sugarcane entries weighted by grid-cell overlap,98699.38617925506
71324784000151,80992.20294204826,1994.4221031730492,1987.0,2015.0,29.0,pre_renovabio_1985_2015,30,approx_from_previous_land_use_grid,1987-2015,persistent new sugarcane entries weighted by grid-cell overlap,80992.20294204826
71324792000440,96080.2199754457,1996.9242558975063,1987.0,2015.0,29.0,pre_renovabio_1985_2015,30,approx_from_previous_land_use_grid,1987-2015,persistent new sugarcane entries weighted by grid-cell overlap,96080.2199754457
75084871000130,75800.56700181338,2002.3006365405672,1987.0,2015.0,29.0,pre_renovabio_1985_2015,30,approx_from_previous_land_use_grid,1987-2015,persistent new sugarcane entries weighted by grid-cell overlap,75800.56700181338
75177857000180,65287.0764058839,2002.7670721999953,1987.0,2015.0,29.0,pre_renovabio_1985_2015,30,approx_from_previous_land_use_grid,1987-2015,persistent new sugarcane entries weighted by grid-cell overlap,65287.0764058839
75444430000100,81790.30940500916,2000.0636630382417,1987.0,2015.0,29.0,pre_renovabio_1985_2015,30,approx_from_previous_land_use_grid,1987-2015,persistent new sugarcane entries weighted by grid-cell overlap,81790.30940500916
75619056000128,91607.95799437187,2001.4214565209707,1987.0,2015.0,29.0,pre_renovabio_1985_2015,30,approx_from_previous_land_use_grid,1987-2015,persistent new sugarcane entries weighted by grid-cell overlap,91607.95799437187
75717355000286,158290.5477817351,2005.7605318513458,1987.0,2015.0,29.0,pre_renovabio_1985_2015,30,approx_from_previous_land_use_grid,1987-2015,persistent new sugarcane entries weighted by grid-cell overlap,158290.5477817351
75717355000367,138165.924099737,2007.0750158864796,1987.0,2015.0,29.0,pre_renovabio_1985_2015,30,approx_from_previous_land_use_grid,1987-2015,persistent new sugarcane entries weighted by grid-cell overlap,138165.924099737
75717355000448,44059.46665546406,2007.0010358503985,1987.0,2015.0,29.0,pre_renovabio_1985_2015,30,approx_from_previous_land_use_grid,1987-2015,persistent new sugarcane entries weighted by grid-cell overlap,44059.46665546406
75717355000529,102115.11611103821,2003.0252380560923,1987.0,2015.0,29.0,pre_renovabio_1985_2015,30,approx_from_previous_land_use_grid,1987-2015,persistent new sugarcane entries weighted by grid-cell overlap,102115.11611103821
75717355000871,111122.66671836565,2008.008957299712,1987.0,2015.0,29.0,pre_renovabio_1985_2015,30,approx_from_previous_land_use_grid,1987-2015,persistent new sugarcane entries weighted by grid-cell overlap,111122.66671836565
75717355001096,107281.26371576011,2005.9480307695853,1987.0,2015.0,29.0,pre_renovabio_1985_2015,30,approx_from_previous_land_use_grid,1987-2015,persistent new sugarcane entries weighted by grid-cell overlap,107281.26371576011
75717355001177,93128.48954069853,2006.4621407801803,1987.0,2015.0,29.0,pre_renovabio_1985_2015,30,approx_from_previous_land_use_grid,1987-2015,persistent new sugarcane entries weighted by grid-cell overlap,93128.48954069853
78340270000210,113256.59549891906,2004.4907550157777,1987.0,2015.0,29.0,pre_renovabio_1985_2015,30,approx_from_previous_land_use_grid,1987-2015,persistent new sugarcane entries weighted by grid-cell overlap,113256.59549891906
