cnpj_clean,buffer_km,prior_entry_area_total_ha,prior_pasture_area_ha,prior_pasture_share,prior_annual_agriculture_area_ha,prior_annual_agriculture_share,prior_perennial_agriculture_area_ha,prior_perennial_agriculture_share,prior_agricultural_mosaic_area_ha,prior_agricultural_mosaic_share,prior_forestry_area_ha,prior_forestry_share,prior_native_vegetation_area_ha,prior_native_vegetation_share,prior_other_uses_area_ha,prior_other_uses_share,prior_productive_share,source_method,origin_year_window
00297598000122,150,91902.91324273191,32500.324927764323,0.3536375919001087,53897.8331762797,0.5864649038265627,0.0,0.0,999.206971684453,0.01087241890847758,75.58872265751334,0.000822484510995534,4392.3116269523125,0.04779295314993375,37.64781739360606,0.0004096477039217624,0.9517973991461445,grid_intersection_approximation,1987-2015
00372496000124,150,2445167.341376323,239059.99921209703,0.09776835931300154,824200.1562797702,0.33707310838523175,17830.510548558475,0.007292143260232705,1333881.320648938,0.5455173959170132,1520.872605357834,0.0006219912149250992,25657.332551813404,0.010493078374493396,3017.149529788025,0.0012339235351024064,0.9882729980904043,grid_intersection_approximation,1987-2015
00595322000120,150,719662.5457482979,78046.80478534599,0.10844916863666108,479262.85655485454,0.6659549804089385,0.0,0.0,159461.56609071733,0.22157824807307538,82.84025699597233,0.00011510986292865339,1913.0617505183775,0.0026582761070734827,895.4163098656857,0.0012442169113228488,0.9960975069816036,grid_intersection_approximation,1987-2015
01105558000102,150,62686.339765785495,18539.308389959424,0.295747182866757,24820.01598685764,0.39593978655624945,171.48031331043052,0.002735529207019123,18675.736725865223,0.2979235475486883,34.16684787455551,0.0005450445504110281,384.94613914570766,0.006140829733941702,60.685362772512136,0.0009680795369334117,0.992891090729125,grid_intersection_approximation,1987-2015
02043917000107,150,678882.4441519864,86195.93331013808,0.12696739185501865,418078.37262376386,0.6158332362622793,0.0,0.0,173022.81874824464,0.25486418191940863,44.54555098376663,6.56160007781758e-05,1099.734840090604,0.0016199193977748498,441.03907876550454,0.0006496545647404691,0.9977304260374846,grid_intersection_approximation,1987-2015
02414858000470,150,213971.035105947,91211.80279512699,0.42628107467893395,38715.9476816484,0.1809401336142452,0.0,0.0,81354.55126457661,0.3802129163150246,32.16718473175798,0.00015033429508732576,2539.977735052131,0.011870661530400457,116.58844481109628,0.0005448795663084394,0.987584458903291,grid_intersection_approximation,1987-2015
02460988000105,150,221413.67187027278,93991.47639690286,0.42450619965316716,39562.69098060211,0.1786822405609264,0.0,0.0,85080.02028393466,0.3842582057614916,40.510563509208374,0.0001829632432677585,2615.405019352542,0.011812301369018074,123.56862597142616,0.0005580894121291008,0.9876296092188529,grid_intersection_approximation,1987-2015
02635522000195,150,212675.61804967374,90175.1280284311,0.42400313141381957,38028.28586755564,0.17880886495730572,0.0,0.0,81780.49056908964,0.38453157592323783,37.27969268155178,0.0001752889824579916,2533.023599806588,0.01191026796129945,121.4102921091964,0.0005708707618794324,0.9875188612768211,grid_intersection_approximation,1987-2015
02635522004930,150,217984.0682398113,92779.91848009729,0.4256270617815386,39181.2891218468,0.17974381998753322,0.0,0.0,83277.17836328207,0.38203332489265296,36.33932836738153,0.00016670634996775757,2589.0733173253516,0.01187735112126189,120.2696288924346,0.0005517358670456691,0.9875709130116925,grid_intersection_approximation,1987-2015
02678100000105,150,33662.5999858918,4662.044223051011,0.13849329003121869,24623.76583312555,0.7314873433259915,1.9616595430962958,5.827415422214681e-05,4135.205749965755,0.12284273204383632,3.7059385061514156,0.00011009067949904633,219.50168579454854,0.006520639697662777,16.414895905685412,0.00048763006756949836,0.9929917302347677,grid_intersection_approximation,1987-2015
02773950000184,150,1126323.739605179,136492.05170955817,0.12118367651329451,645292.4691727194,0.5729191763275094,1.7433984119825245,1.5478661690942024e-06,340068.7030737561,0.3019280257672307,44.431614943494196,3.9448351642725056e-05,1890.1770145590167,0.0016781827001369947,2534.163621230972,0.002249942474016659,0.9960718748258465,grid_intersection_approximation,1987-2015
02783009000141,150,283546.7184001589,72446.81878040716,0.25550222971780495,130575.40885708401,0.4605075650101787,0.0,0.0,78443.72171414127,0.27665184120888525,69.45679463159648,0.0002449571450640973,1937.9199098905772,0.006834570051894104,73.39234400428597,0.0002588368661728262,0.9929065930819331,grid_intersection_approximation,1987-2015
02859452000230,150,1151043.5701870467,162204.40701163505,0.1409194327763601,639081.0934098951,0.555218855274126,0.0,0.0,345544.58835242497,0.3002011368659775,44.34663368725284,3.8527328448606365e-05,1710.2191334019994,0.0014857987809480451,2458.9156460022227,0.0021362489741397405,0.9963779522449121,grid_intersection_approximation,1987-2015
02896264000109,150,267438.902171405,87047.53228451186,0.3254856775800029,84930.05419175915,0.3175680632181417,0.0,0.0,92746.52413978953,0.34679518718764074,61.90468647701898,0.00023147225767978767,2554.930155729034,0.009553322777594813,97.95671313836901,0.00036627697893998725,0.9900804002434652,grid_intersection_approximation,1987-2015
03345641000338,150,2268084.8587875757,549517.1776448863,0.24228245936910642,918798.2105826156,0.4050986924156652,16465.512716782778,0.007259654616972559,780942.316311512,0.34431794440397234,91.6826746195237,4.0422947256273936e-05,1730.3313286155635,0.0007629041399890685,539.6275285440582,0.00023792210703814704,0.9989991737529728,grid_intersection_approximation,1987-2015
03347747000109,150,242543.10491655327,102788.41220842922,0.4237944106627705,41518.17768060134,0.17117855275616112,0.0,0.0,95213.92872291346,0.39256497831868575,46.91715860244826,0.00019343843486538224,2853.841566214449,0.011766327338789162,121.82757979234852,0.0005022924887279858,0.9877313801724827,grid_intersection_approximation,1987-2015
03445208000455,150,2461795.4449703614,726115.4596434133,0.2949536124648063,822860.5851770788,0.3342522169574433,16096.425923404093,0.006538490416127115,893332.5454398883,0.3628784622479645,121.89501042236614,4.9514678675438724e-05,2579.4124644962294,0.0010477769262942495,689.1213116585718,0.0002799263086892536,0.9986722967650166,grid_intersection_approximation,1987-2015
03937452000435,150,1518324.238280066,270419.8769804483,0.1781041691640092,668101.4552294279,0.4400255481571201,436.14933054388007,0.00028725704269724577,574001.6553920122,0.37804945802764256,13.192082542966261,8.688580614315982e-06,2619.9362826625743,0.0017255446607573077,2731.9729824281503,0.0017993343671592087,0.9964751209720835,grid_intersection_approximation,1987-2015
04165520000105,150,123457.10254767645,56224.55944778067,0.45541777903031516,57449.232061203205,0.46533760209557457,0.0,0.0,998.170654661766,0.008085161842157232,135.93818712417274,0.0011010965292310856,8632.560790053323,0.06992356544832741,16.641406853308162,0.00013479505439455467,0.929941639497278,grid_intersection_approximation,1987-2015
04165520000296,150,71051.22851951646,34095.192515192655,0.47986774086288086,29914.393798399557,0.42102570809430306,0.0,0.0,796.3053503905644,0.011207481798458053,83.51098752430484,0.001175363034030663,6153.55373297275,0.08660728127005549,8.27213503663011,0.00011642494027190405,0.9132762937896727,grid_intersection_approximation,1987-2015
04171382000177,150,3971127.0320112277,1386466.787027202,0.3491368510377288,488175.61745928164,0.12293125188998019,32741.625376133998,0.008244920173090404,2050134.3820009497,0.5162600857325466,482.2641309286748,0.00012144263506081446,10630.970000187386,0.0026770662118061725,2495.386016544208,0.0006283823197870324,0.9966945514684068,grid_intersection_approximation,1987-2015
04248044000277,150,4008191.6194937835,1046199.1280085774,0.2610152476045314,813825.661203192,0.20304060745129107,34611.94854570937,0.008635302857621537,2092431.486817182,0.5220387859304607,733.408321137616,0.00018297736005701298,17457.808065681835,0.004355532300595618,2932.178532303219,0.0007315464954426355,0.9949129212039618,grid_intersection_approximation,1987-2015
04969941000199,150,3473287.4488723576,510671.79407204123,0.14702837055361964,886462.1376243505,0.25522279703977585,35536.73617765861,0.010231441163672191,2005274.5849480757,0.5773419604528013,1855.7319696135594,0.000534286895896291,29690.494410647476,0.008548239916130993,3795.9696699705673,0.001092903978103791,0.9903588561057654,grid_intersection_approximation,1987-2015
05242560000176,150,3948889.120374077,919666.159487805,0.23289237338745164,923716.0753303099,0.23391795696780834,31706.524294953666,0.008029226278186842,2051216.537088291,0.5194414111313361,668.6670768646873,0.0001693304259708727,18988.5212595913,0.004808572912726535,2926.6358362615288,0.0007411288965197102,0.9944502981907539,grid_intersection_approximation,1987-2015
05553456000100,150,2655167.6480595074,1058070.033459737,0.3984946239583074,285303.16366365034,0.10745203372455982,6906.6044661787155,0.00260119336390164,1297755.121650178,0.4887657932253824,74.94066314708697,2.82244562605515e-05,4652.358145623767,0.0017521899790485466,2405.4260109927045,0.0009059412925397298,0.9973418687284119,grid_intersection_approximation,1987-2015
05620523000235,150,772318.9064563388,219338.47851639873,0.28399988228023326,220546.98592047492,0.28556465998277747,483.69057127885276,0.0006262834785415123,329970.7995503623,0.42724682354907023,10.457861814488167,1.3540859516792596e-05,1885.3697971967356,0.0024411804261628813,83.12423881289016,0.00010762942369790267,0.9974511901501393,grid_intersection_approximation,1987-2015
05643160000172,150,413248.6376990079,93620.17604165433,0.2265468473482135,206425.34004934417,0.49951850101365686,0.0,0.0,111362.03615009047,0.26947949972723606,10.673107145216768,2.5827325661967674e-05,1741.5340458882804,0.004214252358060372,88.87830488541177,0.0002150722271712528,0.9955706754147684,grid_intersection_approximation,1987-2015
05928246000141,150,3915854.987726798,1477281.6150577643,0.37725646626034653,381485.7780926143,0.09742081340812661,31156.274447255128,0.007956442346538918,2013992.0659152018,0.5143173259039271,496.30637418395247,0.00012674278688549304,9034.434787722954,0.002307142326781502,2408.51305205547,0.0006150669673939181,0.9970777907058247,grid_intersection_approximation,1987-2015
05938884000143,150,2329509.5822852044,1070731.1301319348,0.45963800203885313,183461.29884736994,0.07875533126908106,4808.7978938128035,0.002064296249468725,1065707.2498841237,0.45748137633273234,151.17262225501798,6.489461275652729e-05,3247.7954486696613,0.0013941970762290817,1402.1374570387727,0.0006019024208792061,0.9980039005028917,grid_intersection_approximation,1987-2015
05980986000127,150,1551806.8242064796,138325.15315022666,0.0891381265970135,824025.8282550613,0.5310105712909395,1638.7206941166473,0.0010560081761172891,577288.5901777049,0.372010601559832,259.47350366519584,0.00016720734798796768,8860.902719194284,0.00571005526008389,1408.155706510504,0.0009074297680257773,0.9933825149718902,grid_intersection_approximation,1987-2015
06044698000808,150,8829.174133693945,2239.2656071574215,0.2536211850904518,2630.570313668127,0.2979406990773157,19.432908356189728,0.0022009882308278135,500.52217286039627,0.056689579940472655,5.440629243850708,0.0006162104361593853,3433.942502407961,0.3889313372247728,0.0,0.0,0.6110686627752272,grid_intersection_approximation,1987-2015
06059962000100,150,3188907.414710473,918232.8591975637,0.28794591368872713,700942.5098857271,0.2198064787495146,17025.261829432424,0.005338901264707361,1542671.3181066397,0.48376171443243415,73.74338769679895,2.3124969811484558e-05,6958.935868074181,0.00218223201964802,3002.786435338923,0.0009416348751572494,0.9968761331051947,grid_intersection_approximation,1987-2015
06252818003799,150,1162863.1968304384,160236.0774020384,0.13779443518273377,157202.52903447647,0.13518574623649282,10209.334135815203,0.008779479962597755,814046.879654242,0.7000366697243935,1739.8723218125804,0.0014961969099674566,16662.03006896092,0.014328452490693517,2766.474213092914,0.002379019493121257,0.9832925280161854,grid_intersection_approximation,1987-2015
06315338002324,150,3724731.1730615436,1369350.8646557701,0.3676375021530029,429763.43603912945,0.11538106136284872,26250.827216602145,0.007047710558672419,1888551.270516317,0.5070302211807737,256.52139486976733,6.886977420679719e-05,8274.958850533947,0.002221625794199892,2283.294388320801,0.0006130091762955463,0.9971653650295045,grid_intersection_approximation,1987-2015
06315338002405,150,3450441.101299924,1389494.9902047834,0.40270068359703437,323225.7821903876,0.09367665544808607,19106.526097452734,0.005537415517759313,1710074.8743236829,0.4956105101111353,156.76006940876906,4.543189256287002e-05,6349.433506651195,0.0018401802321039767,2032.7349075572752,0.0005891232013180749,0.9975706965665779,grid_intersection_approximation,1987-2015
06315338015060,150,3990903.5721924985,1189366.0285617802,0.29801923475399167,606510.0979096506,0.15197312762343937,39857.09970899135,0.009986986402453943,2132801.6953188335,0.5344157423846569,1239.0627990326368,0.00031047174571344704,18085.34171745056,0.004531640865357953,3044.2461767599257,0.0007627962243867236,0.9947055629102552,grid_intersection_approximation,1987-2015
06315338015140,150,4026341.035086189,1029158.1933423224,0.2556063146102307,736421.2172966981,0.18290085486534902,41157.364392988406,0.010222026409173107,2190834.4581125197,0.5441254079128501,1744.6611645422126,0.0004333118206676862,23440.1208085447,0.0058216928482420355,3585.019968573094,0.0008903915334872651,0.9932879156182706,grid_intersection_approximation,1987-2015
07130855000186,150,916037.269488006,80239.76466418002,0.0875944323848612,585782.6686160468,0.6394747114857608,6.361852273037392,6.944971001663693e-06,245793.94196429724,0.2683230804590266,29.506235973182097,3.22107374404906e-05,1684.4908214255563,0.001838888959580276,2500.535333810239,0.0027297310023290263,0.9954313800380908,grid_intersection_approximation,1987-2015
07280328000158,150,3044980.516037089,823200.5075995761,0.2703467241461815,313581.92186745466,0.10298322771390604,39751.406087644405,0.013054732494439456,1838756.6075175004,0.6038648187839846,4415.8056225636965,0.0014501917497687891,22080.84928749906,0.0072515568395939475,3193.418054850258,0.00104874827212568,0.9916996948882804,grid_intersection_approximation,1987-2015
07280328001715,150,1687828.6161713027,182633.68843436206,0.10820629931530087,365254.73942783003,0.2164051112348004,15880.959661186218,0.009409106771285132,1094966.4182096645,0.6487426553375447,1903.7967264232163,0.001127956184758746,24270.113779788935,0.014379489450086257,2918.899932047777,0.0017293817062238558,0.9838911288436899,grid_intersection_approximation,1987-2015
07280328001804,150,2198098.7388197235,287739.77493101463,0.13090393522791313,297818.95976394275,0.13548934563506354,27919.908694700625,0.01270184464492815,1547292.8155639067,0.7039232534179656,4260.215012606159,0.00193813632543809,28802.30722317216,0.013103281811006205,4264.75763038057,0.0019402029376853862,0.9849565152513085,grid_intersection_approximation,1987-2015
07298800000180,150,2264873.933315141,709606.7885419027,0.3133096187403407,683531.69056448,0.301796793415332,14986.181997710035,0.006616784173843381,853328.4184526905,0.3767664088939629,129.2368157520829,5.7061372755046185e-05,2684.2962376211744,0.0011851857174638046,607.3207049847726,0.00026814768630226816,0.9985466665962339,grid_intersection_approximation,1987-2015
07300906000170,150,743395.4337167465,87362.79637575606,0.11751860774684772,476112.370641847,0.6404564099370814,0.0,0.0,177242.7269316088,0.23842321178306164,73.31757856707753,9.862527430456815e-05,1733.289993091479,0.0023315854718471522,870.9321958760721,0.0011715597868575563,0.9964968547412955,grid_intersection_approximation,1987-2015
07398533000112,150,3328274.2443761686,1042157.2327993262,0.31312240406879743,605911.9255448271,0.18204987962414604,20842.032401800312,0.006262113897920938,1649142.833721301,0.49549487591290914,99.14347951764827,2.9788254283784574e-05,7694.383952118479,0.00231182390246831,2426.6924772778366,0.0007291143394743546,0.9969590617580574,grid_intersection_approximation,1987-2015
07455944000100,150,3694833.7972787092,726603.678418353,0.19665395476070008,1074483.7476416042,0.290807058339938,26282.90186938628,0.007113419252780454,1846310.8878904402,0.4997006602165085,528.0550735767997,0.00014291713850991589,17955.502618030307,0.004859623897360351,2669.02376731858,0.0007223663942027242,0.994418009708437,grid_intersection_approximation,1987-2015
07458537000149,150,3092088.063668491,1131042.1475465219,0.3657858781048557,783237.7991695396,0.2533038461525241,16482.170747841064,0.005330433806689974,1156657.340050322,0.3740699864408291,268.92741586883193,8.697275444017372e-05,2703.179216502598,0.0008742245242832811,1696.4995218947279,0.0005486582163775699,0.9985771172593391,grid_intersection_approximation,1987-2015
07459492000127,150,68070.2379817343,19460.234662463507,0.2858846279880113,33617.102295688375,0.4938590387286299,83.29437938703683,0.0012236534182440747,14488.711246236191,0.21284942841134233,33.68696064845431,0.0004948853074010661,344.3377146098624,0.005058564870924363,42.870722700869194,0.0006298012754468841,0.9943116338536286,grid_intersection_approximation,1987-2015
07670089000142,150,8531.10349317341,186.95652795949502,0.02191469463582263,8042.631660725483,0.9427422451458006,0.0,0.0,160.18183225653507,0.018776214868886844,0.0,0.0,122.3816742873625,0.014345351030531082,18.951797944535148,0.002221494318958899,0.9834331546505101,grid_intersection_approximation,1987-2015
07674341000191,150,1765312.6395834158,165518.64231447075,0.09376165932484933,948590.7599746325,0.5373500074176573,2808.9496189113834,0.0015911910196112619,638392.308866212,0.3616313023266303,219.48261121551946,0.00012433073116573486,8202.476347387324,0.004646472337796761,1580.0198505863498,0.0008950368422894247,0.9944584908199139,grid_intersection_approximation,1987-2015
07863768000138,150,808053.9295259304,217473.68007902458,0.2691326310443316,239265.6382241766,0.2961010762790908,592.3770930667532,0.0007330910368993433,349581.6285112985,0.43262165523579754,8.43269723651025,1.043580994830079e-05,1048.733329103037,0.0012978506641485037,83.43959202443548,0.0001032599297838795,0.9985988894060676,grid_intersection_approximation,1987-2015
07895728000682,150,216893.39781346745,43175.14351911899,0.19906158488166825,128796.1575295516,0.5938223976753723,0.0,0.0,43607.49581761661,0.2010549710467439,0.7672245502471924,3.5373347367033294e-06,1270.7030561029917,0.005858652540432886,43.130666527043225,0.00019885652104605065,0.993942490938521,grid_intersection_approximation,1987-2015
07903169000109,150,897724.144416281,274996.84207306965,0.3063266636900786,229135.78984710624,0.255240756609142,2109.4314892565094,0.0023497546572372806,389333.95987567527,0.4336899729134815,13.270777701147589,1.4782689965163547e-05,2026.913342799126,0.0022578353889736,107.93701067308605,0.00012023405112187213,0.9976219305599047,grid_intersection_approximation,1987-2015
07903169001768,150,1002822.0576651152,299839.7959102054,0.29899601192291947,261791.51821526611,0.26105480649757445,3165.1345594365407,0.0031562275034176736,436265.699972863,0.43503799765695883,10.691435626715277,1.0661348685935667e-05,1649.5946026976674,0.0016449524520216895,99.62296901975427,9.934261842196395e-05,0.9982557049295564,grid_intersection_approximation,1987-2015
07912062000119,150,1479807.7080573875,470596.7515560533,0.31801209643233147,387485.979899264,0.26184887251866995,8759.631194345477,0.0059194388207672284,610734.0984825663,0.41271179705118943,54.79369337529203,3.702757667563596e-05,2007.0840123474397,0.001356314067982679,169.36921943567032,0.00011445353238361569,0.9985292323996338,grid_intersection_approximation,1987-2015
07930999000206,150,355680.29108777246,50528.31170085067,0.14206103899184455,92703.59451324742,0.2606374230906447,510.4844959394624,0.0014352341378777392,208242.28615425853,0.585476033876923,48.22597324934236,0.00013558798296597622,3202.54341417541,0.009003994582834806,444.84483605162177,0.001250687336909106,0.989745318080256,grid_intersection_approximation,1987-2015
07969961000239,150,3323984.41163794,1292351.3389610748,0.38879584827061525,723825.535072955,0.21775840239764535,15997.801591011244,0.004812838933600204,1286264.7013329645,0.38696472126328035,369.3391304850805,0.00011111337622160612,3242.0935577592977,0.0009753636468354287,1933.6019916901032,0.00058171211180178,0.9984429242413627,grid_intersection_approximation,1987-2015
07981751000185,150,1493494.9019454562,303939.6123720412,0.20350897212713845,607523.7533914271,0.40677993115346733,366.98619002690987,0.00024572309523712894,576247.1009997006,0.3858380100588691,28.379175742355564,1.9001856454540476e-05,2668.440894126353,0.0017867090745675724,2720.6289223917843,0.0018216526342660017,0.9963916382911666,grid_intersection_approximation,1987-2015
07987748000179,150,167371.1442793222,70538.28639167969,0.421448312941924,29578.475841581,0.17672386700193732,0.0,0.0,65070.6521052359,0.3887805893030214,21.771028730272867,0.0001300763570925921,2052.83203155801,0.012265149051810755,109.12688053733146,0.0006520053442140055,0.9870828456039753,grid_intersection_approximation,1987-2015
07996345000196,150,1052144.9110312203,126061.63000712151,0.11981394262846069,618998.0160152373,0.5883201159130729,0.0,0.0,302458.6789852378,0.28746865171718056,68.6282419670999,6.522698655628767e-05,2109.8357436612478,0.0020052710625130254,2448.122037995491,0.00232679169221667,0.9956679372452705,grid_intersection_approximation,1987-2015
08048772000105,150,866238.2518432629,116397.42261657685,0.13437114139083042,507504.27297432796,0.5858714642240894,0.0,0.0,239280.3525377541,0.27622926144001486,50.60584300346065,5.8420235882884175e-05,1433.1682815727681,0.001654473556810887,1572.4295900277618,0.0018152391523715316,0.9965302872908175,grid_intersection_approximation,1987-2015
08056257000177,150,3528188.322723274,787546.8857566321,0.22321566019717298,974555.7866879902,0.2762198889473586,23417.80264226471,0.0066373448637768295,1726566.285870073,0.4893634148580261,282.30449497089955,8.001400978307174e-05,13170.101728246977,0.0037328227757642703,2649.155543096505,0.0007508543481181647,0.9955163228761176,grid_intersection_approximation,1987-2015
08057019000186,150,1500693.34217419,469031.0334816088,0.3125428895433634,311115.22870350094,0.20731432595866667,913.8604873030048,0.0006089588469680371,714373.2094305,0.47602877240430946,14.757213860136421,9.833597208311933e-06,2766.633146563803,0.0018435699478452617,2478.61971085327,0.001651649701638757,0.9965047803505158,grid_intersection_approximation,1987-2015
08070508000330,150,1850471.4390421482,340558.40912099765,0.18403872761055934,211196.8944660007,0.11413139917215998,21088.09794854143,0.011396067782303721,1251849.096444942,0.676502792765573,4954.000854624624,0.0026771560749886216,17496.115914313246,0.009454950530535985,3328.8242927282736,0.0017989060638792453,0.9887461434055848,grid_intersection_approximation,1987-2015
08070508006532,150,3261585.9768335083,573518.0002466337,0.17584022138929792,597410.372559842,0.18316560618151612,40505.74288546802,0.012419032695496435,2011627.8953127647,0.6167637185102635,3518.2295208242044,0.001078686732716412,30814.94586901543,0.009447841046622336,4190.79043896046,0.0012848934440873039,0.9892672655092902,grid_intersection_approximation,1987-2015
08070508006613,150,3528311.3995685354,1582789.0633803143,0.448596760357906,262980.2563411399,0.0745343102009927,16812.589447680843,0.0047650526112113555,1658772.911149563,0.4701322313422813,376.35832951583916,0.00010666811596104093,4706.458487402945,0.0013339124454770294,1873.7624329185442,0.0005310649261705414,0.9981350226283525,grid_intersection_approximation,1987-2015
08070508006702,150,3140548.2199294264,1429664.4110751434,0.45522765802566484,320564.8191134038,0.10207288558066063,11874.093806452145,0.0037808984212058926,1372901.658368681,0.4371535038553022,275.747475751555,8.780233782169137e-05,3517.88501835508,0.0011201499776475755,1749.6050716395564,0.0005571018016971805,0.9983227482206551,grid_intersection_approximation,1987-2015
08070508006885,150,2196547.792967723,1045541.4908251845,0.47599305335968534,173624.4456575553,0.07904423760476155,4912.741570404848,0.002236573948508225,967957.6822732458,0.4406722609779651,175.90925469008286,8.00844194026912e-05,2980.838523824144,0.0013570560737933123,1354.6848628184537,0.0006167336158837495,0.9980262103103228,grid_intersection_approximation,1987-2015
08070508006966,150,1501005.105334528,261896.46188715557,0.17448072691850497,533406.949529689,0.3553665125015074,8860.80129162715,0.005903245272208683,684948.0898421447,0.45632628923636526,3736.5980298270165,0.002489397282225928,7003.12647284502,0.004665624685722996,1153.0782812396533,0.0007682041034648363,0.9945661712108123,grid_intersection_approximation,1987-2015
08070508008314,150,3265535.363300653,1500805.2529492285,0.4595893432408839,275256.07525281777,0.0842912553776792,13247.749106079238,0.004056838353356254,1470330.9164193808,0.45025723283952984,313.2307999921867,9.592019841903883e-05,3832.423166396061,0.0011735972023045017,1749.7156067586936,0.0005358127878272803,0.9982905900098683,grid_intersection_approximation,1987-2015
08070508009477,150,1142859.514541803,165688.92254354854,0.14497750636479306,131413.68961586407,0.11498673979063005,14129.23984828633,0.012363059211132392,810802.1495489905,0.709450408586797,4039.651595518232,0.0035346878108092014,14009.364940413694,0.012258168884414767,2776.4964491814035,0.002429429351423443,0.9853124017641618,grid_intersection_approximation,1987-2015
08070508009558,150,2010652.1430951303,401908.4249773809,0.199889586250706,227469.42479639672,0.1131321624068885,23742.828316817242,0.011808521129999309,1331421.050288693,0.6621836874473713,4821.797991098693,0.0023981264027482046,18036.23114463148,0.008970338905499146,3252.3855801122904,0.0016175774567875661,0.9894120836377133,grid_intersection_approximation,1987-2015
08070508009710,150,2687403.00750589,1254515.1630844679,0.46681318714782244,248002.94399384648,0.09228349573963292,8553.999878766394,0.0031829985509710143,1171402.0008957225,0.4358862431961296,218.1513267190686,8.11755163292495e-05,3142.1771080964672,0.001169224377333953,1568.5712182712264,0.0005836754717808317,0.9982471001508852,grid_intersection_approximation,1987-2015
08070508012265,150,965047.1215141404,139533.63289369855,0.1445873779456209,113507.04479442968,0.11761813725358748,10583.349337900312,0.010966665877719255,684503.2230949105,0.7092951295693604,3283.591965407866,0.0034025198274836295,11214.75339283873,0.011620938649340766,2421.5260349547425,0.0025092308768875603,0.9858698304737716,grid_intersection_approximation,1987-2015
08070508012427,150,2598737.182436873,268248.46688832814,0.10322262239569285,1087730.5524288884,0.4185611995626691,17015.6029411972,0.006547642853688431,1203222.9121692,0.46300292322785813,674.9953432761689,0.0002597397489203645,19398.537056930058,0.007464601341002006,2446.1156090535474,0.0009412708701692525,0.9915941277888289,grid_intersection_approximation,1987-2015
08070508012508,150,2192090.4099291535,326379.0651976574,0.1488894179360995,226124.7252244818,0.10315483531164664,29361.156064774448,0.013394135539201312,1572222.9410663284,0.7172254091094451,5060.099909673194,0.0023083445312078767,28653.847981166993,0.013071471802156674,4288.574485071424,0.001956385770242947,0.9849721424276004,grid_intersection_approximation,1987-2015
08070508015795,150,2246109.8500124793,424068.05430416873,0.18880111954533862,191901.121227522,0.08543710416765939,29918.49597927374,0.013320139252809702,1566807.3463044716,0.6975648792492346,5001.30673448647,0.0022266527767814577,24503.6588022093,0.010909376850857565,3909.866660347286,0.0017407281573185581,0.9873498949918238,grid_intersection_approximation,1987-2015
08070508015876,150,1814766.2622624857,291275.36358971096,0.16050296374067222,176277.07412950826,0.09713486402912407,22843.318941423033,0.012587471685165701,1293912.4527641071,0.7129912428231803,5076.468951047234,0.0027973128311953267,21673.70723818592,0.011942974524534699,3707.8766485030737,0.0020431703661277184,0.9860138551093376,grid_intersection_approximation,1987-2015
08070508016414,150,2504996.96332346,404974.19526794826,0.16166654139598477,301273.3585753952,0.12026895161409144,33092.08106747717,0.013210427618072975,1726140.7841043274,0.6890789926604146,5059.063362711297,0.0020195886209775178,30064.435268762063,0.012001785115489565,4393.045676838782,0.001753712974969194,0.9862445019095413,grid_intersection_approximation,1987-2015
08070508016767,150,493075.4624042256,67525.72674177913,0.1369480574282182,298897.7116800738,0.6061906025959086,0.0,0.0,125311.58630779105,0.2541428155779125,39.92604530849485,8.097349868885442e-05,1247.837748890404,0.002530723680318573,52.67388038272901,0.00010682721895324556,0.9973624491007281,grid_intersection_approximation,1987-2015
08070566001173,150,288669.59490845655,35218.06863362885,0.12200130964536555,201157.19262041367,0.696842328282634,0.0,0.0,50777.51028617993,0.1759018309575783,9.038230159396967,3.130994853220751e-05,1447.4000834600815,0.00501403718642098,60.385054614622355,0.0002091839794688865,0.9947767788341101,grid_intersection_approximation,1987-2015
08070566001254,150,227436.0270894038,40273.93479668779,0.1770780791068617,143982.3592023542,0.6330675093341986,0.0,0.0,41831.47317763067,0.18392632738518142,0.7672245502471924,3.373364194167887e-06,1298.8852905977262,0.005710991821393107,48.607397583160726,0.00021371898817091733,0.994075289190436,grid_intersection_approximation,1987-2015
08070566001688,150,223081.12525487776,42692.00730757309,0.19137435880689602,136474.0864552849,0.611768863454309,0.0,0.0,42597.49897159569,0.19095070872951087,0.7672245502471924,3.439217680880049e-06,1271.046564644067,0.005697687615623479,45.7187312297258,0.0002049421759796603,0.9940973702083968,grid_intersection_approximation,1987-2015
08070566001769,150,207627.13869963822,35950.00187035859,0.1731469310587828,135538.8554508473,0.6527993223801214,0.0,0.0,34940.795136286906,0.1682862623601131,0.7672245502471924,3.6952035993574537e-06,1152.1014887024114,0.0055488964300042095,44.61752889276866,0.00021489256737922962,0.9942362110026166,grid_intersection_approximation,1987-2015
08110543000173,150,3061982.5953298854,1426257.8803382127,0.4657955543292543,243618.39974606296,0.07956230715276699,11305.700780211666,0.0036922812028569473,1375203.8102188462,0.4491220205876733,247.90375820020216,8.096184432214058e-05,3703.818047164553,0.001209614337068274,1645.082441186983,0.0005372605460579858,0.9982531251168737,grid_intersection_approximation,1987-2015
08164344000148,150,1959584.457415903,416626.46616085985,0.212609599236291,716609.4715863025,0.3656946088107337,1429.3693133598338,0.0007294247042787521,817804.1016633468,0.41733547057307346,9.326342125711607,4.759346855613573e-06,4020.4998345303043,0.002051710412028948,3085.222515377928,0.00157442691673846,0.9963738626712325,grid_intersection_approximation,1987-2015
08195806000194,150,1055620.496341613,130909.56347330725,0.12401195687938137,618568.2344121742,0.5859759606372755,0.0,0.0,301653.4561977447,0.2857593777718064,66.09311082075212,6.261067405360752e-05,2011.8165521902936,0.0019058142193738182,2411.332595375635,0.002284279818109268,0.9958099059625168,grid_intersection_approximation,1987-2015
08322396000103,150,271370.33169754624,49791.853121471984,0.18348303887901468,165174.47594632037,0.6086681433194191,0.0,0.0,54853.77783176743,0.20213623754900478,0.7672245502471924,2.8272233941265795e-06,1496.9251004092487,0.005516170802627147,52.532473026948786,0.00019358222654014537,0.9942902469708327,grid_intersection_approximation,1987-2015
08355201000113,150,1266283.4054621921,135446.60400615385,0.10696389403975169,722862.6090978654,0.5708537330425026,416.309477940337,0.0003287648532268213,400776.10854688636,0.3164979552113798,147.3521329443145,0.00011636584062359335,4457.765265501312,0.0035203535371880136,2176.6569349006554,0.0017189334753274902,0.9947607129874846,grid_intersection_approximation,1987-2015
08391345000397,150,3450074.103588973,1570566.1644556497,0.45522679145408873,259248.30644751407,0.07514282263613657,15103.115146411468,0.004377620506962533,1598537.8389478286,0.46333434904628107,351.6907079011777,0.00010193714608487047,4456.610967576602,0.0012917435492010357,1810.3769160917864,0.0005247356612452249,0.9981835207895537,grid_intersection_approximation,1987-2015
08493354000127,150,2164703.88041478,251364.58241066808,0.1161196155672359,1066629.431445196,0.4927368778222075,7059.31699501794,0.003261100540765557,828934.8876367471,0.38293223157982903,200.5077739709128,9.262595950652308e-05,8746.588902731512,0.004040547523320175,1768.5652504487487,0.0008170010071353837,0.9951424514695445,grid_intersection_approximation,1987-2015
08517600000133,150,1213411.9806506531,161080.5371083388,0.13275007967365257,649548.3873783647,0.5353073793041546,138.40946653661004,0.0001140663424654769,397920.13786798704,0.3279349010998022,11.237501620649406,9.261076864119685e-06,2095.6366341394873,0.0017270611033655442,2617.6346936658397,0.002157251399695442,0.9961156874969391,grid_intersection_approximation,1987-2015
08598391000108,150,1063085.8566229225,239748.75367853907,0.22552153448842108,393240.9574702036,0.369905172776357,57.21602932853559,5.382070410596213e-05,425233.9707260878,0.39999965014765376,22.0106880776619,2.0704525359393538e-05,2282.42913984189,0.0021469847666795456,2500.5188908439345,0.0023521325914233012,0.9955008826418973,grid_intersection_approximation,1987-2015
08657268000102,150,1592151.373308781,293157.82303666475,0.18412685373466048,380654.76692838763,0.2390820202838613,14059.817194543983,0.008830703807594072,887017.3650825259,0.5571187388037998,4330.912385464489,0.0027201637093488555,10960.132771045823,0.006883850967178244,1970.555910148597,0.0012376686935573356,0.9918784803392646,grid_intersection_approximation,1987-2015
08704527000109,150,1274175.2091636225,191800.27733987887,0.15052896647218392,652756.7792013276,0.5122975039121987,15.718409908518117,1.2336144821743778e-05,424955.3808925799,0.33351408647443676,43.7669956853485,3.434927580648619e-05,2007.2027380815114,0.0015752957078791804,2596.08358616073,0.0020374620126731376,0.9963872422794476,grid_intersection_approximation,1987-2015
08793343000162,150,69299.63005414643,20150.13740694695,0.29076832576455147,31399.202009101788,0.4530933568414204,157.1712248490983,0.0022679951498484835,17156.49810168517,0.2475698367838349,34.4355716725509,0.0004969084487990063,362.52422043276425,0.005231257658222855,39.66151945811279,0.0005723193533230083,0.9941964229884542,grid_intersection_approximation,1987-2015
08830263000130,150,755997.8868345419,198410.25795519742,0.2624481647507853,228383.9231927954,0.302095980914798,110.96362978045592,0.00014677769834129374,327886.9654822896,0.43371412961905687,9.605256576942713,1.2705401356558189e-05,1097.0214930775421,0.0014510906871326174,99.14982482450915,0.00013115092852926074,0.998417758384338,grid_intersection_approximation,1987-2015
08906558000142,150,698271.1277740253,190343.21395915412,0.27259212988790943,206808.63753051875,0.29617240253050564,54.87385584347079,7.858531401462883e-05,299473.89554421575,0.4288791038788755,12.894788321770623,1.8466735640176202e-05,1495.3777211549823,0.002141543107935743,82.23437481651658,0.00011776854511895169,0.9977406883469454,grid_intersection_approximation,1987-2015
09022388000104,150,1051039.3528385998,153463.89837085424,0.14601156270351423,582420.0971343066,0.5541372885433191,0.0,0.0,311259.8107456361,0.2961447731761895,42.99028454303179,4.090264025502524e-05,1444.9627057124474,0.0013747941043405817,2407.5935975475677,0.002290678832381725,0.9963345270632779,grid_intersection_approximation,1987-2015
09075242000119,150,64619.951888873176,30137.673063898037,0.46638340300416414,29171.998362437967,0.4514394936815336,0.0,0.0,1185.1534730504538,0.01834036452222311,99.66090708290022,0.001542262167794351,4008.6913390911855,0.062034885850502104,16.77474331263291,0.0002595907737826919,0.9377055233757152,grid_intersection_approximation,1987-2015
09538989000166,150,699577.3351652914,183957.6644492136,0.26295543780838654,212333.9752700958,0.3035175163585409,185.7228214248148,0.00026547861414197115,302247.24271889287,0.43204264564614564,8.311191634786297,1.1880304316637966e-05,761.9284857442144,0.0010891268876859642,82.49022828528229,0.00011791438078220765,0.9987929587315317,grid_intersection_approximation,1987-2015
09538989000409,150,2685862.8037299914,848744.6936460128,0.3160044855855328,808546.1136607744,0.3010377568570912,15357.628788167509,0.005717949839745949,1008846.449196828,0.3756135450387833,386.9279979982176,0.00014406096895972178,2734.3056295132324,0.001018036224976185,1246.6848106972056,0.0004641654849107975,0.998517798290113,grid_intersection_approximation,1987-2015
09538989000670,150,2534214.528348419,756114.9432707662,0.29836264247270977,794785.4229268236,0.3136219976786242,14544.348346355468,0.005739193814753406,964310.2315594333,0.38051641673283554,577.4867762529257,0.00022787604198184493,2768.8127345935545,0.0010925723547161677,1113.2827341937495,0.0004393009043789559,0.9984681267409048,grid_intersection_approximation,1987-2015
09538989000751,150,2263274.451782961,595885.6856508902,0.2632847665387924,786242.3750047412,0.3473915301722934,12502.13317775977,0.005523913888530332,864308.400560011,0.38188404410217536,765.416871103568,0.0003381900372270753,2681.377465524162,0.001184733677973446,889.0630529309632,0.00039282158300800755,0.9984224447390186,grid_intersection_approximation,1987-2015
10249419000216,150,1342541.2609958427,220994.05687546905,0.16460876346663983,647503.6820470651,0.482297044313389,0.591192171336148,4.403530740631581e-07,469180.43595519615,0.3494718930330507,43.396112677851235,3.232385770077693e-05,2184.1449786879143,0.0016268736329696147,2634.953834575324,0.0019626613431760168,0.9964104650238544,grid_intersection_approximation,1987-2015
10249419000305,150,1281255.7481232288,190401.02569916702,0.1486050119018507,649414.8936544921,0.5068581308655582,86.41650438111337,6.744672522070276e-05,436679.06187067163,0.34082115339604524,23.544156502953292,1.8375844586407162e-05,2056.778246303403,0.0016052831367321882,2594.0279917104517,0.0020245981300065653,0.9963701187332613,grid_intersection_approximation,1987-2015
10452413000160,150,70421.21046612102,20692.267952545375,0.29383573238208155,30735.501363191765,0.4364523296284196,170.05475389084393,0.0024148229314043907,18358.35557033934,0.2606935531045916,34.818190989793116,0.0004944276129213061,386.8206931749866,0.005492957173195459,43.391941988921886,0.0006161771673862003,0.9938908656594185,grid_intersection_approximation,1987-2015
10921675000127,150,133.5718883339974,6.026552204219694,0.045118417351039164,91.35678938976649,0.6839522187582482,0.0,0.0,15.307372226242201,0.11460025322069277,0.0,0.0,19.97305945445259,0.14953041170242212,0.9081150593164312,0.006798698967597759,0.8436708893299801,grid_intersection_approximation,1987-2015
11092881000134,150,1130597.2423323032,142049.9300036962,0.12564149697611338,641314.2905665206,0.567234967992277,0.5827341197881563,5.154214940291532e-07,342635.6895726015,0.3030572486323955,50.27316437415059,4.446602423197348e-05,2007.800680983779,0.0017758761527154423,2538.6756100070934,0.002245428800772654,0.9959786950465119,grid_intersection_approximation,1987-2015
12229415001001,150,2386757.1832798366,847722.3469436954,0.3551774570460374,351376.67868485657,0.14721928193885286,5302.839428035206,0.0022217758325747006,1174897.4029847481,0.4922567788694057,45.50514573429179,1.9065678759897763e-05,4526.292586244178,0.0018964193835688942,2886.1175065225793,0.0012092212508004402,0.9968943593656304,grid_intersection_approximation,1987-2015
12229415001435,150,3346974.3557550507,568091.4512409973,0.1697328365436013,1154928.8458343637,0.3450665356453922,22076.617766620697,0.006595992505487957,1583582.7711550968,0.47313860305865807,362.6096954629259,0.00010833954996978878,15480.061989690754,0.004625091304650458,2451.998072818765,0.0007326013922403102,0.9946423073031093,grid_intersection_approximation,1987-2015
12229415001605,150,1778687.4240407478,617196.3413334115,0.3469953927774958,277756.68724003166,0.1561582341483225,1724.4381078871693,0.0009695003655952448,876400.9714049253,0.49272343164936433,31.466403268379302,1.76907998803383e-05,3077.9767835582215,0.0017304764974195423,2499.5427676655727,0.0014052737619222695,0.9968642497406583,grid_intersection_approximation,1987-2015
12282034001762,150,2047932.951543055,969938.8097441186,0.47361844000473713,204859.22287223767,0.10003219232245006,5302.562813780937,0.0025892267663282717,863289.8592417964,0.4215420522392268,177.42945889220022,8.663831438354099e-05,3064.155544464164,0.0014962186834072942,1300.9118677650297,0.0006352316694669287,0.9978685496471257,grid_intersection_approximation,1987-2015
13537735000281,150,3105374.2089563743,416880.67302621517,0.13424490736860875,1143012.2457474673,0.3680755261156112,22035.049713725086,0.007095779197937766,1501154.587416358,0.48340537610146905,557.4227477975589,0.000179502601068131,19085.01041874912,0.006145800516957032,2649.219886062211,0.0008531080983481654,0.993001091384695,grid_intersection_approximation,1987-2015
13537735000362,150,2553657.751862664,261594.4415940863,0.10243911557971176,1080299.6164188746,0.42304009440219353,16184.416970047536,0.006337739251958277,1173448.5145490924,0.45951675148839627,656.3450281561098,0.0002570215322226971,19072.662291832734,0.007468762122849446,2401.755010573743,0.0009405156226678688,0.9915907222544825,grid_intersection_approximation,1987-2015
15009178000170,150,143644.8543266137,57132.20323229877,0.3977323343751245,75695.53612356281,0.5269630887817912,0.0,0.0,1611.4140253322817,0.01121804211425712,139.6700278490046,0.0009723287931458283,9027.97765225507,0.06284929379877144,38.05326531576263,0.00026491213690981716,0.9368857940643187,grid_intersection_approximation,1987-2015
15043391000107,150,99199.32750023263,32707.093120142832,0.3297108351875282,60896.08318548392,0.6138759679125961,0.0,0.0,564.9390987979682,0.005694989200371781,47.37140820954247,0.00047753759428894704,4954.754957014789,0.04994746518824102,29.085730583567425,0.00029320491697384964,0.9497593298947851,grid_intersection_approximation,1987-2015
15444904000183,150,1639232.0995926964,742083.7622418655,0.45270206850283906,125050.52464393979,0.07628603946629117,1949.471448561004,0.001189258951825915,766423.5758215898,0.46755037069614774,115.57885090349329,7.050792315024298e-05,2549.8836643967825,0.0015555354638494192,1059.302921440047,0.0006462189958964653,0.9977982455402541,grid_intersection_approximation,1987-2015
15527906000721,150,623241.8792345369,162689.12561296977,0.26103689600060875,185352.21121698854,0.29740012247674585,1.5075506864322699,2.4188854065516866e-06,273990.79584287136,0.43962192685027157,12.734310150146483,2.043237236526324e-05,1094.1589933390223,0.0017555928601634791,101.34570753165862,0.00016261055443856083,0.998081796585398,grid_intersection_approximation,1987-2015
15527906002937,150,167858.0415776469,26078.658044056618,0.1553613863175765,25305.498140742242,0.15075535198018236,237.6079712774754,0.0014155292713072907,114067.83411599202,0.6795494159463735,16.821381367702415,0.00010021194820101168,1913.5741263650277,0.011399955035695188,238.04779784581507,0.0014181495006642276,0.9871818954636407,grid_intersection_approximation,1987-2015
15527906003585,150,719066.1753888899,192394.94511237415,0.26756222403080204,211846.85020893544,0.2946138442603883,31.890118285937113,4.434935111318524e-05,313371.97688036296,0.4358040853623565,12.705677335981894,1.7669691289692956e-05,1301.8426896410483,0.0018104629785109523,105.96470195435926,0.00014736432553937162,0.9980421726959496,grid_intersection_approximation,1987-2015
15527906003666,150,1359588.1164355362,195825.89711213106,0.14403325150085333,155236.94280869156,0.11417939075231097,14964.116665912332,0.011006360297664343,968282.4353830251,0.7121880690760918,3216.909658727925,0.0023660913329852954,18741.43415930416,0.013784641048819267,3320.3806477440835,0.0024421959912750654,0.9837731629599057,grid_intersection_approximation,1987-2015
16617789000164,150,84750.28606431693,14755.666063976218,0.1741075664662436,10017.939515671187,0.11820537700685259,112.99074567688541,0.0013332196376438991,59670.282203843526,0.7040717497821753,9.138322348878251,0.00010782644841981047,145.90961332355164,0.0017216415436382237,38.35959947667125,0.0004526191150264694,0.9978257393413352,grid_intersection_approximation,1987-2015
19537471000161,150,3405713.3138499497,548723.5471875635,0.16111853718164704,1154313.475548939,0.33893442259356193,23548.28405020226,0.006914347122066587,1657864.0186892133,0.4867890705736179,498.9198076666248,0.00014649495177344407,18108.32011809054,0.005317041820416821,2656.7484482744667,0.0007800857569162731,0.993902872422667,grid_intersection_approximation,1987-2015
19818301000155,150,1088110.7198177625,129085.21767279877,0.11863242896312799,618162.7356341146,0.5681064659832089,110.22793167303874,0.0001013021282351669,336110.98127005284,0.3088940997900884,15.590981838116926,1.432848841037805e-05,2017.110871061634,0.0018537735492574331,2608.855456223382,0.0023976010976716733,0.9957486253530708,grid_intersection_approximation,1987-2015
21783238000100,150,70480.17082114788,20718.085358572345,0.29395623076946054,30615.38214141117,0.4343829162829567,170.14097612745383,0.0024140261600558194,18504.982914667016,0.26255587492297217,34.973506234538156,0.0004962176712551922,389.4518156648754,0.00552569341316095,47.15410847048828,0.0006690407801386811,0.9938052658067004,grid_intersection_approximation,1987-2015
22587687000146,150,652850.856001543,90948.69575943971,0.13931006588007713,115657.24051911653,0.1771572166229084,4234.615670840278,0.006486344671087127,429683.6383558891,0.6581650838103115,955.1525484811067,0.0014630486269575317,10215.351173437677,0.015647296897185248,1156.1619743385363,0.0017709434914730414,0.9825817596113416,grid_intersection_approximation,1987-2015
23796998000188,150,824.6230846867833,647.8890131808881,0.785678966805757,14.875754887811098,0.018039459680493128,0.0,0.0,161.78940950754514,0.19619801156669978,0.0,0.0,0.06890711053893353,8.35619470501563e-05,0.0,0.0,0.9999164380529499,grid_intersection_approximation,1987-2015
23858708000183,150,785629.5494328061,216461.5129835385,0.2755261855155719,240875.31715474886,0.3066016512854582,2653.7886329964094,0.003377913464319591,324952.0692151444,0.41361996815133434,12.75955068314494,1.624117969131487e-05,626.2499923413023,0.0007971314123729567,47.85190335343557,6.09089912516437e-05,0.9991419595963753,grid_intersection_approximation,1987-2015
28144326000101,150,1713485.158999286,275682.909413595,0.16089016468318876,782383.8826606352,0.4566038279068405,845.2348258751008,0.0004932840074137187,647309.9061665109,0.37777386210018565,64.03506186007733,3.737123810134151e-05,4151.359552276648,0.0024227578105789583,3047.831318533018,0.0017787322536910797,0.9957985099357299,grid_intersection_approximation,1987-2015
33664228000135,150,134181.57696050257,57736.579418168345,0.43028693451086486,66023.64943480583,0.49204705243731356,0.0,0.0,1330.4377874533543,0.009915204587623676,140.00348019599915,0.0010433882457441255,8921.48693519355,0.06648816579208681,29.41990468549147,0.00021925442636697777,0.9332925797815461,grid_intersection_approximation,1987-2015
35637796000172,150,3577242.0197649384,1171501.5586618998,0.32748736378168775,387256.3666965394,0.10825556799256934,38319.8940992418,0.01071213350606896,1960550.4498979016,0.548062009521718,2155.1428380271127,0.0006024593321110345,14636.4964914322,0.004091558919011571,2822.1110798963578,0.0007889069468332477,0.9951195341341551,grid_intersection_approximation,1987-2015
37216363000250,150,1092846.1951099308,383243.2085342787,0.35068357308571474,226152.20596783352,0.20693873207389862,4491.463652767682,0.004109877193026124,476341.9098561106,0.4358727806232557,57.033494793870645,5.218803437215021e-05,2392.040868212827,0.0021888174922658796,168.33273593354414,0.00015403149746667812,0.9976571510102673,grid_intersection_approximation,1987-2015
38278706000192,150,1589000.2962787044,212339.65405441282,0.1336309719713037,211869.39249799805,0.1333350239104279,17289.9182671044,0.010881003803206224,1118089.7182581865,0.7036434926265601,3002.573356739348,0.001889598991121087,22786.719943777294,0.014340286781029393,3622.3199004858543,0.0022796219163514326,0.983380091302619,grid_intersection_approximation,1987-2015
43533819000399,150,3890095.3668469186,1077284.1604591042,0.2769300129863621,618115.5587387551,0.15889470577163844,41066.33029974148,0.01055663844380952,2127181.172481003,0.5468198005143433,1652.049547477215,0.0004246809889435355,21393.098104541503,0.005499376258706347,3402.9972162957934,0.0008747850361966992,0.9936258387050969,grid_intersection_approximation,1987-2015
43545284000104,150,3134391.275615952,1288114.9845731496,0.4109617693853544,293324.22271102486,0.09358251632237029,13550.437280906639,0.004323147970172865,1531949.7258223672,0.48875510142597545,124.48087714389408,3.9714530254182074e-05,5564.149194223047,0.0017751929178432303,1763.275157137,0.0005625574480296789,0.9976622496341272,grid_intersection_approximation,1987-2015
43619832001760,150,3175512.4193571345,1392150.9789781542,0.43840199474325714,432225.4335417832,0.1361120274343896,12127.269067836716,0.00381899594972827,1333613.5312441092,0.4199679784323099,265.26543873008836,8.353468785481555e-05,3318.6585195790713,0.0010450781106536866,1811.2825669421566,0.0005703906418066666,0.9983845312475398,grid_intersection_approximation,1987-2015
43932102000581,150,3614850.8456643475,1296424.4199369035,0.35863842667031065,447231.1998021821,0.12372051265644646,29233.19986075337,0.008086972632858607,1828240.8467522545,0.5057583078275683,1442.6762708833044,0.0003990970395399994,9657.539291861063,0.002671628707293502,2620.9637495096094,0.0007250544659825159,0.996603316826724,grid_intersection_approximation,1987-2015
44207249000148,150,1349172.6751849884,199521.98937820212,0.147884694856309,141516.44744157535,0.1048912789626218,15758.737079051021,0.01168029665060501,966856.7785557216,0.7166293806114576,3792.6854708330293,0.0028111193923439077,18428.623097892585,0.013659202737237315,3297.414161712745,0.0024440267894253256,0.9838967704733373,grid_intersection_approximation,1987-2015
44209336003583,150,1256508.2914729102,187651.8580735455,0.1493439075149877,128874.15315512771,0.10256530261655356,14843.966437220546,0.011813663736209875,901462.0553298866,0.7174342274121968,3627.1948145179344,0.0028867257296535994,16921.675970559674,0.013467221892124298,3127.387692052278,0.002488951098274311,0.9840438270096015,grid_intersection_approximation,1987-2015
44330975000153,150,3878591.085915701,947027.0518603331,0.2441677998227927,690628.7199160337,0.17806175093422677,42153.87679898242,0.010868347775060764,2166917.721468291,0.5586868204119282,2206.8695260009836,0.0005689874176256353,25885.683759981523,0.006673991453747216,3771.1625860783133,0.0009723021846186642,0.9923537063616341,grid_intersection_approximation,1987-2015
44330975002288,150,3547599.4136574417,1039485.4482417688,0.2930109426222106,679390.4343653682,0.19150708835667052,25950.602085444974,0.007314975300069429,1790649.2224927968,0.5047495541912678,135.8149113378664,3.8283609703793e-05,9903.661489504073,0.0027916515746894237,2084.230071221114,0.0005875043453884076,0.9966208440799221,grid_intersection_approximation,1987-2015
44330975002520,150,2459491.593050914,1051149.0665006645,0.42738469587397554,214678.55964915754,0.0872857464752934,4957.372731946438,0.0020156087322896637,1183289.9036124009,0.4811115870270452,107.1532736543927,4.3567245343364966e-05,3726.523341502249,0.0015151600241412602,1583.0139415880174,0.000643634621911573,0.9978412053539472,grid_intersection_approximation,1987-2015
44346583000182,150,3490761.4913653415,506931.36295087315,0.14522085344553204,1088504.5959288548,0.31182439665997,28233.710842283926,0.008088123726620142,1838175.4943527335,0.5265829530031191,1208.1020342590148,0.00034608552811395024,24441.39285976382,0.007001736704218098,3266.832396573394,0.0009358509324266774,0.9920624123633554,grid_intersection_approximation,1987-2015
44373108000103,150,2685862.8037299914,848744.6936460128,0.3160044855855328,808546.1136607744,0.3010377568570912,15357.628788167509,0.005717949839745949,1008846.449196828,0.3756135450387833,386.9279979982176,0.00014406096895972178,2734.3056295132324,0.001018036224976185,1246.6848106972056,0.0004641654849107975,0.998517798290113,grid_intersection_approximation,1987-2015
44691236000197,150,2404374.450112734,524309.0195353528,0.21806462779155283,208851.05215027003,0.08686294771618357,31402.583760435733,0.013060604499005285,1608512.3119291114,0.6689940960958444,4782.8095265573065,0.001989211591536025,22938.187861280312,0.009540189490952547,3578.485349726569,0.0014883228149254308,0.988971487694122,grid_intersection_approximation,1987-2015
44836856000177,150,726096.6626524623,101764.07046503376,0.14015223550716407,108268.86792727147,0.14911081884299074,5017.807760834674,0.00691066082373166,499709.58126192004,0.6882135767384738,3308.555224945043,0.004556631912972508,6349.16451066992,0.008744241417494124,1678.6155017873944,0.0023118347571731562,0.9889439238253328,grid_intersection_approximation,1987-2015
44845915000173,150,3357962.7031201264,1436805.5762389863,0.42788014735957197,275477.48860519397,0.08203709003355751,15501.556752601751,0.004616357632024361,1622672.3864634784,0.4832312118760986,186.62780419794262,5.5577688228798136e-05,5448.6451605026905,0.0016226044307877392,1870.4220951651666,0.0005570109797310202,0.9978203845894812,grid_intersection_approximation,1987-2015
44870939000182,150,3657210.5655805413,614648.8233601504,0.16806492607914192,843721.6508428275,0.23070086770048914,37952.6173857347,0.010377476687539359,2124873.927224857,0.5810094576513827,2052.17666687488,0.0005611316685423389,29980.979540259723,0.008197772319270488,3980.3905598368974,0.0010883678936339984,0.9907138597870955,grid_intersection_approximation,1987-2015
45281813000135,150,2749094.6743637286,597451.6312231058,0.21732668459713364,283702.84184924624,0.10319864371892123,37477.29321815411,0.013632594602013166,1794816.329194922,0.6528754160168485,4825.131280565193,0.0017551710115920102,26898.434333108948,0.009784469987136593,3923.0132646265733,0.0014270200663549521,0.9887885099465086,grid_intersection_approximation,1987-2015
45353547000109,150,2182565.8906335854,273251.7548758491,0.12519748248999063,340202.7551610752,0.15587284517779962,26598.170049263786,0.0121866515752899,1506415.8719865559,0.6902040751444405,3596.9064236813483,0.001648017335521169,28382.119347605807,0.013004014893390757,4118.312789554138,0.0018869133835673652,0.9851090717230419,grid_intersection_approximation,1987-2015
45483450000110,150,3636150.42784819,1501437.2115311292,0.4129194436049923,510927.72541680024,0.14051336311714646,16951.300953920352,0.0046618810993339,1599575.571378677,0.43990907502836113,530.9555162580284,0.00014602132854339543,4740.034268571853,0.0013035858561486749,1987.6287828333093,0.0005466299654741053,0.9981497841783771,grid_intersection_approximation,1987-2015
45483450002164,150,3513709.7700619786,1326620.4957662849,0.37755551328386594,596874.9253159261,0.16987029788331032,18803.044574114087,0.0053513368503917205,1562474.3431671432,0.44467939739359363,868.1100384027503,0.0002470636720765465,5873.52542730873,0.0016716023267923823,2195.3257727989558,0.0006247885899694647,0.9977036090832381,grid_intersection_approximation,1987-2015
45765914000181,150,2565945.2595870625,314730.52590116026,0.12265675767058641,501773.98607681424,0.19555132137057543,30464.62347859752,0.01187267084703911,1681925.4030408598,0.6554798457826541,2975.2392345590783,0.001159510018166905,29939.180387646902,0.011667895203838064,4136.301467424447,0.0016119991071399948,0.986720105689022,grid_intersection_approximation,1987-2015
45902707000121,150,3753394.8967607203,1426101.3181936033,0.37994971417059437,354284.0734616908,0.0943903008360371,31393.29223302393,0.008363972642504837,1929447.4637204623,0.5140539476370117,870.7101894758874,0.00023197937158899362,8801.034327575104,0.0023448197084646304,2497.0046348889887,0.0006652656337983435,0.996989914657737,grid_intersection_approximation,1987-2015
45968162000156,150,3294798.860022259,1407685.508239538,0.4272447478721138,507286.1075584657,0.15396572874710737,12922.00515049959,0.003921940518824962,1361325.9878406192,0.41317423177432516,298.1534356288872,9.049215090079064e-05,3418.5009864087083,0.0010375446671077255,1862.5968110990405,0.0005653142696202272,0.9983971410632722,grid_intersection_approximation,1987-2015
47063128000168,150,4019917.545348677,1045426.9486635847,0.26006178904669724,723860.3175101111,0.18006844900280794,41020.38030259819,0.010204284003302908,2181564.840607068,0.5426889521978603,1681.197545803315,0.00041821692281936905,22835.539417422562,0.00568059895751963,3528.321302089111,0.0008777098689926174,0.9934416911734878,grid_intersection_approximation,1987-2015
47080619001199,150,4070445.368003692,1044778.2087667177,0.2566741755040723,829403.9997564437,0.20376246940349338,36595.55688173028,0.008990553507828602,2136402.77205757,0.5248572524400068,905.1631660757026,0.000222374478525339,19294.831306938297,0.004740226084007424,3064.8360682161097,0.0007529485820661504,0.9945068253339264,grid_intersection_approximation,1987-2015
47080619003051,150,3878976.105677462,1141106.2723652632,0.2941771852358367,691721.5664639953,0.1783258126936016,31886.5306487098,0.00822034727206468,1999261.5508281155,0.5154096071646064,340.67656535174115,8.782641503078866e-05,12318.26018193353,0.003175647347737954,2341.2486240933245,0.0006035738711219584,0.9962207787811401,grid_intersection_approximation,1987-2015
47080619003302,150,3751500.8488065787,631593.381724221,0.16835752067739568,1067520.874327497,0.2845583454065045,30822.28990424049,0.008215989052500315,1992435.409383819,0.5311035475355548,1207.922277025176,0.00032198374082987035,24659.130593970487,0.006573137415606612,3261.840595805348,0.0008694761716082244,0.9925573864127852,grid_intersection_approximation,1987-2015
47080619006158,150,3705717.7259347867,631408.3580495985,0.17038760228029037,863709.298054244,0.23307476767847146,37789.91129523262,0.010197730666520185,2137227.0189875443,0.5767376732528697,1987.3119689618145,0.000536282608643783,29662.885689037725,0.008004626332286307,3932.9418901674503,0.0010613171809181296,0.9909340564867956,grid_intersection_approximation,1987-2015
47080619006239,150,3987313.8384596827,767817.0657206272,0.192564994085652,993790.0173606453,0.2492379726358713,35259.24767061221,0.008842857397007159,2159734.7173383855,0.5416515490971989,1430.4384918918297,0.00035874740485549903,25878.017825761228,0.006490088032738858,3404.334051759276,0.000853791346676234,0.992656120620585,grid_intersection_approximation,1987-2015
47254396000167,150,960119.0556750898,137931.01929703538,0.14366032887458083,117043.7087890162,0.12190541172700618,9907.26259427827,0.010318785504483258,678416.2095271238,0.7065959221589536,3781.7808520175604,0.0039388665704155525,10639.873377448524,0.011081827107334408,2399.201238170109,0.0024988580572262,0.9864193148354394,grid_intersection_approximation,1987-2015
47524632000118,150,3510714.9514430487,1034273.8294734046,0.294604900648022,401193.05715507176,0.11427673926935164,42672.8784777859,0.012155039377448057,2006461.4130133386,0.571525014353159,2786.886742959892,0.000793823133323418,20195.056091436858,0.005752405527294621,3131.8304890509576,0.0008920776914011905,0.9933555167813041,grid_intersection_approximation,1987-2015
47524632000894,150,3971292.7420552606,1347095.1796734435,0.3392082294533347,452738.4588829997,0.1140027916070207,38328.30947094367,0.009651343267912213,2115878.576407025,0.53279340351827,910.8142407267793,0.00022934955942215587,13574.828136467753,0.00341823910202157,2766.575243653556,0.0006966434920186146,0.9958851174059598,grid_intersection_approximation,1987-2015
47902283000120,150,21531.186498816904,1879.6110284969109,0.08729714122350814,16486.8701441123,0.7657204652896497,0.0,0.0,2941.7678300849598,0.1366282267002148,0.24861103097681733,1.1546555086059842e-05,210.32134448451507,0.009768218973723153,12.36754060724152,0.0005744012578183321,0.9896573797684587,grid_intersection_approximation,1987-2015
48295562001108,150,3137720.2443024283,1227251.907063862,0.3911285301142908,664657.1591886336,0.21182804948769382,15832.897550062862,0.005045987633477758,1225090.7602625727,0.39043976673418584,249.98690841886472,7.967150955308997e-05,2882.0890417046708,0.0009185296384972686,1755.444287173387,0.0005594648823014028,0.9985220054792013,grid_intersection_approximation,1987-2015
48295562001450,150,2223907.149556162,584523.5741892424,0.26283632133917967,829556.4661769201,0.3730175813960936,16461.088074803374,0.007401877402160702,790685.6801976383,0.3555389802831652,78.71719458629285,3.539589978025967e-05,2081.3470698379297,0.0009358965684575978,520.276653133235,0.00023394711116292316,0.9988301563203794,grid_intersection_approximation,1987-2015
48295562001884,150,2449155.7586617814,697000.6898557484,0.2845881432369943,856652.9335001634,0.34977478687114555,16301.361664290242,0.006655910554744507,875958.4589282143,0.35765730939335516,112.23529951157249,4.582611747523067e-05,2476.299230458454,0.001011082787079048,653.7801833949762,0.00026694103920618005,0.9987219761737147,grid_intersection_approximation,1987-2015
48295562001965,150,2468724.1018238813,639818.182734446,0.2591695776217972,962044.6716028537,0.38969306893876876,15741.093165823699,0.006376205892831142,848196.3520673255,0.3435768101590138,124.26572800602922,5.0336012806867445e-05,2104.809318217091,0.0008525899336673824,694.7272072093491,0.00028141144111490146,0.9988659986252179,grid_intersection_approximation,1987-2015
48708267046156,150,3872606.267357883,849790.8959550031,0.21943643047780836,758500.52364389,0.19586306256777897,41683.784053576885,0.01076375473668176,2188169.379822893,0.5650379172979517,2295.0994616049807,0.0005926498340278808,28214.563427639798,0.007285678295121237,3952.0209932750545,0.0010205067906300096,0.9916938149142487,grid_intersection_approximation,1987-2015
49049638000106,150,1954301.2787937296,331849.9229138147,0.1698048947287418,180665.97325285524,0.0924453026835091,25215.588766265937,0.012902610789790802,1385399.9173360462,0.7088978206017287,5158.355407051797,0.002639488324049879,22247.072782969,0.011383645410446007,3764.4483347268942,0.0019262374617338722,0.9866901171278204,grid_intersection_approximation,1987-2015
49213747000117,150,3659093.5872298134,570674.0979201323,0.1559605088844344,968508.8710025494,0.26468546046010744,34962.888978701834,0.009555068255352047,2051089.2306883393,0.5605457148859523,1696.1004546761287,0.00046353021977778763,28474.749397037194,0.007781913394184199,3687.648788377135,0.001007803900191834,0.991210282705624,grid_intersection_approximation,1987-2015
49213747011585,150,3659093.5872298134,570674.0979201323,0.1559605088844344,968508.8710025494,0.26468546046010744,34962.888978701834,0.009555068255352047,2051089.2306883393,0.5605457148859523,1696.1004546761287,0.00046353021977778763,28474.749397037194,0.007781913394184199,3687.648788377135,0.001007803900191834,0.991210282705624,grid_intersection_approximation,1987-2015
49213747011828,150,3368782.793534827,501172.14149512333,0.1487695028771056,793656.054446197,0.2355913405783643,36951.284118742595,0.010968734520271643,2000673.7419286587,0.5938862386047079,2080.4936884982662,0.0006175802407002996,30324.479017452482,0.009001613008606394,3924.598840154483,0.0011649901702437883,0.9898333968211498,grid_intersection_approximation,1987-2015
49213747012980,150,3738506.1627827873,675885.2510212419,0.18079019308560967,1103570.095094844,0.2951901232853372,27333.365260776445,0.007311306728040976,1907313.979199617,0.5101807770673548,688.614051140741,0.00018419497552149696,20860.233812141654,0.005579831329370919,2854.624343025945,0.0007635735287650515,0.9936565951418641,grid_intersection_approximation,1987-2015
49605157000210,150,880171.6313887282,106472.1575971697,0.12096749520224678,249190.16852590212,0.28311542844516785,4713.255504662487,0.00535492776247054,508728.1165416303,0.5779874042735994,3602.9950018365316,0.004093514120821815,6315.484344486871,0.0071752873181362906,1149.4538730401357,0.001305942877557342,0.9915187698043064,grid_intersection_approximation,1987-2015
49972326000170,150,3706606.3213183307,960826.4526650952,0.25921998976232186,795217.8622591315,0.21454068582505842,28937.623882717773,0.007807040018327469,1905772.5598113055,0.5141556438973207,277.8550410143773,7.496211275967188e-05,13314.807962378258,0.0035921829318098647,2259.1596966878383,0.0006094954524019485,0.9957983216157882,grid_intersection_approximation,1987-2015
49972326003861,150,585903.3692290743,140964.45153008882,0.24059334513738742,188063.84734643568,0.320980996565847,0.8926706580265266,1.5235800046705543e-06,255994.79520597347,0.436923234530651,11.050663536803011,1.886089774725713e-05,768.8244207078114,0.0013122034469940371,99.50739167372892,0.00016983584136861976,0.9985179607116373,grid_intersection_approximation,1987-2015
49976251000103,150,3205741.427376833,810527.0145202623,0.25283605458581654,370383.7094859898,0.11553761208653197,43807.2659252723,0.013665252459590462,1947273.4080845194,0.607433085979713,4434.542079639601,0.001383312466117475,25737.898721883124,0.00802868830969431,3577.5885592663763,0.0011159941125363363,0.9908553175777693,grid_intersection_approximation,1987-2015
50227255000160,150,2331830.0194379585,632183.9523537336,0.2711106500404815,798593.6969642509,0.3424750905114156,13163.413582307478,0.005645099974088273,883702.5753033047,0.3789738394037417,650.0506731753921,0.0002787727526263145,2610.5474099505514,0.0011195273189680318,925.7831512356385,0.00039701999867845436,0.9984834526823534,grid_intersection_approximation,1987-2015
50376938000189,150,3380586.871524277,597034.795629308,0.17660684914158417,657125.7409135913,0.19438214898388312,40387.4659360273,0.0119468800746472,2048108.6424342704,0.6058441094018673,3085.6526107240993,0.0009127564911038081,30690.739535972873,0.00907852414457691,4153.834464383065,0.0012287317623375072,0.9896927440930856,grid_intersection_approximation,1987-2015
50376938000936,150,2102520.3691599783,978551.7273193339,0.4654184290781903,166126.46287416577,0.07901300996219998,3977.0882830625974,0.0018915813332412883,949460.2730435359,0.45158196180656957,154.89973754589175,7.367335880212137e-05,2918.1015050004344,0.0013879064135613134,1331.8163973337341,0.0006334380474353435,0.9979786555390032,grid_intersection_approximation,1987-2015
51466860000156,150,3233024.620197789,508428.8848369177,0.15726106187394676,664052.601740105,0.20539670424764034,38568.95689432637,0.011929682395046782,1984008.8222724241,0.6136695680811262,2839.1468783640257,0.0008781705096295658,30968.692531940203,0.009578860717134164,4157.515043711524,0.0012859521754762194,0.9891351871073896,grid_intersection_approximation,1987-2015
51466860002957,150,1258955.7594129385,186774.0493286133,0.14835632462232634,132783.15940960767,0.10547087013726801,15460.405602297278,0.012280340660665148,900230.1600948613,0.7150609966744551,3963.40506672921,0.0031481686604915957,16685.69116672457,0.013253596118822512,3058.8887441051006,0.00242970312597123,0.9843167007552062,grid_intersection_approximation,1987-2015
51466860005034,150,2589223.885364872,390696.9990132483,0.15089347862948185,367880.34828318655,0.14208132033794563,33415.07710013787,0.012905441390762171,1757163.279245977,0.6786447820051523,4795.665415450453,0.0018521632843560188,30790.767743436652,0.01189189081619245,4481.74856343514,0.001730923536109576,0.9863771856476979,grid_intersection_approximation,1987-2015
51466860006278,150,1340502.4633509303,237573.08517699284,0.17722689190970817,615401.0635698318,0.45908238171489724,17.13286173172997,1.2780925212850398e-05,482571.3600435261,0.3599928931403938,39.76763382808009,2.966621465854727e-05,2295.941159259337,0.0017127466916547413,2604.112905760277,0.0019426394034745957,0.9963446139048705,grid_intersection_approximation,1987-2015
51843514000140,150,4069057.8282723194,920920.4761486698,0.2263227791332922,829123.976308827,0.20376313419484252,41025.773816054156,0.010082376694428371,2245436.2031425736,0.551831971406502,1974.8557723099514,0.0004853348995407261,26780.297534862188,0.006581449235935983,3796.2455490225816,0.0009329544354582025,0.9924855963286058,grid_intersection_approximation,1987-2015
51843514009600,150,3887153.423072911,1404852.2917085523,0.3614090154944218,375393.07956525066,0.09657274583941974,36014.33081985996,0.009264962531730883,2056035.8424076901,0.5289309730363904,813.6332603360502,0.00020931338997493153,11389.914562489475,0.002930142786462338,2654.3307487322645,0.0006828469216000065,0.9963870102919377,grid_intersection_approximation,1987-2015
51990778000126,150,3490761.4913653415,506931.36295087315,0.14522085344553204,1088504.5959288548,0.31182439665997,28233.710842283926,0.008088123726620142,1838175.4943527335,0.5265829530031191,1208.1020342590148,0.00034608552811395024,24441.39285976382,0.007001736704218098,3266.832396573394,0.0009358509324266774,0.9920624123633554,grid_intersection_approximation,1987-2015
53009825000133,150,3123246.367827533,361239.18198518077,0.11566144307611936,1059389.1929891473,0.339194885136787,25611.120082387613,0.00820016004699693,1646202.6565035135,0.5270806278560018,1371.4811550922338,0.0004391203874339918,26048.205318388624,0.008340105854827978,3384.5297938227773,0.0010836576418327792,0.9905762365033391,grid_intersection_approximation,1987-2015
53172300000114,150,3530336.044407118,1033301.3147525708,0.29269205587087466,413931.8639639144,0.11724998945063027,42664.341708091146,0.012085065322798799,2014060.5517692426,0.5705010872718442,2716.165225212726,0.0007693786628374287,20495.57207934966,0.0058055584005436145,3166.234908736451,0.0008968650204709297,0.9932975765789854,grid_intersection_approximation,1987-2015
53408860000125,150,1807158.8278137308,380692.9641508398,0.21065827656742017,595322.4814981213,0.32942454881972494,10468.533270490001,0.005792813066217677,809591.1076293861,0.4479911201877122,3392.0185070862894,0.0018769897005621217,6509.904921716515,0.0036022870937094578,1181.8178360909837,0.0006539645646535266,0.9957437483416371,grid_intersection_approximation,1987-2015
53811006000105,150,3693114.6235997225,610524.517780412,0.16531426181008335,892331.1944459339,0.24162022720436663,36900.4028556573,0.00999167548709605,2118267.047429467,0.5735719746940232,1878.7532681803666,0.0005087178329572461,29366.11765616586,0.007951585761381639,3846.590163905959,0.0010415572100918552,0.9910068570285264,grid_intersection_approximation,1987-2015
53811006000296,150,2000638.36505023,952137.418497224,0.47591680492107263,184719.2965824226,0.09233017811181725,4104.113884300826,0.00205140217042563,855306.6212406324,0.4275168547111003,162.5650448092143,8.125658672207497e-05,2855.8423576398272,0.0014274655567589926,1352.5074432012168,0.0006760379421031743,0.9978964965011379,grid_intersection_approximation,1987-2015
54470679000101,150,2694107.0555724152,276526.93720287667,0.10264140640993316,887899.6987683225,0.32957105283986976,22383.651214119905,0.008308374816740184,1475709.4694209248,0.5477545765557493,1589.5369222114653,0.0005900051072297635,26785.681105687112,0.009942322466467828,3212.0809382726443,0.0011922618040099285,0.9888654157295221,grid_intersection_approximation,1987-2015
54844360000107,150,1643952.2785351377,228250.172588454,0.13884233476158986,193726.00882303208,0.11784162554624386,18728.26433339684,0.011392218970057254,1172566.750644581,0.7132608202528907,3733.412311198789,0.002270997984519045,23157.57324829043,0.014086524013291463,3790.09658618479,0.0023054784714079406,0.9836079975153007,grid_intersection_approximation,1987-2015
54846951000105,150,1687123.5550820527,220957.91204907003,0.13096723792604734,233939.1825648404,0.13866155911353087,18736.695612657084,0.011105704473283719,1182753.808823398,0.7010475345807589,3076.594482228794,0.0018235739006555241,23946.975366008573,0.014193966585241542,3712.3861838496973,0.0022004234204821746,0.9836056099942764,grid_intersection_approximation,1987-2015
55090971000161,150,3459985.742649295,1093427.1101912686,0.31602069821074946,410073.86844983767,0.11851894746128232,36527.62902815289,0.010557161718297677,1899336.3869450684,0.5489434142843477,2729.915209321438,0.0007889960862183076,15082.333302683337,0.004359073829921295,2808.499522962421,0.0008117084091832026,0.9948292177608954,grid_intersection_approximation,1987-2015
55109474000168,150,3361720.893939179,476499.4771813976,0.1417427241031446,848748.577923235,0.25247443339315806,35577.579258715334,0.010583144877630348,1965333.3862918592,0.5846212247528175,1908.7922410747049,0.0005678021172180153,29857.51638757642,0.008881616686681608,3795.564655320557,0.0011290540693498833,0.9899893292439685,grid_intersection_approximation,1987-2015
55109565000101,150,3307913.94617437,457081.7548090218,0.13817824836031198,840604.6909586983,0.25411927415187585,35345.42293311355,0.01068510956096389,1939377.5023324469,0.5862841458059551,1907.832842474615,0.000576748027161057,29824.949574142694,0.009016241068978078,3771.792724472408,0.0011402330247540198,0.9898435259062679,grid_intersection_approximation,1987-2015
56723257000207,150,1546669.8616567212,278171.9245300503,0.17985216588631617,346258.72636574187,0.2238737140677491,13979.00755933868,0.009038132768918775,890567.2207453044,0.5757965825954415,4364.846740906041,0.002822093356258083,11242.291963762696,0.007268708237270799,2085.8437516171202,0.001348603088045474,0.9913826886746836,grid_intersection_approximation,1987-2015
60329174000124,150,1692378.8684069128,297212.6336522906,0.1756182608992665,224450.93894218397,0.1326245222817432,18258.62058491706,0.01078873113211609,1129136.3777448733,0.6671888894522556,4814.734311165603,0.0028449506201279015,15400.547005036511,0.009099940499454185,3105.0161664455195,0.0018347051150363067,0.9890653543855094,grid_intersection_approximation,1987-2015
60855574000335,150,1944334.384882738,390518.4766831511,0.20084944221500411,278559.24148650456,0.14326714769450746,21423.101820261345,0.011018218875737963,1230389.6459809213,0.6328076361490287,4777.492144276211,0.002457135038819127,15697.502150787084,0.008073458080480222,2968.9246168367004,0.0015269619464224795,0.9903995799730974,grid_intersection_approximation,1987-2015
60855574000416,150,1804042.824373669,341562.4948396628,0.18933170001562857,279507.0360028388,0.15493370347229898,19134.132104084158,0.01060625160643134,1141601.0335661399,0.6328015156527579,4729.919169994213,0.002621844174700429,14642.129775386862,0.008116287250814206,2866.0789155621737,0.0015886978273684964,0.9902950149218173,grid_intersection_approximation,1987-2015
60855574001307,150,2955737.597436109,1030234.5606263625,0.3485541346836801,770558.9176275567,0.26069936597076865,15993.246101166256,0.005410915405697466,1133597.8163427627,0.3835245108787998,519.5699828209705,0.00017578352803430868,3169.635204889245,0.001072366913638977,1663.851550550568,0.0005629226193806379,0.9983647104669803,grid_intersection_approximation,1987-2015
61082962000393,150,1522747.9988561266,340065.5874585151,0.22332361475041768,644026.7320777826,0.42293717185087043,13868.692568697,0.009107674138540998,523758.6120888929,0.34395619792791404,60.02685431629176,3.9420084190807245e-05,754.3236409569128,0.0004953699768599619,214.0241669657604,0.0001405512712060914,0.9993640787519339,grid_intersection_approximation,1987-2015
61082962000474,150,1836427.2176734488,542217.0189052116,0.2952564706550913,577691.3806924282,0.31457352359670404,14116.739155624202,0.007687067050502854,700192.1755493,0.38127956763588294,64.83066502024776,3.530260518703327e-05,1939.7641089776362,0.0010562706162867178,205.30859688703032,0.00011179784034519686,0.9988319315433681,grid_intersection_approximation,1987-2015
61231478000206,150,1653320.2460187648,309793.3866587379,0.18737651547226128,620178.7115105703,0.3751110609115056,7951.941981244802,0.004809680399422478,707083.1137878943,0.4276746235283621,2534.9693605522666,0.0015332597339544679,4881.904131364182,0.002952787969009589,896.2185884010381,0.0005420719854844542,0.9965051400455059,grid_intersection_approximation,1987-2015
68316801000102,150,3374754.9706184166,1480316.290758365,0.4386440804284823,427604.825728683,0.12670692522910051,13301.38731522205,0.003941437950615004,1447516.1069860351,0.42892480182665854,362.5689595983387,0.0001074356398479202,3804.725540459841,0.00112740793734208,1849.065330053238,0.0005479109879537123,0.9983246810747043,grid_intersection_approximation,1987-2015
68316801002571,150,3374754.9706184166,1480316.290758365,0.4386440804284823,427604.825728683,0.12670692522910051,13301.38731522205,0.003941437950615004,1447516.1069860351,0.42892480182665854,362.5689595983387,0.0001074356398479202,3804.725540459841,0.00112740793734208,1849.065330053238,0.0005479109879537123,0.9983246810747043,grid_intersection_approximation,1987-2015
71304687000105,150,2520930.1921297433,285510.8004164087,0.11325613113277136,601453.8389051307,0.23858409121476223,27346.88379534487,0.010847933782823853,1571790.4494901015,0.6234962215126689,2093.8840410482394,0.0008305997713007971,29213.587800222,0.011588416010655833,3520.7476814870033,0.0013966065750168949,0.9870149774143272,grid_intersection_approximation,1987-2015
71304687001845,150,2644835.0419769366,272481.77435184334,0.10302410926473933,1045383.5696452246,0.3952547334913678,16981.960193553103,0.00642080126889864,1283930.7623589747,0.48544833306476237,1026.0286970062348,0.00038793674490916774,22319.974820338688,0.00843908011883235,2710.971909996241,0.0010250060464904718,0.9905359138346773,grid_intersection_approximation,1987-2015
71304687002817,150,2275215.0672816527,1071631.3094922109,0.4710022032214117,215515.56637813253,0.09472316242860636,5618.934951658704,0.0024696280507547847,977869.6028411606,0.4297921620260211,177.3529829171563,7.79499861211149e-05,2963.8278342396056,0.001302658318705969,1438.4728013331196,0.0006322359683789175,0.9980651057129151,grid_intersection_approximation,1987-2015
71321566000163,150,3324246.2275335933,478094.5265210216,0.1438204313991931,802217.5003277061,0.2413231287391449,36350.65851431714,0.01093500782620646,1971546.0085767182,0.5930806184713628,2021.3358719082373,0.0006080584089007019,30154.05608852697,0.009070945418775315,3862.1416333951406,0.0011618097364167383,0.9897672448448079,grid_intersection_approximation,1987-2015
71324784000151,150,3182949.7160213958,435269.44528364926,0.13675033667441178,763137.4757440612,0.23975794273557144,35757.01748628191,0.011233924716529061,1912754.0736944776,0.6009375718587758,2051.509211564929,0.0006445308266224395,30150.62064975607,0.009472540674454499,3829.573951605064,0.0012031525136350352,0.9893243068119105,grid_intersection_approximation,1987-2015
71324792000440,150,3371098.1413977477,520533.38318235206,0.15441062862872482,758373.8854329655,0.2249634551186704,37790.003774434255,0.011209998104287022,2017514.9255726812,0.5984740998184542,2235.0342271656073,0.0006629988607329308,30635.547303994303,0.009087705554395987,4015.361904154725,0.0011911139147345762,0.9897211805308694,grid_intersection_approximation,1987-2015
75084871000130,150,1456573.441029405,262008.40209047438,0.17987998044596024,718238.5742530503,0.4931015175901114,11907.516095529689,0.00817501937088341,463319.0545387693,0.3180883582576705,56.54444819670866,3.882018345518299e-05,745.9953025610432,0.0005121576993974471,297.3543008236036,0.0002041464525217858,0.9992836958480806,grid_intersection_approximation,1987-2015
75177857000180,150,1240909.5121231633,204710.56932633393,0.1649681683687633,623276.048743508,0.5022735684224865,11619.520746846105,0.00936371317435178,400603.74387629103,0.3228307462893637,44.654577743657725,3.598536179100999e-05,461.5803274167987,0.0003719693683603464,193.3945250236634,0.0001558490148832613,0.9994721816167563,grid_intersection_approximation,1987-2015
75444430000100,150,1622045.4529467642,289749.0697399718,0.17863190529808254,647824.8910321766,0.39938763112665887,6710.131970580283,0.004136833501422547,671427.009550035,0.41393846783408933,1826.4726722252783,0.0011260305122196988,3759.0173237490553,0.0023174549868008086,748.8606580262225,0.0004616767407262047,0.9972208682724729,grid_intersection_approximation,1987-2015
75619056000128,150,1817758.871702126,364963.11268114246,0.2007764166978845,727319.1942509528,0.40011863265995257,8536.926954093873,0.00469640230450368,712180.3680615406,0.3917903409238565,1122.5022510074516,0.000617519885878128,2922.9629460649744,0.0016080036750572696,713.8045573237484,0.00039268385286732283,0.9979993124720753,grid_intersection_approximation,1987-2015
75717355000286,150,2138611.570295909,573019.2741219768,0.2679398550353354,780876.5109057119,0.36513246339430677,15715.976966949598,0.007348682287721401,766177.1209780449,0.3582591301851195,78.20152535070072,3.656649315699735e-05,2239.4258203679374,0.0010471400470624403,505.05997750693393,0.00023616255729742044,0.9987166973956401,grid_intersection_approximation,1987-2015
75717355000367,150,1174717.2366258735,229117.95826192398,0.1950409435721032,517808.6986884713,0.44079433121775513,10367.523316044164,0.008825547964055316,416629.99229993374,0.3546640666451913,42.18910642065138,3.591426524210256e-05,661.596491986727,0.0005631963772720512,89.2784610928506,7.599995838086455e-05,0.999360803664347,grid_intersection_approximation,1987-2015
75717355000448,150,1172580.6984130982,281792.5635681644,0.24031826888292285,415661.0607878578,0.3544839697177252,7611.661399662614,0.006491375314265183,466527.0769631169,0.3978635138668811,38.271431820862404,3.263863363319617e-05,860.7249713919394,0.0007340432710147745,89.33929108372634,7.619031355763648e-05,0.9991897664154276,grid_intersection_approximation,1987-2015
75717355000529,150,1810206.6236702844,433013.228883918,0.23920652107987653,741138.6725415963,0.4094221415668564,14370.748047262883,0.007938733545304057,620156.8841742884,0.3425890039651326,66.02071836107795,3.647137155382718e-05,1083.4478891154574,0.0005985216687135487,377.62141574216236,0.00020860680256296713,0.9991928715287234,grid_intersection_approximation,1987-2015
75717355000871,150,1983788.6623704578,564331.4230243433,0.28447154363208,668618.0436613505,0.3370409642640104,14304.404764342915,0.007210649519112774,733921.003233457,0.3699592689255942,73.79244603211136,3.719773554101055e-05,2173.189529419565,0.0010954743167161714,366.8057115124104,0.0001849016069454238,0.9987196240763384,grid_intersection_approximation,1987-2015
75717355001096,150,1620190.5415425876,392321.9178252637,0.2421455426173103,646277.3993789493,0.3988897495745327,14152.999953173812,0.008735392282748857,566067.5354584246,0.34938331075520923,62.90659173659427,3.882666274344544e-05,1118.0292084664597,0.0006900603230296489,189.75312657317224,0.00011711778442584154,0.9991928218925445,grid_intersection_approximation,1987-2015
75717355001177,150,1545597.896655373,370955.0335751258,0.24000746531673034,606766.3325272285,0.39257709514243805,13577.464289030866,0.008784603238922677,553038.490974075,0.3578152455893176,56.695095805885025,3.6681659523846075e-05,1071.0995308335612,0.0006930001219278236,132.7806632734634,8.590893113972058e-05,0.9992210909469326,grid_intersection_approximation,1987-2015
78340270000210,150,1776811.3374922485,443328.23746523896,0.24950777165286578,703692.1958890408,0.39604215767905676,14290.653252677886,0.008042864738159197,613717.2433475307,0.3454037186715149,68.5899532356674,3.860283407042737e-05,1391.5302347833658,0.0007831615014047244,322.88734974117784,0.00018172292292826866,0.9990351155756672,grid_intersection_approximation,1987-2015
