period,period_label,slope_bin,slope_label,selected_area_ha,exposure_ha_years,grids_with_exposure,grids_with_entry,selected_total_period,exposure_total_period,selected_share,available_share,selection_ratio,conversion_rate_per_1000_ha_year,log2_selection_ratio
post_law_pre_zae_2002_2008,"Pós-Lei / pré-ZAE, 2002–2008",00_03,0–3%,974039.7425154032,303582321.5278773,1145,353,3142278.8198081264,878177679.6182326,0.30997877603200086,0.34569578409218127,0.8966808109795857,3.208486375666507,-0.15733357057587913
post_law_pre_zae_2002_2008,"Pós-Lei / pré-ZAE, 2002–2008",03_06,>3–6%,1381660.1975571848,268039191.36396903,1141,345,3142278.8198081264,878177679.6182326,0.4397000638032343,0.3052220496887291,1.4405907576194061,5.154694694183865,0.5266605535507961
post_law_pre_zae_2002_2008,"Pós-Lei / pré-ZAE, 2002–2008",06_09,>6–9%,601439.755492921,125857075.963655,1116,308,3142278.8198081264,878177679.6182326,0.19140241524768514,0.1433161863307303,1.3355254570198123,4.778752016029713,0.4174074760600352
post_law_pre_zae_2002_2008,"Pós-Lei / pré-ZAE, 2002–2008",09_12,>9–12%,140550.08240848524,60375116.03791185,1081,254,3142278.8198081264,878177679.6182326,0.044728711380573,0.06875045613110838,0.6505951218021672,2.327947201297774,-0.6201680898741437
post_law_pre_zae_2002_2008,"Pós-Lei / pré-ZAE, 2002–2008",12_20,>12–20%,41174.80524755085,70293479.0220985,1044,202,3142278.8198081264,878177679.6182326,0.013103485593956639,0.08004471151288764,0.16370207782992516,0.5857556891529943,-2.610855461188281
post_law_pre_zae_2002_2008,"Pós-Lei / pré-ZAE, 2002–2008",gt_20,>20%,3414.2365865810243,50030495.70272092,901,103,3142278.8198081264,878177679.6182326,0.0010865479425500198,0.056970812244363254,0.019072010732259198,0.06824310930014113,-5.712399237024095
post_zae_2020_2023,"Pós-revogação, 2020–2023",00_03,0–3%,203212.00472718407,179303482.09373173,1146,361,582929.8944162005,497689920.6764667,0.3486045349084374,0.36027147556056605,0.9676162520666522,1.1333410949652059,-0.04749309388385219
post_zae_2020_2023,"Pós-revogação, 2020–2023",03_06,>3–6%,255136.5504511618,148519891.75323907,1143,365,582929.8944162005,497689920.6764667,0.4376796470640419,0.29841852443258016,1.4666638000983887,1.7178611392678822,0.5525382033097693
post_zae_2020_2023,"Pós-revogação, 2020–2023",06_09,>6–9%,94251.49521322812,69620695.52301492,1120,325,582929.8944162005,497689920.6764667,0.1616858152516268,0.13988769438686954,1.155825864171247,1.3537856021859314,0.2089240588936898
post_zae_2020_2023,"Pós-revogação, 2020–2023",09_12,>9–12%,21589.854796356314,33803420.92459517,1086,282,582929.8944162005,497689920.6764667,0.037036794652602914,0.06792064600916392,0.5452950881475107,0.6386884583225025,-0.874890934730274
post_zae_2020_2023,"Pós-revogação, 2020–2023",12_20,>12–20%,7484.259077808903,39135194.47545662,1048,220,582929.8944162005,497689920.6764667,0.012839038020694285,0.07863368906941805,0.16327655706652586,0.19124113673441964,-2.614610428493132
post_zae_2020_2023,"Pós-revogação, 2020–2023",gt_20,>20%,1255.730150461197,27307235.906429205,894,90,582929.8944162005,497689920.6764667,0.002154170102596643,0.054867970541402265,0.03926097651035133,0.045985252947756176,-4.670760133396495
pre_law_1986_2001,"Pré-Lei, 1986–2001",00_03,0–3%,830531.316165321,554527993.1453425,1142,342,3040244.4001183677,1758330640.8930562,0.2731791286690588,0.31537185342097984,0.8662127761427101,1.4977265826643988,-0.20720664339876219
pre_law_1986_2001,"Pré-Lei, 1986–2001",03_06,>3–6%,1279551.756215982,535523212.45728856,1141,339,3040244.4001183677,1758330640.8930562,0.420871347108201,0.3045634307921156,1.3818840496168205,2.389348820837592,0.4666365679253974
pre_law_1986_2001,"Pré-Lei, 1986–2001",06_09,>6–9%,678070.2497351796,266509845.11845878,1104,293,3040244.4001183677,1758330640.8930562,0.2230314936880666,0.15156981225277313,1.4714770070185001,2.544259666781877,0.5572649992137126
pre_law_1986_2001,"Pré-Lei, 1986–2001",09_12,>9–12%,189032.84473582997,131227491.85468122,1080,231,3040244.4001183677,1758330640.8930562,0.062176858126428994,0.07463186320180985,0.833114107821459,1.4404972773933777,-0.2634139864348151
pre_law_1986_2001,"Pré-Lei, 1986–2001",12_20,>12–20%,57362.75011236153,156148635.1454352,1040,195,3040244.4001183677,1758330640.8930562,0.018867808821596114,0.08880504696552824,0.2124632491768187,0.36735991998223017,-2.234714782181372
pre_law_1986_2001,"Pré-Lei, 1986–2001",gt_20,>20%,5695.483153693816,114393463.17184985,897,103,3040244.4001183677,1758330640.8930562,0.0018733635866485176,0.0650579933667933,0.02879528693863334,0.04978853682520009,-5.118023491533693
zae_2009_2019,"Vigência do ZAE-Cana, 2009–2019",00_03,0–3%,1801109.734235542,485877472.59440774,1145,414,4769268.646371601,1366070125.5109675,0.3776490417678197,0.35567535188771454,1.0617801873632284,3.7069216743436892,0.08648512638262786
zae_2009_2019,"Vigência do ZAE-Cana, 2009–2019",03_06,>3–6%,2042798.933071918,411177872.37181234,1142,405,4769268.646371601,1366070125.5109675,0.42832540679503417,0.3009932394341869,1.4230399579745008,4.968163586450716,0.5089761723087399
zae_2009_2019,"Vigência do ZAE-Cana, 2009–2019",06_09,>6–9%,717854.8094234981,192071266.23317608,1118,369,4769268.646371601,1366070125.5109675,0.1505167485102004,0.140601322469689,1.0705215702551372,3.737439875842837,0.09831386530455183
zae_2009_2019,"Vigência do ZAE-Cana, 2009–2019",09_12,>9–12%,153032.26293890335,92992898.59651358,1086,329,4769268.646371601,1366070125.5109675,0.03208715513547939,0.0680732978929104,0.4713618427295434,1.6456338628919855,-1.085093119356034
zae_2009_2019,"Vigência do ZAE-Cana, 2009–2019",12_20,>12–20%,48941.83475593773,108082292.25222477,1044,283,4769268.646371601,1366070125.5109675,0.010261916110171746,0.07911913907918706,0.12970206993659297,0.4528201034238364,-2.9467265909074016
zae_2009_2019,"Vigência do ZAE-Cana, 2009–2019",gt_20,>20%,5531.071945801903,75868323.46283291,899,154,4769268.646371601,1366070125.5109675,0.0011597316812945466,0.05553764923631207,0.020881900786976083,0.07290357415781722,-5.581603149747545
