year,period,period_label,slope_bin,slope_label,selected_area_ha,exposure_ha_years,grids_with_entry,grids_with_exposure,selected_total_year,exposure_total_year,selected_share,available_share,selection_ratio,log2_selection_ratio,conversion_rate_per_1000_ha_year,selection_ratio_bootstrap,selection_ratio_ci_low,selection_ratio_boot_median,selection_ratio_ci_high
1987,pre_law_1987_2001,"Pré-Lei, 1987–2001",00_03,0–3%,57330.68451869721,29153190.710308403,148,1132,239485.03885781812,99476537.31743054,0.23939150767883396,0.29306599823916574,0.8168518665323672,-0.2918536209177655,1.966532071510972,0.8168518665323674,0.7299285236512513,0.8185050242002496,0.9144257491436708
1987,pre_law_1987_2001,"Pré-Lei, 1987–2001",03_06,>3–6%,98609.74707605886,29991591.16431646,152,1123,239485.03885781812,99476537.31743054,0.41175744232859285,0.30149412085598654,1.3657229572488923,0.44966485643940285,3.28791315325021,1.3657229572488925,1.3011520572136483,1.3656693751658888,1.4326249917316076
1987,pre_law_1987_2001,"Pré-Lei, 1987–2001",06_09,>6–9%,60767.35422065866,15788912.739563294,128,1083,239485.03885781812,99476537.31743054,0.25374175568744456,0.15871996719367834,1.5986757064901336,0.6768773158739413,3.8487358327334342,1.5986757064901342,1.4780054828379174,1.5976204672674532,1.7221286514982999
1987,pre_law_1987_2001,"Pré-Lei, 1987–2001",09_12,>9–12%,17734.51692398576,7945812.449217174,106,1043,239485.03885781812,99476537.31743054,0.07405271330755119,0.0798762468365984,0.9270930500658059,-0.10921394899076052,2.231932484856596,0.9270930500658042,0.7667001909542067,0.9286879700589199,1.0864486803000963
1987,pre_law_1987_2001,"Pré-Lei, 1987–2001",12_20,>12–20%,4652.653224908604,9550316.347392412,75,979,239485.03885781812,99476537.31743054,0.019427740651769387,0.09600571757858102,0.2023602462620803,-2.305002194942321,0.4871726815812703,0.2023602462620804,0.15467407562667113,0.20255955981057,0.2539006605729463
1987,pre_law_1987_2001,"Pré-Lei, 1987–2001",gt_20,>20%,390.08289350902334,7046713.906632797,25,852,239485.03885781812,99476537.31743054,0.0016288403458080524,0.07083794929598995,0.022993894684925034,-5.442605340650207,0.05535670933679506,0.022993894684925024,0.012958415559209333,0.022478053381493494,0.034356943917833255
1988,pre_law_1987_2001,"Pré-Lei, 1987–2001",00_03,0–3%,94459.08868427838,30045684.895190675,215,1133,333550.80226254184,101273720.70337859,0.28319250933753864,0.2966779998455051,0.9545450268810326,-0.06711484222846727,3.1438487427989426,0.954545026881033,0.8539566188694852,0.9552522145770488,1.0556676063017971
1988,pre_law_1987_2001,"Pré-Lei, 1987–2001",03_06,>3–6%,143424.5665081903,30610840.64642974,228,1128,333550.80226254184,101273720.70337859,0.42999316906244195,0.30225847765666747,1.4226008560489976,0.5085309367946341,4.685417436417855,1.4226008560489976,1.3527392477752838,1.4221862113550547,1.5030776971096016
1988,pre_law_1987_2001,"Pré-Lei, 1987–2001",06_09,>6–9%,71808.50725980927,15932475.72139369,187,1085,333550.80226254184,101273720.70337859,0.21528506833956865,0.1573209279834642,1.3684451973369811,0.45253765968402543,4.507052671254774,1.3684451973369804,1.2422507214255962,1.3664353088217682,1.4997067255737817
1988,pre_law_1987_2001,"Pré-Lei, 1987–2001",09_12,>9–12%,18199.86779329169,7992116.117066291,138,1050,333550.80226254184,101273720.70337859,0.05456400545235792,0.07891599184426594,0.6914188642529563,-0.5323681291335608,2.277227648685917,0.691418864252955,0.5495852040650081,0.6881386401986807,0.8419855116590759
1988,pre_law_1987_2001,"Pré-Lei, 1987–2001",12_20,>12–20%,5101.085505932453,9603809.88309285,107,984,333550.80226254184,101273720.70337859,0.01529327907872135,0.09483022660164256,0.16127008894499947,-2.632449210840543,0.5311522789422065,0.16127008894499942,0.11342626942409058,0.15976092361043515,0.2100069616044027
1988,pre_law_1987_2001,"Pré-Lei, 1987–2001",gt_20,>20%,557.6865110397339,7088793.440205344,40,858,333550.80226254184,101273720.70337859,0.0016719687293714621,0.0699963760684548,0.023886504177535083,-5.387660460918554,0.07867157023883872,0.023886504177535087,0.01409022845685334,0.02330151055220565,0.036715844999585585
1989,pre_law_1987_2001,"Pré-Lei, 1987–2001",00_03,0–3%,41964.45262398626,30820482.599053103,205,1134,149781.16762881092,102673635.56153613,0.2801717551567161,0.3001791300219543,0.9333485480360514,-0.09951215569671602,1.361576753028375,0.9333485480360514,0.8289113306275708,0.9358823446280086,1.0442092338974815
1989,pre_law_1987_2001,"Pré-Lei, 1987–2001",03_06,>3–6%,62902.39177020765,31082899.826826338,198,1128,149781.16762881092,102673635.56153613,0.4199619536021574,0.30273496849341813,1.3872264432884234,0.4722033045644468,2.0236976640100757,1.3872264432884223,1.327055533298558,1.3867448152250414,1.4542494139553355
1989,pre_law_1987_2001,"Pré-Lei, 1987–2001",06_09,>6–9%,32768.66654108553,16021709.840328425,168,1086,149781.16762881092,102673635.56153613,0.21877694679409324,0.15604502317175686,1.4020116909033882,0.4874983795468384,2.0452665082351666,1.4020116909033884,1.2649969801120746,1.4005407866506059,1.5395222183151556
1989,pre_law_1987_2001,"Pré-Lei, 1987–2001",09_12,>9–12%,9013.355591854395,8015503.307406852,124,1053,149781.16762881092,102673635.56153613,0.060176828199065564,0.07806778501188713,0.7708279181983021,-0.37551927011823444,1.124490284162875,0.7708279181983021,0.6146621425435053,0.7684977720916677,0.9116994208997874
1989,pre_law_1987_2001,"Pré-Lei, 1987–2001",12_20,>12–20%,2868.240290634305,9628393.707017919,81,997,149781.16762881092,102673635.56153613,0.01914953886420758,0.09377669013431655,0.2042036121852846,-2.29191970841844,0.29789395592991896,0.20420361218528446,0.1498575162304023,0.202585001510564,0.2587056863517182
1989,pre_law_1987_2001,"Pré-Lei, 1987–2001",gt_20,>20%,264.06081104278564,7104646.280903489,23,862,149781.16762881092,102673635.56153613,0.0017629773837601775,0.06919640316666698,0.025477876061185678,-5.294611176062494,0.0371673410050761,0.025477876061185654,0.014187266827641392,0.025010116582473877,0.03890970197980138
1990,pre_law_1987_2001,"Pré-Lei, 1987–2001",00_03,0–3%,55919.334612232095,31736424.847278688,216,1135,223564.528770472,104495361.80669212,0.2501261489010318,0.3037113255417832,0.823565431598041,-0.2800448194445406,1.7619922496414093,0.8235654315980403,0.7093299926863949,0.8333229856946429,0.9637809020113772
1990,pre_law_1987_2001,"Pré-Lei, 1987–2001",03_06,>3–6%,88580.86454555007,31716730.60040811,221,1125,223564.528770472,104495361.80669212,0.39622056787234694,0.30352285548406893,1.3054060368549196,0.38449861617842396,2.7928750179695467,1.305406036854921,1.236100609575142,1.3076799965030732,1.3941909709827336
1990,pre_law_1987_2001,"Pré-Lei, 1987–2001",06_09,>6–9%,56248.69929407624,16177796.146721644,174,1087,223564.528770472,104495361.80669212,0.2515993910278376,0.15481831793308917,1.6251267575234618,0.7005522506447326,3.4769074096334673,1.6251267575234625,1.3907824185488071,1.6126443188566706,1.8253534414736123
1990,pre_law_1987_2001,"Pré-Lei, 1987–2001",09_12,>9–12%,17379.463586806316,8060135.834725533,134,1056,223564.528770472,104495361.80669212,0.07773801900680483,0.07713391001637111,1.007831950828183,0.01125509923603582,2.156224652186414,1.0078319508281826,0.7502888845176336,0.9979829809013647,1.2122660923526252
1990,pre_law_1987_2001,"Pré-Lei, 1987–2001",12_20,>12–20%,4869.252199409522,9669572.789331561,86,1001,223564.528770472,104495361.80669212,0.02178007497964339,0.09253590419849907,0.2353689107843252,-2.0870043234462337,0.5035643565123961,0.23536891078432504,0.17212586962593765,0.2331216298232946,0.2888759292118742
1990,pre_law_1987_2001,"Pré-Lei, 1987–2001",gt_20,>20%,566.9145323977751,7134701.5882265875,37,867,223564.528770472,104495361.80669212,0.002535798212335427,0.06827768682618854,0.037139486268635544,-4.750902330420019,0.07945875877041246,0.037139486268635516,0.02247493970268817,0.03669780707151469,0.058325351716054914
1991,pre_law_1987_2001,"Pré-Lei, 1987–2001",00_03,0–3%,46351.45714223712,32443851.29410377,207,1135,164370.84276018236,105849375.7840854,0.28199318299939646,0.30650961381466885,0.9200141538460969,-0.12027203858021121,1.4286669212622383,0.9200141538460966,0.8150750258219829,0.9240718327617163,1.0304541809675425
1991,pre_law_1987_2001,"Pré-Lei, 1987–2001",03_06,>3–6%,70993.96383841832,32201595.57354027,204,1127,164370.84276018236,105849375.7840854,0.43191336520674023,0.3042209303078557,1.4197358635701576,0.5056225467979817,2.2046722398052028,1.4197358635701591,1.3501925080117116,1.418422930318859,1.494070272354179
1991,pre_law_1987_2001,"Pré-Lei, 1987–2001",06_09,>6–9%,34815.77911940556,16280723.673975542,168,1090,164370.84276018236,105849375.7840854,0.21181237824643817,0.15381029461321938,1.3771014403104442,0.4616348354660183,2.138466312468529,1.3771014403104433,1.2536721462941192,1.3746041691328994,1.5093489601844166
1991,pre_law_1987_2001,"Pré-Lei, 1987–2001",09_12,>9–12%,9190.321046691783,8083633.91817898,121,1059,164370.84276018236,105849375.7840854,0.05591211246693243,0.0763692167128903,0.7321289241073893,-0.4498303728906628,1.136904656954345,0.7321289241073894,0.5887747331064647,0.7296392911224763,0.8774129501855643
1991,pre_law_1987_2001,"Pré-Lei, 1987–2001",12_20,>12–20%,2787.245447515039,9687016.083910838,89,1005,164370.84276018236,105849375.7840854,0.01695705516082095,0.09151698828787326,0.18528860573384817,-2.43215392888484,0.28773003196973873,0.18528860573384795,0.13094951158529336,0.18430821002884198,0.245185799666323
1991,pre_law_1987_2001,"Pré-Lei, 1987–2001",gt_20,>20%,232.07616591453552,7152555.240375991,24,870,164370.84276018236,105849375.7840854,0.0014119059196717478,0.06757295626349256,0.020894541215071182,-5.580730108262436,0.032446609374573096,0.02089454121507119,0.011641386137523012,0.02039457378695754,0.03232638070411931
1992,pre_law_1987_2001,"Pré-Lei, 1987–2001",00_03,0–3%,42638.19394102564,33053066.866984967,211,1134,154747.713468374,106987580.06069355,0.27553359584689224,0.3089430272956367,0.8918589238242494,-0.16511257531991505,1.289992063750513,0.8918589238242488,0.7927462642089618,0.8929060726185057,0.9891012882577326
1992,pre_law_1987_2001,"Pré-Lei, 1987–2001",03_06,>3–6%,66739.74632126864,32602099.397459317,202,1129,154747.713468374,106987580.06069355,0.43128098519470753,0.30472788877890594,1.415298701155711,0.5011065683915116,2.0470996517012545,1.4152987011557108,1.3466904075953614,1.4154581148330407,1.4858646341084207
1992,pre_law_1987_2001,"Pré-Lei, 1987–2001",06_09,>6–9%,32680.12206550486,16371153.14329593,179,1091,154747.713468374,106987580.06069355,0.21118323064711222,0.1530191928260145,1.3801094277580672,0.4647826616592462,1.9962015979850225,1.3801094277580663,1.264166615559457,1.3784325010468703,1.5076440577534935
1992,pre_law_1987_2001,"Pré-Lei, 1987–2001",09_12,>9–12%,9062.475267834758,8104650.809867315,128,1059,154747.713468374,106987580.06069355,0.05856290257682462,0.07575319308343627,0.7730750374089462,-0.37131964083589786,1.1181820760002767,0.773075037408947,0.6315280293381386,0.7671291023955906,0.9416872806505606
1992,pre_law_1987_2001,"Pré-Lei, 1987–2001",12_20,>12–20%,3189.226904496025,9698392.525515262,87,1007,154747.713468374,106987580.06069355,0.020609202120119286,0.09064970457331038,0.22734990938058908,-2.1370136658486785,0.32884077398450995,0.22734990938058897,0.15232984040585523,0.22391285466365438,0.3223817157456552
1992,pre_law_1987_2001,"Pré-Lei, 1987–2001",gt_20,>20%,437.9489682440664,7158217.317570755,33,870,154747.713468374,106987580.06069355,0.0028300836143441348,0.06690699344269617,0.04229877130509558,-4.563240433233066,0.06118128981206884,0.04229877130509562,0.02286965668759006,0.04135945367892194,0.06418311939469294
1993,pre_law_1987_2001,"Pré-Lei, 1987–2001",00_03,0–3%,61218.72101904551,33947079.79114874,214,1135,223412.19745327818,108759038.24025907,0.2740169145502813,0.312131114254214,0.8778904185986062,-0.18788722620963386,1.8033575021969195,0.8778904185986062,0.7843139441970893,0.8807562283359663,0.9698766540249563
1993,pre_law_1987_2001,"Pré-Lei, 1987–2001",03_06,>3–6%,94318.29552314235,33219637.68977483,208,1129,223412.19745327818,108759038.24025907,0.4221716477358716,0.30544254737146065,1.3821638516602999,0.4669286533279337,2.8392331187938873,1.3821638516603,1.3169256354075116,1.3817792886599127,1.4480792696459441
1993,pre_law_1987_2001,"Pré-Lei, 1987–2001",06_09,>6–9%,48216.98423660035,16534439.680302875,176,1089,223412.19745327818,108759038.24025907,0.21582073309441346,0.15202818954482408,1.4196099666817432,0.5054946083025983,2.916154715181562,1.4196099666817439,1.3031656692622728,1.4164983677471463,1.5420497731243668
1993,pre_law_1987_2001,"Pré-Lei, 1987–2001",09_12,>9–12%,14134.113885643903,8153204.420916586,127,1061,223412.19745327818,108759038.24025907,0.06326473687095686,0.07496576425129267,0.8439150524616437,-0.24483030870390507,1.7335654984172397,0.843915052461644,0.6945643343028326,0.8384778115864446,1.0065595144488906
1993,pre_law_1987_2001,"Pré-Lei, 1987–2001",12_20,>12–20%,5053.281550786074,9733140.208163574,87,1009,223412.19745327818,108759038.24025907,0.022618646646823563,0.08949270208386857,0.25274291780380453,-1.9842574284464385,0.5191830635037687,0.2527429178038044,0.1716608574553966,0.24789522203868217,0.3504253938616679
1993,pre_law_1987_2001,"Pré-Lei, 1987–2001",gt_20,>20%,470.80123805999756,7171536.4499524655,40,873,223412.19745327818,108759038.24025907,0.0021073211016531695,0.06593968249434,0.03195831435545741,-4.967664874598817,0.06564858748826663,0.03195831435545743,0.018576495087285715,0.031608260663240455,0.04643149532253047
1994,pre_law_1987_2001,"Pré-Lei, 1987–2001",00_03,0–3%,54932.68093822143,34722927.37715903,206,1137,200618.66428071563,110165160.41671681,0.2738164025524409,0.3151897319062957,0.8687351611880717,-0.20301166453877745,1.5820290824429886,0.868735161188072,0.7734293233317768,0.8706142549980302,0.959270661940649
1994,pre_law_1987_2001,"Pré-Lei, 1987–2001",03_06,>3–6%,87452.61943859587,33656482.039893284,208,1129,200618.66428071563,110165160.41671681,0.43591467300483966,0.30550930904636653,1.42684579519206,0.512829425540451,2.598388605646235,1.4268457951920608,1.3638301152921433,1.4273752988266075,1.4953301896025855
1994,pre_law_1987_2001,"Pré-Lei, 1987–2001",06_09,>6–9%,42424.60381500674,16647742.96129138,168,1089,200618.66428071563,110165160.41671681,0.21146887786893107,0.15111622311735134,1.3993790574339067,0.484786806110505,2.548369704749203,1.3993790574339044,1.2893244768373215,1.3963456740519993,1.522932295147452
1994,pre_law_1987_2001,"Pré-Lei, 1987–2001",09_12,>9–12%,11441.924751651988,8189902.368292159,134,1063,200618.66428071563,110165160.41671681,0.05703320173461965,0.07434203642342627,0.7671729815118119,-0.38237618282812125,1.3970770635740768,0.7671729815118121,0.6366823308493712,0.7605941032726801,0.9224335473274355
1994,pre_law_1987_2001,"Pré-Lei, 1987–2001",12_20,>12–20%,3999.224095833535,9766778.117537325,92,1012,200618.66428071563,110165160.41671681,0.01993445679728792,0.08865577901936485,0.22485231101442005,-2.1529503828977368,0.4094721972492124,0.22485231101441958,0.15536703097277302,0.22207066015500207,0.312545495629983
1994,pre_law_1987_2001,"Pré-Lei, 1987–2001",gt_20,>20%,367.61124140608547,7181327.552543635,34,873,200618.66428071563,110165160.41671681,0.0018323880418808166,0.06518692048719531,0.028109750057003436,-5.152785563986913,0.05118987244578158,0.028109750057003408,0.016980848874648114,0.027614445842545757,0.04158740681334589
1995,pre_law_1987_2001,"Pré-Lei, 1987–2001",00_03,0–3%,55846.82893080711,35686773.96233468,208,1135,196209.6175205511,111804377.02803211,0.2846283971016746,0.31918941736410844,0.8917225372074002,-0.16533321485946437,1.564916710873059,0.8917225372073999,0.7798708382547176,0.8948834289209684,0.9968886919622391
1995,pre_law_1987_2001,"Pré-Lei, 1987–2001",03_06,>3–6%,82972.48906013732,34158099.98839827,209,1129,196209.6175205511,111804377.02803211,0.4228767687773854,0.30551666130060356,1.3841365213182564,0.4689862471041247,2.4290721406728935,1.3841365213182568,1.3162947078336154,1.3847249621591056,1.4552809795236363
1995,pre_law_1987_2001,"Pré-Lei, 1987–2001",06_09,>6–9%,42285.14603967386,16771626.647275303,174,1091,196209.6175205511,111804377.02803211,0.21551005793711867,0.15000867670028914,1.4366506170019648,0.5227092514927459,2.5212310605866874,1.4366506170019664,1.318528205572338,1.4324724700191411,1.5721384265185376
1995,pre_law_1987_2001,"Pré-Lei, 1987–2001",09_12,>9–12%,11480.023640131483,8226488.4949157005,140,1065,196209.6175205511,111804377.02803211,0.05850897517258072,0.0735793062274576,0.795182479591618,-0.3306421248140585,1.3954950094717324,0.7951824795916177,0.6478908961931319,0.788419388541753,0.9597381433452722
1995,pre_law_1987_2001,"Pré-Lei, 1987–2001",12_20,>12–20%,3289.716022382063,9789057.016568553,98,1015,196209.6175205511,111804377.02803211,0.016766334209063406,0.08755522168970357,0.19149439502858473,-2.3846259292791925,0.3360605640373762,0.19149439502858445,0.13351974909844455,0.18843620114148363,0.25627490825296967
1995,pre_law_1987_2001,"Pré-Lei, 1987–2001",gt_20,>20%,335.413827419281,7172330.918539606,43,876,196209.6175205511,111804377.02803211,0.0017094668021772662,0.06415071671783767,0.02664766489977397,-5.229847072742063,0.046764968213091916,0.026647664899773955,0.017060097620450822,0.026403084628557713,0.038373800500645455
1996,pre_law_1987_2001,"Pré-Lei, 1987–2001",00_03,0–3%,72522.18252845932,36766091.28089228,222,1134,273061.1319788297,113657008.30858384,0.2655895476697941,0.3234828351373697,0.8210313463989806,-0.28449079075145495,1.9725290342775668,0.8210313463989795,0.7212152847624689,0.8213038437346813,0.9255830721752913
1996,pre_law_1987_2001,"Pré-Lei, 1987–2001",03_06,>3–6%,114768.8578726703,34704916.544462726,211,1129,273061.1319788297,113657008.30858384,0.4203046293734997,0.3053477921065574,1.3764783641429632,0.46098193344312494,3.3069913228470798,1.3764783641429632,1.3077472633202434,1.376189440618373,1.447196204530268
1996,pre_law_1987_2001,"Pré-Lei, 1987–2001",06_09,>6–9%,62080.53115181829,16905791.78840824,179,1092,273061.1319788297,113657008.30858384,0.2273503032157333,0.14874394496209384,1.5284676177821668,0.6120859875144091,3.6721457314046027,1.528467617782171,1.4036494733806322,1.5279127036962312,1.6628191846431577
1996,pre_law_1987_2001,"Pré-Lei, 1987–2001",09_12,>9–12%,17392.47598646108,8271213.435616816,130,1066,273061.1319788297,113657008.30858384,0.06369444036366739,0.07277345725272043,0.8752427432776166,-0.19224489970835704,2.1027719961338485,0.8752427432776174,0.6990599413202345,0.868950379944462,1.072231244434234
1996,pre_law_1987_2001,"Pré-Lei, 1987–2001",12_20,>12–20%,5739.111327552795,9826365.196156336,106,1018,273061.1319788297,113657008.30858384,0.021017679396413497,0.08645630693953615,0.24310174862213768,-2.0403678242298384,0.5840523136467283,0.2431017486221373,0.165461812889693,0.2395406602018062,0.3356413793051629
1996,pre_law_1987_2001,"Pré-Lei, 1987–2001",gt_20,>20%,557.9731118679047,7182630.063047446,42,877,273061.1319788297,113657008.30858384,0.0020433999808920594,0.06319566360172252,0.03233449677449645,-4.950782032043576,0.07768367672706895,0.03233449677449644,0.01899409874853179,0.03199113739472423,0.047918323453210655
1997,pre_law_1987_2001,"Pré-Lei, 1987–2001",00_03,0–3%,47518.14980246226,37625605.21772871,190,1134,163756.62517553498,115094671.74356574,0.2901754341329783,0.32691005280904445,0.8876308074333717,-0.17196835416627396,1.262920543802238,0.8876308074333712,0.7658694031379462,0.8885491875105194,1.0124275165670213
1997,pre_law_1987_2001,"Pré-Lei, 1987–2001",03_06,>3–6%,67842.69907091738,35109111.28233128,183,1131,163756.62517553498,115094671.74356574,0.414289797424654,0.3050454964636017,1.3581246149427662,0.4416158603718666,1.9323388315174854,1.3581246149427666,1.28789059222496,1.3575921565074016,1.42285704209044
1997,pre_law_1987_2001,"Pré-Lei, 1987–2001",06_09,>6–9%,34943.73341446764,17001086.431765802,146,1094,163756.62517553498,115094671.74356574,0.21338821178691578,0.14771393127255025,1.444604513254667,0.5306745827878123,2.0553823753978904,1.4446045132546685,1.297998942446888,1.4416403776147808,1.5966286899914113
1997,pre_law_1987_2001,"Pré-Lei, 1987–2001",09_12,>9–12%,9829.99378214537,8306468.040883003,106,1070,163756.62517553498,115094671.74356574,0.060028067698686044,0.07217074357177936,0.8317507168120488,-0.2657768904480006,1.1834143866880409,0.8317507168120497,0.6658579938651402,0.8318193170616301,1.0140822557174487
1997,pre_law_1987_2001,"Pré-Lei, 1987–2001",12_20,>12–20%,3312.604468482148,9859806.066989295,82,1020,163756.62517553498,115094671.74356574,0.020228827169168156,0.08566692026332226,0.23613347027054268,-2.082325546878761,0.3359705501280368,0.23613347027054257,0.16198453031709237,0.23432554196412358,0.32189230588529616
1997,pre_law_1987_2001,"Pré-Lei, 1987–2001",gt_20,>20%,309.4446370601654,7192594.703867647,28,882,163756.62517553498,115094671.74356574,0.0018896617875976845,0.06249285561970198,0.030238045115063283,-5.047491317212029,0.04302267120567337,0.030238045115063287,0.01759680876037916,0.03029472286409017,0.04386421590335104
1998,pre_law_1987_2001,"Pré-Lei, 1987–2001",00_03,0–3%,37981.90182145624,38383908.40451034,192,1136,128979.862856332,116474232.15448664,0.2944793162306545,0.3295484992216948,0.8935841520326618,-0.16232449544329833,0.9895266897050311,0.8935841520326606,0.7887843648937166,0.8926719638181408,0.9942693851778429
1998,pre_law_1987_2001,"Pré-Lei, 1987–2001",03_06,>3–6%,54169.81734476557,35510143.63839283,181,1132,128979.862856332,116474232.15448664,0.41998662539364157,0.3048755332535151,1.3775674975020296,0.46212300912366316,1.5254744643217464,1.3775674975020302,1.3124735642295549,1.3751099664728992,1.4454311019692172
1998,pre_law_1987_2001,"Pré-Lei, 1987–2001",06_09,>6–9%,27176.53283767139,17118290.271865748,146,1095,128979.862856332,116474232.15448664,0.21070368843501386,0.14697062135735525,1.4336449454254758,0.5196877723672593,1.5875728478758515,1.4336449454254767,1.3145668264121664,1.4338451683836466,1.5783669219831507
1998,pre_law_1987_2001,"Pré-Lei, 1987–2001",09_12,>9–12%,7362.029387351578,8349285.015660185,116,1070,128979.862856332,116474232.15448664,0.05707890537573288,0.07168353773378851,0.7962623941316496,-0.32868417123823057,0.8817556681252492,0.7962623941316502,0.6402205835476702,0.7985712734125514,0.9675705493982572
1998,pre_law_1987_2001,"Pré-Lei, 1987–2001",12_20,>12–20%,2131.6428994066573,9902128.076060347,66,1022,128979.862856332,116474232.15448664,0.01652694344838194,0.08501561154682326,0.19439892447611873,-2.3629078577197085,0.215271190498957,0.1943989244761189,0.13151340842006948,0.19340845400743506,0.26809929233785873
1998,pre_law_1987_2001,"Pré-Lei, 1987–2001",gt_20,>20%,157.93856568055995,7210476.747997193,18,882,128979.862856332,116474232.15448664,0.001224521116575263,0.061906196886823105,0.019780267213215057,-5.659794274063127,0.021904039247395053,0.01978026721321506,0.010344966685849208,0.01939177284809954,0.03260291713563291
1999,pre_law_1987_2001,"Pré-Lei, 1987–2001",00_03,0–3%,46335.8491334803,39202032.75784487,213,1136,168144.96720136944,117924534.4943592,0.2755708357181381,0.3324332203297361,0.8289509557582815,-0.27064134657692623,1.1819756750804675,0.8289509557582809,0.73585714503951,0.8302933237010612,0.9266073617051506
1999,pre_law_1987_2001,"Pré-Lei, 1987–2001",03_06,>3–6%,72093.99330278752,35939428.81792288,206,1133,168144.96720136944,117924534.4943592,0.42876093470254256,0.3047663403720454,1.4068513411918455,0.49246989029715016,2.0059860624950856,1.4068513411918473,1.3356038932623449,1.40499966751996,1.47298484705463
1999,pre_law_1987_2001,"Pré-Lei, 1987–2001",06_09,>6–9%,36601.2547019491,17240068.654737353,161,1099,168144.96720136944,117924534.4943592,0.21767677802759122,0.14619577451511598,1.4889402840099488,0.574285893819068,2.123034161577514,1.4889402840099495,1.3733866304524691,1.4884857966584755,1.6196803007487954
1999,pre_law_1987_2001,"Pré-Lei, 1987–2001",09_12,>9–12%,9961.896623076644,8391008.961085403,124,1071,168144.96720136944,117924534.4943592,0.05924588043807659,0.07115575225346155,0.8326225015096292,-0.2642655472455282,1.187210819256239,0.8326225015096309,0.6934491377177281,0.8305556706234873,1.0009836934261755
1999,pre_law_1987_2001,"Pré-Lei, 1987–2001",12_20,>12–20%,2913.4808641919903,9934635.861145446,87,1024,168144.96720136944,117924534.4943592,0.017327196363259703,0.0842457076785888,0.20567453037923072,-2.281564945509823,0.2932649877572937,0.2056745303792309,0.1437253282427499,0.2042489644854243,0.2807637317874507
1999,pre_law_1987_2001,"Pré-Lei, 1987–2001",gt_20,>20%,238.49257588386536,7217359.441623239,27,883,168144.96720136944,117924534.4943592,0.0014183747503917143,0.06120320485105221,0.02317484441939856,-5.431296536193199,0.0330442979614476,0.023174844419398558,0.011625654257643383,0.022574086506715975,0.03855826942406945
2000,pre_law_1987_2001,"Pré-Lei, 1987–2001",00_03,0–3%,32350.271757701797,39975842.49976731,184,1138,114380.07726811896,119331187.13932775,0.2828313507943289,0.3349991184877147,0.8442749105463724,-0.24421525294181515,0.8092455276681186,0.8442749105463723,0.7215632543926593,0.8428585033509142,0.986856988818528
2000,pre_law_1987_2001,"Pré-Lei, 1987–2001",03_06,>3–6%,46797.933340208205,36382578.78736138,182,1134,114380.07726811896,119331187.13932775,0.40914409622673115,0.3048874285050236,1.3419513498241522,0.42433237001821517,1.2862731257649311,1.3419513498241522,1.253101861951056,1.3416050537794049,1.4153742194631622
2000,pre_law_1987_2001,"Pré-Lei, 1987–2001",06_09,>6–9%,25609.77575521469,17367832.319537207,154,1100,114380.07726811896,119331187.13932775,0.2239006684283197,0.14554311187115748,1.538380384683052,0.6214122726390566,1.4745522229855972,1.5383803846830524,1.3703225325111412,1.5376687415047734,1.7182029774126673
2000,pre_law_1987_2001,"Pré-Lei, 1987–2001",09_12,>9–12%,7222.279617212333,8430301.939535465,122,1072,114380.07726811896,119331187.13932775,0.06314281114081212,0.0706462588836268,0.8937884629506729,-0.1619946723867885,0.8567047383370829,0.8937884629506736,0.7318069237813475,0.8968614691142854,1.0945790599802971
2000,pre_law_1987_2001,"Pré-Lei, 1987–2001",12_20,>12–20%,2170.898032199635,9959212.912163043,83,1032,114380.07726811896,119331187.13932775,0.018979686708121567,0.08345859243430592,0.22741441180021515,-2.1366044106929425,0.21797887557442902,0.2274144118002152,0.15712121871887785,0.22914127628204392,0.30444566774353454
2000,pre_law_1987_2001,"Pré-Lei, 1987–2001",gt_20,>20%,228.91876558229035,7215418.680963344,29,888,114380.07726811896,119331187.13932775,0.002001386701686524,0.060465489818171535,0.03309965250765326,-4.917040118606791,0.03172633158298265,0.03309965250765328,0.018271863291016092,0.03243787797497828,0.05320950268010289
2001,pre_law_1987_2001,"Pré-Lei, 1987–2001",00_03,0–3%,34990.69856513715,40568420.87955123,202,1138,119417.25993165969,120475131.4833871,0.29301207032519155,0.336736888186301,0.8701513870469739,-0.2006616751421126,0.8625107363440521,0.8701513870469746,0.7670843225000812,0.8669171574162424,0.9804321062715917
2001,pre_law_1987_2001,"Pré-Lei, 1987–2001",03_06,>3–6%,50270.20471789229,36768608.55529244,187,1133,119417.25993165969,120475131.4833871,0.42096263761755215,0.3051966667524463,1.3793159738504188,0.4639529874461874,1.367204435878943,1.379315973850417,1.3051377808060163,1.379336903243122,1.4488066738676881
2001,pre_law_1987_2001,"Pré-Lei, 1987–2001",06_09,>6–9%,25324.392574684294,17493042.706095323,163,1100,119417.25993165969,120475131.4833871,0.21206643486190338,0.14520044502717577,1.460508160441333,0.5464704191019443,1.4476836877474835,1.460508160441334,1.3194678158118935,1.4592041615147915,1.615041890577501
2001,pre_law_1987_2001,"Pré-Lei, 1987–2001",09_12,>9–12%,6752.665419313955,8469517.987315029,124,1072,119417.25993165969,120475131.4833871,0.05654681260630483,0.07030096487990081,0.8043532930580256,-0.3140987847880269,0.7972904041797373,0.8043532930580265,0.6432770413905938,0.8069530453725666,0.9726345220536041
2001,pre_law_1987_2001,"Pré-Lei, 1987–2001",12_20,>12–20%,1840.8463865654142,9976828.719120054,81,1031,119417.25993165969,120475131.4833871,0.015415245565162832,0.08281234970468414,0.18614669937678263,-2.425488059331639,0.1845121770044555,0.18614669937678263,0.12718757658274127,0.18697742098780934,0.2537885241880711
2001,pre_law_1987_2001,"Pré-Lei, 1987–2001",gt_20,>20%,238.45226806659323,7198712.6360130245,27,890,119417.25993165969,120475131.4833871,0.0019967990238852836,0.05975268544949204,0.03341772857344035,-4.903242514041692,0.03312429320677245,0.03341772857344036,0.019352896867039157,0.03320031744030953,0.051125276285402595
2002,post_law_pre_zae_2002_2008,"Pós-Lei / pré-ZAE, 2002–2008",00_03,0–3%,79063.00704299702,41065028.856508896,247,1140,267844.7697796158,121406476.61985214,0.2951821949260033,0.3382441365553477,0.8726897616973234,-0.1964592231721747,1.925312345919985,0.8726897616973237,0.7827361505526529,0.8747624571112252,0.9646459867831174
2002,post_law_pre_zae_2002_2008,"Pós-Lei / pré-ZAE, 2002–2008",03_06,>3–6%,117011.39730771103,37074523.50800391,252,1135,267844.7697796158,121406476.61985214,0.4368627298714426,0.30537517058576397,1.4305771128460185,0.5165972657995828,3.156113315453664,1.430577112846019,1.3636285949599594,1.429374118754627,1.4970530066088836
2002,post_law_pre_zae_2002_2008,"Pós-Lei / pré-ZAE, 2002–2008",06_09,>6–9%,55064.45245065502,17593008.60485407,216,1103,267844.7697796158,121406476.61985214,0.20558345229575462,0.14490996769423828,1.4186977995160284,0.5045673099261381,3.1299053895456086,1.418697799516029,1.275627468075159,1.4157713971460064,1.5684721382376738
2002,post_law_pre_zae_2002_2008,"Pós-Lei / pré-ZAE, 2002–2008",09_12,>9–12%,12907.714064180149,8501296.947636314,161,1073,267844.7697796158,121406476.61985214,0.0481910252524277,0.07002342201442488,0.6882129416997117,-0.5390730729803813,1.5183229269234015,0.6882129416997113,0.5610535927697262,0.6882015859108217,0.8259175002320032
2002,post_law_pre_zae_2002_2008,"Pós-Lei / pré-ZAE, 2002–2008",12_20,>12–20%,3427.4718812624615,9989067.513401123,106,1030,267844.7697796158,121406476.61985214,0.01279648612919567,0.0822778799905287,0.15552765981171027,-2.6847569156597593,0.34312230612759775,0.1555276598117101,0.10941153532748428,0.15469036586760757,0.2129267637933891
2002,post_law_pre_zae_2002_2008,"Pós-Lei / pré-ZAE, 2002–2008",gt_20,>20%,370.727032810099,7183551.18944782,36,891,267844.7697796158,121406476.61985214,0.001384111525176076,0.059169423159696415,0.023392344411409968,-5.4178197320509724,0.05160776655349424,0.02339234441140995,0.013620992851562628,0.023053278543065527,0.03566579684610025
2003,post_law_pre_zae_2002_2008,"Pós-Lei / pré-ZAE, 2002–2008",00_03,0–3%,73733.80069924523,41717547.25863149,244,1140,257700.42111885222,122457803.09333844,0.2861221583539399,0.340668754500144,0.839883771476961,-0.251738402609943,1.7674529195622706,0.8398837714769617,0.762637802838696,0.8410826932145756,0.9245820594440537
2003,post_law_pre_zae_2002_2008,"Pós-Lei / pré-ZAE, 2002–2008",03_06,>3–6%,115318.83675591338,37371386.842326246,241,1138,257700.42111885222,122457803.09333844,0.4474918444263154,0.3051776685381285,1.466332207628116,0.5522119929683733,3.0857521355162842,1.4663322076281153,1.3933492718865021,1.4643792196310277,1.5324122838283099
2003,post_law_pre_zae_2002_2008,"Pós-Lei / pré-ZAE, 2002–2008",06_09,>6–9%,52833.44045223629,17667983.944165505,211,1105,257700.42111885222,122457803.09333844,0.20501883630166576,0.14427813906394196,1.4209972323721503,0.5069037446954983,2.9903491320345843,1.42099723237215,1.3051836186136632,1.42022095812127,1.5401146731284805
2003,post_law_pre_zae_2002_2008,"Pós-Lei / pré-ZAE, 2002–2008",09_12,>9–12%,12102.873253075282,8526071.553521013,149,1073,257700.42111885222,122457803.09333844,0.046964895131053744,0.06962456730521585,0.6745448761666547,-0.568013668808796,1.4195134508432734,0.6745448761666547,0.5681624015869702,0.6752523358764981,0.7936808603186001
2003,post_law_pre_zae_2002_2008,"Pós-Lei / pré-ZAE, 2002–2008",12_20,>12–20%,3434.1938515476154,10001809.049280515,118,1032,257700.42111885222,122457803.09333844,0.013326302831161284,0.08167555514332595,0.16316146009385565,-2.615627772245051,0.34335727013251227,0.16316146009385565,0.11757169259985224,0.16346870025583377,0.21862086997782282
2003,post_law_pre_zae_2002_2008,"Pós-Lei / pré-ZAE, 2002–2008",gt_20,>20%,277.2761068344116,7173004.445413677,39,890,257700.42111885222,122457803.09333844,0.0010759629558638984,0.058575315449243756,0.018368880263158527,-5.766592504970783,0.03865550466955283,0.01836888026315853,0.01087704157462047,0.01814925612448548,0.027434048721358108
2004,post_law_pre_zae_2002_2008,"Pós-Lei / pré-ZAE, 2002–2008",00_03,0–3%,94599.93694215288,42746039.47502725,258,1142,321118.2395772644,124133342.07255156,0.2945953399180589,0.34435582544811927,0.855496896370765,-0.2251654740693752,2.21306904929565,0.8554968963707644,0.7606116905665048,0.8537541885931,0.9539883875511656
2004,post_law_pre_zae_2002_2008,"Pós-Lei / pré-ZAE, 2002–2008",03_06,>3–6%,138468.19583199444,37843109.855014004,253,1139,321118.2395772644,124133342.07255156,0.4312062622611555,0.304858543427406,1.4144470330838403,0.5002381530240079,3.659006787827406,1.4144470330838408,1.3458384677746593,1.413693934211126,1.4838712824566218
2004,post_law_pre_zae_2002_2008,"Pós-Lei / pré-ZAE, 2002–2008",06_09,>6–9%,65674.98454342916,17791007.83696052,207,1106,321118.2395772644,124133342.07255156,0.20451963311049193,0.14332175014318316,1.4269964810377356,0.5129817771432716,3.6914707219110143,1.4269964810377354,1.289463727681298,1.4248273648430851,1.56742300598739
2004,post_law_pre_zae_2002_2008,"Pós-Lei / pré-ZAE, 2002–2008",09_12,>9–12%,16659.629491547043,8565354.715959614,163,1076,321118.2395772644,124133342.07255156,0.051880047403967414,0.0690012415113537,0.7518712166277601,-0.41144252213793475,1.945001700922621,0.7518712166277599,0.62967110887261,0.7520895148190362,0.9010927340983043
2004,post_law_pre_zae_2002_2008,"Pós-Lei / pré-ZAE, 2002–2008",12_20,>12–20%,5251.230539651946,10022633.121181674,131,1038,321118.2395772644,124133342.07255156,0.016352950073981846,0.0807408626388533,0.20253623183501443,-2.303748079171686,0.523937220504867,0.20253623183501474,0.1440976546107656,0.20308089810648328,0.269653278049777
2004,post_law_pre_zae_2002_2008,"Pós-Lei / pré-ZAE, 2002–2008",gt_20,>20%,464.2622284889221,7165197.068408504,42,890,321118.2395772644,124133342.07255156,0.001445767232344383,0.057721776831084586,0.0250471713054717,-5.319208507471987,0.06479406275311861,0.025047171305471676,0.013914945596423879,0.024706722776552517,0.0379823910546701
2005,post_law_pre_zae_2002_2008,"Pós-Lei / pré-ZAE, 2002–2008",00_03,0–3%,98120.44595378052,43517971.279866405,265,1141,327152.9979155176,125352953.98623675,0.29992219719508323,0.3471635082859276,0.8639220137966346,-0.21102700864080676,2.2547109405161074,0.863922013796635,0.7696313250771272,0.8612573348207917,0.9648659306359954
2005,post_law_pre_zae_2002_2008,"Pós-Lei / pré-ZAE, 2002–2008",03_06,>3–6%,141515.26235193084,38179725.44897493,255,1139,327152.9979155176,125352953.98623675,0.4325659958906293,0.30457778803654606,1.4202151728763819,0.5061095250288266,3.706555264287012,1.4202151728763812,1.3576588209259777,1.4204066917402827,1.483653375785733
2005,post_law_pre_zae_2002_2008,"Pós-Lei / pré-ZAE, 2002–2008",06_09,>6–9%,65543.27162288124,17867066.94517902,209,1111,327152.9979155176,125352953.98623675,0.20034440167290415,0.14253407181087055,1.4055895487132546,0.4911753693134978,3.668384510114932,1.4055895487132541,1.2637171694767035,1.4077993129425406,1.5538994139626554
2005,post_law_pre_zae_2002_2008,"Pós-Lei / pré-ZAE, 2002–2008",09_12,>9–12%,16718.02594239291,8591645.484645974,165,1075,327152.9979155176,125352953.98623675,0.05110155202279421,0.0685396331831901,0.7455766780398714,-0.4235713623126236,1.9458468080729694,0.7455766780398716,0.6184096125553046,0.7478068535543734,0.8859358692640139
2005,post_law_pre_zae_2002_2008,"Pós-Lei / pré-ZAE, 2002–2008",12_20,>12–20%,4907.823110190559,10040821.001640216,127,1040,327152.9979155176,125352953.98623675,0.015001614356161064,0.08010039398626902,0.18728515066645832,-2.4166915781634617,0.4887870333898835,0.18728515066645862,0.13371056493260927,0.18900179532879757,0.24803747026233294
2005,post_law_pre_zae_2002_2008,"Pós-Lei / pré-ZAE, 2002–2008",gt_20,>20%,348.16893434150546,7155723.825930204,38,891,327152.9979155176,125352953.98623675,0.0010642388624279547,0.05708460469719664,0.018643185287402338,-5.745207816598912,0.04865600501235742,0.01864318528740233,0.011180436483354322,0.018618429031724296,0.02694654195551676
2006,post_law_pre_zae_2002_2008,"Pós-Lei / pré-ZAE, 2002–2008",00_03,0–3%,107131.53146092003,44008997.71124014,262,1141,355150.0059124423,126013461.84662697,0.3016514984581809,0.34924044674531846,0.863735862410457,-0.21133790316041146,2.434309732838065,0.8637358624104566,0.7864224555452188,0.8633233574032397,0.9484562801039956
2006,post_law_pre_zae_2002_2008,"Pós-Lei / pré-ZAE, 2002–2008",03_06,>3–6%,156498.82076229394,38354071.97457501,254,1139,355150.0059124423,126013461.84662697,0.44065554880175545,0.30436487826400943,1.4477871143185121,0.5338494810838877,4.080370419757186,1.4477871143185113,1.3784570141254213,1.4478995154339076,1.5136484045889675
2006,post_law_pre_zae_2002_2008,"Pós-Lei / pré-ZAE, 2002–2008",06_09,>6–9%,69628.58017354667,17886942.8453367,222,1111,355150.0059124423,126013461.84662697,0.1960540025746549,0.14194469847282817,1.381199894634914,0.46592212924768694,3.8927043472775176,1.3811998946349135,1.2677965295446774,1.3823025173588386,1.4987954699460064
2006,post_law_pre_zae_2002_2008,"Pós-Lei / pré-ZAE, 2002–2008",09_12,>9–12%,16324.155231806812,8593550.307099946,165,1077,355150.0059124423,126013461.84662697,0.045964113642254376,0.06819549420489135,0.6740051403419198,-0.5691685006352478,1.8995822039140076,0.6740051403419194,0.5612635724646488,0.6740874351529236,0.7991888800456889
2006,post_law_pre_zae_2002_2008,"Pós-Lei / pré-ZAE, 2002–2008",12_20,>12–20%,5170.320160562852,10035319.533143284,122,1042,355150.0059124423,126013461.84662697,0.014558130577189202,0.07963688471123374,0.18280637960635346,-2.4516116762099314,0.515212310229587,0.18280637960635365,0.13315911278122758,0.1839885933999273,0.23664641373089287
2006,post_law_pre_zae_2002_2008,"Pós-Lei / pré-ZAE, 2002–2008",gt_20,>20%,396.59812331199646,7134579.475231881,46,892,355150.0059124423,126013461.84662697,0.0011167059459651894,0.05661759760171889,0.019723654716343644,-5.663929287520628,0.05558815690382461,0.019723654716343644,0.012194632907026163,0.019629793370412176,0.028949408310072526
2007,post_law_pre_zae_2002_2008,"Pós-Lei / pré-ZAE, 2002–2008",00_03,0–3%,214481.50250331374,44260941.15701433,284,1142,682182.6582039964,126255026.24797812,0.31440480042102786,0.3505677553785558,0.8968446059208216,-0.15707006034304505,4.845841432572507,0.896844605920821,0.8084401059149124,0.8954523283573644,0.9900086309090382
2007,post_law_pre_zae_2002_2008,"Pós-Lei / pré-ZAE, 2002–2008",03_06,>3–6%,304117.593658552,38399194.090632424,271,1140,682182.6582039964,126255026.24797812,0.4458008276833244,0.3041399240233999,1.4657754292363978,0.5516640857741343,7.9198952181327735,1.4657754292363965,1.400069885646871,1.4648109615522484,1.529806681907352
2007,post_law_pre_zae_2002_2008,"Pós-Lei / pré-ZAE, 2002–2008",06_09,>6–9%,126554.90358269354,17870427.477572624,245,1112,682182.6582039964,126255026.24797812,0.1855146888604272,0.14154230535323978,1.3106660118149682,0.39030010013978866,7.081806170642524,1.310666011814969,1.1741101584644211,1.314007895615307,1.4478534799269458
2007,post_law_pre_zae_2002_2008,"Pós-Lei / pré-ZAE, 2002–2008",09_12,>9–12%,28146.489360625135,8586798.55220076,197,1077,682182.6582039964,126255026.24797812,0.04125946184959799,0.06801153829183312,0.6066538544174123,-0.7210545190284744,3.2778793155001065,0.6066538544174126,0.511555939887284,0.609460945066473,0.7269823441786151
2007,post_law_pre_zae_2002_2008,"Pós-Lei / pré-ZAE, 2002–2008",12_20,>12–20%,8143.772779184229,10026038.205471817,152,1041,682182.6582039964,126255026.24797812,0.011937818531805828,0.07941100250361222,0.15032952809357628,-2.7337996801101707,0.812262292671065,0.1503295280935767,0.10916106561757007,0.1506655294545436,0.1977535151622468
2007,post_law_pre_zae_2002_2008,"Pós-Lei / pré-ZAE, 2002–2008",gt_20,>20%,738.3963196277618,7111626.765086164,56,894,682182.6582039964,126255026.24797812,0.0010824026538167372,0.056327474449359205,0.019216246856405095,-5.701529600301309,0.10382945337525956,0.019216246856405106,0.01205807939963781,0.01922679519056259,0.027794658679418705
2008,post_law_pre_zae_2002_2008,"Pós-Lei / pré-ZAE, 2002–2008",00_03,0–3%,306570.9584053853,44233412.00317633,295,1144,930433.2869229635,125821778.32868202,0.3294926812208604,0.35155608663888194,0.9372407241502689,-0.09350845262273345,6.930755384264071,0.9372407241502692,0.8427294735729087,0.9343896885963695,1.0445446626756096
2008,post_law_pre_zae_2002_2008,"Pós-Lei / pré-ZAE, 2002–2008",03_06,>3–6%,408420.5662694482,38186501.08297722,294,1140,930433.2869229635,125821778.32868202,0.43895738900328485,0.30349675223333195,1.4463330687170226,0.5323998214828142,10.695417351329786,1.4463330687170204,1.3724154931973782,1.446540414215515,1.51777279681949
2008,post_law_pre_zae_2002_2008,"Pós-Lei / pré-ZAE, 2002–2008",06_09,>6–9%,166101.4362231965,17757878.213429756,258,1112,930433.2869229635,125821778.32868202,0.17852052216716222,0.1411351711071923,1.2648903938450304,0.3390123769297459,9.353675829220347,1.2648903938450333,1.1363849405426982,1.2677540986012834,1.3938601097972076
2008,post_law_pre_zae_2002_2008,"Pós-Lei / pré-ZAE, 2002–2008",09_12,>9–12%,37681.525258615904,8554399.213497054,199,1077,930433.2869229635,125821778.32868202,0.04049890066082277,0.06798822371712587,0.5956752279530626,-0.7474021311934581,4.404929477591172,0.5956752279530635,0.4939196295741299,0.5969389107380383,0.7061909100247618
2008,post_law_pre_zae_2002_2008,"Pós-Lei / pré-ZAE, 2002–2008",12_20,>12–20%,10839.99292515119,10004428.340729523,155,1040,930433.2869229635,125821778.32868202,0.011650478414202201,0.07951269226695502,0.14652350564469652,-2.7707959711489742,1.0835194731736904,0.14652350564469677,0.10370948918399155,0.1468533670304246,0.19275158344679968
2008,post_law_pre_zae_2002_2008,"Pós-Lei / pré-ZAE, 2002–2008",gt_20,>20%,818.807841166328,7085159.474872141,54,895,930433.2869229635,125821778.32868202,0.0008800285336675862,0.05631107403651301,0.015627983460179812,-5.99972455601081,0.11556660708488911,0.01562798346017983,0.0093460216877714,0.01538205118752494,0.02435089100603762
2009,zae_2009_2019,"Vigência do ZAE-Cana, 2009–2019",00_03,0–3%,257088.93694085046,44149339.17602119,305,1144,713102.226136417,125136692.51415564,0.36052185439632767,0.3528089027207344,1.021861556259249,0.031199750455911765,5.823166138814668,1.0218615562592501,0.9210145703718663,1.0168056859334196,1.1346547873225794
2009,zae_2009_2019,"Vigência do ZAE-Cana, 2009–2019",03_06,>3–6%,303922.72953426227,37859834.718974575,306,1140,713102.226136417,125136692.51415564,0.42619798171282336,0.3025478295639931,1.4086962128501288,0.4943605261484781,8.027576765461747,1.408696212850126,1.3339042025563277,1.4102237660739907,1.4850149326347064
2009,zae_2009_2019,"Vigência do ZAE-Cana, 2009–2019",06_09,>6–9%,116967.24130560744,17599216.41480235,274,1113,713102.226136417,125136692.51415564,0.1640259096361754,0.1406399359069803,1.166282596606576,0.2219174037398156,6.64616188293637,1.166282596606577,1.0435627107056507,1.1677426586741724,1.2905791762559253
2009,zae_2009_2019,"Vigência do ZAE-Cana, 2009–2019",09_12,>9–12%,26865.68093931628,8509502.764075957,214,1074,713102.226136417,125136692.51415564,0.03767437536252601,0.06800165957010051,0.5540214106640857,-0.8519863632662869,3.157138752305654,0.5540214106640857,0.46507471266217787,0.5551921334636922,0.6558440701570318
2009,zae_2009_2019,"Vigência do ZAE-Cana, 2009–2019",12_20,>12–20%,7689.998701828601,9968313.405971916,164,1041,713102.226136417,125136692.51415564,0.010783865790873998,0.07965939650230316,0.13537468603044472,-2.884970103039693,0.7714443144636284,0.13537468603044497,0.10181217390683946,0.13513247452074556,0.1763468536653137
2009,zae_2009_2019,"Vigência do ZAE-Cana, 2009–2019",gt_20,>20%,567.6387145519257,7050486.034309658,47,896,713102.226136417,125136692.51415564,0.0007960131012735556,0.056342275735888556,0.014128167364147062,-6.145281851217411,0.08051057924086867,0.014128167364147046,0.008567226268466406,0.01395797657194943,0.02061911641443382
2010,zae_2009_2019,"Vigência do ZAE-Cana, 2009–2019",00_03,0–3%,158294.26997469921,43949152.12925698,295,1143,412567.68418906344,124310179.23895027,0.3836807293470887,0.353544274477937,1.085240964271456,0.11801541074556987,3.601759358386407,1.0852409642714562,0.9910173778478488,1.0827043536498206,1.1757473104456153
2010,zae_2009_2019,"Vigência do ZAE-Cana, 2009–2019",03_06,>3–6%,173692.3180744648,37536571.34490262,306,1139,412567.68418906344,124310179.23895027,0.42100320682137693,0.30195895118733157,1.3942398632858934,0.4794787820129173,4.627282456847296,1.3942398632858932,1.320766119577306,1.3961613502014987,1.4656370974563824
2010,zae_2009_2019,"Vigência do ZAE-Cana, 2009–2019",06_09,>6–9%,61675.39115488763,17453640.77060517,277,1113,412567.68418906344,124310179.23895027,0.14949157076157288,0.14040395466774774,1.0647247872421406,0.09048056717268273,3.533669104658051,1.0647247872421401,0.9608899557457133,1.063700461355374,1.1799919858961196
2010,zae_2009_2019,"Vigência do ZAE-Cana, 2009–2019",09_12,>9–12%,13908.647290215773,8456116.232991088,216,1076,412567.68418906344,124310179.23895027,0.03371240119679851,0.06802432660592225,0.4955933102006405,-1.012771381592665,1.6448032296377295,0.49559331020064074,0.4127775256584332,0.49691119680290236,0.5841371609732696
2010,zae_2009_2019,"Vigência do ZAE-Cana, 2009–2019",12_20,>12–20%,4590.6766747268975,9914512.14297168,156,1041,412567.68418906344,124310179.23895027,0.011127087386280047,0.07975623720977754,0.13951369542438677,-2.8415213430764714,0.4630259773277087,0.139513695424387,0.10750403560354754,0.13899386272590997,0.179742587753737
2010,zae_2009_2019,"Vigência do ZAE-Cana, 2009–2019",gt_20,>20%,406.3810200691223,7000186.618222738,46,894,412567.68418906344,124310179.23895027,0.0009850044868829184,0.05631225585128398,0.017491831431584517,-5.83717483939806,0.05805288376330423,0.017491831431584493,0.011536351967567759,0.017301122889194116,0.025272781236517897
2011,zae_2009_2019,"Vigência do ZAE-Cana, 2009–2019",00_03,0–3%,148673.5085999068,43839507.08628434,303,1143,379246.0529671519,123760194.75731605,0.39202387852612414,0.3542294610334942,1.106694732229108,0.14625732777966416,3.391313417536597,1.1066947322291072,1.0052661055188183,1.1036792765267436,1.204479919727243
2011,zae_2009_2019,"Vigência do ZAE-Cana, 2009–2019",03_06,>3–6%,160374.81478131143,37323793.6108916,285,1139,379246.0529671519,123760194.75731605,0.42287800631428635,0.30158156816156123,1.402201099000006,0.48769327069282714,4.296851934539468,1.4022010990000051,1.3237247192475403,1.4032302146114792,1.4804703535692953
2011,zae_2009_2019,"Vigência do ZAE-Cana, 2009–2019",06_09,>6–9%,55051.76602639965,17351192.00839886,260,1114,379246.0529671519,123760194.75731605,0.14516107839668912,0.1402001026454683,1.0353849651862659,0.050167274104699025,3.1727944685155807,1.0353849651862677,0.9252965075116665,1.0370797749893534,1.1541629678856982
2011,zae_2009_2019,"Vigência do ZAE-Cana, 2009–2019",09_12,>9–12%,11373.514858862933,8414957.850227334,204,1076,379246.0529671519,123760194.75731605,0.029989804165076017,0.06799405791763984,0.44106507367750003,-1.1809365716534144,1.351583104905947,0.4410650736775002,0.36791787580309737,0.4415600834078696,0.5213094651849368
2011,zae_2009_2019,"Vigência do ZAE-Cana, 2009–2019",12_20,>12–20%,3514.4151117848414,9865521.660951992,136,1042,379246.0529671519,123760194.75731605,0.009266846903978826,0.07971482010267922,0.11624998829630888,-3.1046975239127836,0.3562320607631924,0.11624998829630916,0.08494149022677747,0.11642289598314981,0.15606457538144164
2011,zae_2009_2019,"Vigência do ZAE-Cana, 2009–2019",gt_20,>20%,258.033588886261,6965222.540561931,36,896,379246.0529671519,123760194.75731605,0.0006803856938456004,0.05627999013915727,0.012089300160914853,-6.370125459133181,0.0370459934888805,0.012089300160914857,0.007413102153677519,0.01214368384389809,0.01781224666118456
2012,zae_2009_2019,"Vigência do ZAE-Cana, 2009–2019",00_03,0–3%,184283.18080151782,43801843.583703265,298,1143,498589.61697862565,123354473.17988507,0.3696089419556003,0.35508921934130444,1.040890350434266,0.057818100129638506,4.207201471996523,1.0408903504342648,0.9531922032542125,1.04043797264801,1.1299256259477455
2012,zae_2009_2019,"Vigência do ZAE-Cana, 2009–2019",03_06,>3–6%,222571.03356154478,37158484.47418511,283,1140,498589.61697862565,123354473.17988507,0.44640126064054464,0.30123337659589955,1.4819116848375864,0.5674594721758953,5.989776943571803,1.4819116848375877,1.4090520585406043,1.4818135664141368,1.5514627133046828
2012,zae_2009_2019,"Vigência do ZAE-Cana, 2009–2019",06_09,>6–9%,73656.2788407148,17265596.456829183,259,1114,498589.61697862565,123354473.17988507,0.14772926738238198,0.13996733163985994,1.055455338410635,0.07786553234047587,4.266072071410022,1.0554553384106353,0.9500706505373324,1.053804775205618,1.1713644375148793
2012,zae_2009_2019,"Vigência do ZAE-Cana, 2009–2019",09_12,>9–12%,13748.1700096495,8380387.014228503,210,1078,498589.61697862565,123354473.17988507,0.027574120161108127,0.0679374391393782,0.4058751773751432,-1.3008919848907914,1.6405173157644624,0.40587517737514295,0.33796358016231043,0.40427286581183214,0.48316061154079404
2012,zae_2009_2019,"Vigência do ZAE-Cana, 2009–2019",12_20,>12–20%,4085.853016182956,9821228.794073846,143,1042,498589.61697862565,123354473.17988507,0.00819482170716386,0.07961793797093818,0.10292682674292697,-3.2803090410829308,0.41602258758581917,0.10292682674292707,0.07617403605847467,0.10262856723271606,0.1364025060290144
2012,zae_2009_2019,"Vigência do ZAE-Cana, 2009–2019",gt_20,>20%,245.1007490158081,6926932.856865169,42,896,498589.61697862565,123354473.17988507,0.0004915881532011837,0.056154695312619726,0.00875417719683911,-6.835812698216111,0.03538373390943046,0.008754177196839099,0.005697111849593699,0.008766773248932706,0.012707449008151468
2013,zae_2009_2019,"Vigência do ZAE-Cana, 2009–2019",00_03,0–3%,261959.60626671175,43710276.30310446,303,1142,687668.174934463,122842679.03035767,0.38093897000784915,0.3558232093937197,1.0705849420472704,0.0983992661659702,5.993089690172158,1.0705849420472706,0.9716263821940664,1.068337399629978,1.175300774372548
2013,zae_2009_2019,"Vigência do ZAE-Cana, 2009–2019",03_06,>3–6%,300261.610391643,36932824.49765294,307,1139,687668.174934463,122842679.03035767,0.436637351176327,0.3006514086893682,1.4523043583256878,0.5383438295274477,8.129939003466264,1.4523043583256905,1.3731408224874855,1.4541651106693718,1.526010530571778
2013,zae_2009_2019,"Vigência do ZAE-Cana, 2009–2019",06_09,>6–9%,100566.32176687577,17175379.19471525,277,1114,687668.174934463,122842679.03035767,0.14624251264275837,0.1398160584764743,1.0459636341941752,0.06483269319121004,5.855260639475102,1.0459636341941725,0.9278593513396044,1.0463700520740258,1.1634892413321944
2013,zae_2009_2019,"Vigência do ZAE-Cana, 2009–2019",09_12,>9–12%,19262.611732938243,8349104.101787727,234,1078,687668.174934463,122842679.03035767,0.02801149222119234,0.06796582562095087,0.41214083644645133,-1.2787906765978734,2.307147149933571,0.41214083644645094,0.34386776412526043,0.41258268646502766,0.4965858131523947
2013,zae_2009_2019,"Vigência do ZAE-Cana, 2009–2019",12_20,>12–20%,5182.632961347056,9782247.323820833,171,1042,687668.174934463,122842679.03035767,0.007536531644555134,0.07963231835251151,0.09464162039327893,-3.401381414984015,0.5297998291994501,0.0946416203932789,0.0708410624587454,0.09460572054939234,0.12352789499023271
2013,zae_2009_2019,"Vigência do ZAE-Cana, 2009–2019",gt_20,>20%,435.3918149471283,6892847.609276456,53,894,687668.174934463,122842679.03035767,0.0006331423073179482,0.05611117946697541,0.011283710542755355,-6.469614627236264,0.06316573927460316,0.011283710542755348,0.007431311169403368,0.011215552208407868,0.016321197463586738
2014,zae_2009_2019,"Vigência do ZAE-Cana, 2009–2019",00_03,0–3%,262052.2095423549,43587519.81951131,307,1141,685261.6555436527,122220356.79780121,0.3824118968607044,0.356630605256877,1.072291304290212,0.10069688915785555,6.012092695970535,1.072291304290212,0.9675106439636298,1.0694059628930894,1.1723999646156689
2014,zae_2009_2019,"Vigência do ZAE-Cana, 2009–2019",03_06,>3–6%,292335.1013420629,36641031.34024957,315,1138,685261.6555436527,122220356.79780121,0.42660361772342076,0.2997948320578684,1.4229852289150697,0.5089206862624414,7.978353519239988,1.4229852289150684,1.3464675240595176,1.4243693317245378,1.5001266384445295
2014,zae_2009_2019,"Vigência do ZAE-Cana, 2009–2019",06_09,>6–9%,103489.3998724311,17066457.221028443,289,1112,685261.6555436527,122220356.79780121,0.15102172875896247,0.13963678120546508,1.081532583716215,0.11307713054045682,6.063906441280419,1.0815325837162164,0.9572920657398523,1.0814845720297246,1.214310132649165
2014,zae_2009_2019,"Vigência do ZAE-Cana, 2009–2019",09_12,>9–12%,20966.52660941797,8316897.762413488,246,1080,685261.6555436527,122220356.79780121,0.030596380871163974,0.06804838392161454,0.4496268553035467,-1.153199887495395,2.520955193674724,0.44962685530354657,0.3782693449954773,0.45042278996300444,0.5379009704211098
2014,zae_2009_2019,"Vigência do ZAE-Cana, 2009–2019",12_20,>12–20%,5805.706410811929,9747640.118164167,187,1043,685261.6555436527,122220356.79780121,0.008472247591623917,0.0797546364088141,0.10622890371157914,-3.2347517339440492,0.5956012265977413,0.1062289037115793,0.08253784586165092,0.10690361286000694,0.13523899648555707
2014,zae_2009_2019,"Vigência do ZAE-Cana, 2009–2019",gt_20,>20%,612.711766573962,6860810.53643424,65,895,685261.6555436527,122220356.79780121,0.0008941281941244279,0.056134761149360904,0.015928244385780336,-5.972268928279175,0.08930603218383085,0.01592824438578033,0.010936624875142097,0.015860439071589093,0.022433871540598293
2015,zae_2009_2019,"Vigência do ZAE-Cana, 2009–2019",00_03,0–3%,155222.4710747672,43497741.0830424,314,1141,406727.4177813203,121739494.47929896,0.3816375889324078,0.3573018047190833,1.0681098832748905,0.09506007389914252,3.5685179784032677,1.0681098832748914,0.9808084360714988,1.066402266702871,1.157530939690783
2015,zae_2009_2019,"Vigência do ZAE-Cana, 2009–2019",03_06,>3–6%,174929.98561504495,36399066.214077614,314,1138,406727.4177813203,121739494.47929896,0.43009145183592523,0.2989914355219131,1.4384741525628209,0.5245392980292602,4.805892123336654,1.43847415256282,1.3696689429244353,1.4393349259289874,1.5089164346968376
2015,zae_2009_2019,"Vigência do ZAE-Cana, 2009–2019",06_09,>6–9%,58628.32205546417,16975126.163502667,283,1112,406727.4177813203,121739494.47929896,0.1441464713032601,0.13943811937209236,1.0337666052322712,0.047910503368831805,3.4537782806891806,1.033766605232271,0.9412214970273389,1.0331352212546432,1.1395850355749473
2015,zae_2009_2019,"Vigência do ZAE-Cana, 2009–2019",09_12,>9–12%,12870.572027120403,8293021.069267558,238,1081,406727.4177813203,121739494.47929896,0.031644220341300794,0.06812104079073315,0.46452931390921315,-1.1061584547981753,1.5519762845914409,0.4645293139092134,0.3875243626679355,0.4647332192898084,0.5506191277652486
2015,zae_2009_2019,"Vigência do ZAE-Cana, 2009–2019",12_20,>12–20%,4440.519816826839,9728568.379698021,180,1043,406727.4177813203,121739494.47929896,0.010917680054739545,0.07991300129270952,0.13661957226146088,-2.8717639144670084,0.4564412402233302,0.1366195722614613,0.10596787404645239,0.13612598301792828,0.17383016478031885
2015,zae_2009_2019,"Vigência do ZAE-Cana, 2009–2019",gt_20,>20%,635.5471920967102,6845971.569710712,64,893,406727.4177813203,121739494.47929896,0.0015625875323664962,0.056234598303468615,0.02778694219409253,-5.1694491074543105,0.09283520762905627,0.02778694219409256,0.018107053789086305,0.027681803765839702,0.03950987442495411
2016,zae_2009_2019,"Vigência do ZAE-Cana, 2009–2019",00_03,0–3%,120928.6708187524,43494687.80525603,315,1142,307556.6651197564,121477436.73233473,0.39319151406348224,0.35804746111899693,1.0981547329916834,0.13508134832488752,2.7803089738268914,1.0981547329916825,0.9833260115043893,1.0957328700485167,1.2017743421471876
2016,zae_2009_2019,"Vigência do ZAE-Cana, 2009–2019",03_06,>3–6%,127315.50959533337,36247163.71745255,308,1139,307556.6651197564,121477436.73233473,0.4139578947045718,0.29838597761426355,1.3873235532526031,0.47230429396018664,3.512426809108724,1.3873235532526034,1.3121221291677831,1.389045114033349,1.4642690016116409
2016,zae_2009_2019,"Vigência do ZAE-Cana, 2009–2019",06_09,>6–9%,44845.806437397936,16921878.59934546,275,1114,307556.6651197564,121477436.73233473,0.14581315095199082,0.13930058992462435,1.0467518553287565,0.06591947520381719,2.6501671297377456,1.046751855328756,0.92858940764832,1.04665918150486,1.1736101837922641
2016,zae_2009_2019,"Vigência do ZAE-Cana, 2009–2019",09_12,>9–12%,10053.133652230805,8276579.833729282,239,1083,307556.6651197564,121477436.73233473,0.03268709409472988,0.06813265126729688,0.47975667300091424,-1.059625221685312,1.2146483033077975,0.47975667300091396,0.40283079315553055,0.48221123423287304,0.572924308313099
2016,zae_2009_2019,"Vigência do ZAE-Cana, 2009–2019",12_20,>12–20%,3752.44857694308,9707502.784565296,172,1041,307556.6651197564,121477436.73233473,0.01220083647181553,0.07991198238694283,0.1526784357912397,-2.7114317837280737,0.3865513778589264,0.15267843579124024,0.11871139622289063,0.15379013497051008,0.19711170441260742
2016,zae_2009_2019,"Vigência do ZAE-Cana, 2009–2019",gt_20,>20%,661.0960390988519,6829623.991986119,67,893,307556.6651197564,121477436.73233473,0.0021495097134098338,0.056221337687875475,0.03823298771977442,-4.709038245681664,0.09679830688696507,0.03823298771977443,0.02502717151080378,0.038169153178091365,0.05550778808120521
2017,zae_2009_2019,"Vigência do ZAE-Cana, 2009–2019",00_03,0–3%,109625.04534070072,43457716.10411269,321,1142,292772.33388846717,121220036.50222956,0.37443785717288036,0.35850274721962644,1.0444490595311722,0.06274213017053998,2.522568030912378,1.0444490595311713,0.9469821265860396,1.0430351378690728,1.1518775722523682
2017,zae_2009_2019,"Vigência do ZAE-Cana, 2009–2019",03_06,>3–6%,121345.29606825791,36111379.240759246,318,1139,292772.33388846717,121220036.50222956,0.4144698184306066,0.2978994255631581,1.3913078806616705,0.4764417072664819,3.3603063250293794,1.3913078806616717,1.3057289249879946,1.3925945279759304,1.4684254045335283
2017,zae_2009_2019,"Vigência do ZAE-Cana, 2009–2019",06_09,>6–9%,44679.38938042042,16872868.73628736,294,1113,292772.33388846717,121220036.50222956,0.1526079626001862,0.13919207767254732,1.0963839692026156,0.1327531390397633,2.6480019538308515,1.0963839692026167,0.9876854622112964,1.0939840427734753,1.2060779774415893
2017,zae_2009_2019,"Vigência do ZAE-Cana, 2009–2019",09_12,>9–12%,11191.415366509382,8263911.056373038,237,1083,292772.33388846717,121220036.50222956,0.03822565888610499,0.06817281445234545,0.5607170423164164,-0.8346551754456617,1.3542516721399953,0.5607170423164162,0.47827846050690137,0.5597974013665641,0.6520095162386417
2017,zae_2009_2019,"Vigência do ZAE-Cana, 2009–2019",12_20,>12–20%,4973.570359112235,9695775.010531876,182,1041,292772.33388846717,121220036.50222956,0.01698784271401456,0.07998492073011004,0.21238806713750413,-2.235225383195186,0.5129626413267404,0.2123880671375044,0.16812653223606994,0.212103746998677,0.2637429052944987
2017,zae_2009_2019,"Vigência do ZAE-Cana, 2009–2019",gt_20,>20%,957.6173734664917,6818386.35416535,81,891,292772.33388846717,121220036.50222956,0.0032708601962072687,0.056248014362212655,0.05815067844251989,-4.1040601660908616,0.14044633491346287,0.05815067844251987,0.038203823043563116,0.05805108937836975,0.08403524088783017
2018,zae_2009_2019,"Vigência do ZAE-Cana, 2009–2019",00_03,0–3%,64288.53239355181,43418627.47134806,290,1141,180415.3603452636,121018115.54869774,0.35633624692776644,0.35877791745878235,0.9931944793361024,-0.009851852559643519,1.4806670808738898,0.9931944793361029,0.9180978316036709,0.9928915786182437,1.0765118089041104
2018,zae_2009_2019,"Vigência do ZAE-Cana, 2009–2019",03_06,>3–6%,78917.44337579315,36004544.4693678,302,1139,180415.3603452636,121018115.54869774,0.43742086718540846,0.29751367641218607,1.4702546533672287,0.5560660566479152,2.191874513033628,1.470254653367228,1.3935973972831734,1.4706117857207452,1.540391431355753
2018,zae_2009_2019,"Vigência do ZAE-Cana, 2009–2019",06_09,>6–9%,28158.96596497274,16833702.492483135,282,1113,180415.3603452636,121018115.54869774,0.15607853960485685,0.13910068270489012,1.1220544469647658,0.16614268348701364,1.6727731749772072,1.1220544469647646,1.0056625323670063,1.1179262073383898,1.2330956770095074
2018,zae_2009_2019,"Vigência do ZAE-Cana, 2009–2019",09_12,>9–12%,6278.767203227211,8253858.769446176,223,1083,180415.3603452636,121018115.54869774,0.03480173301880416,0.06820349773274084,0.5102631708886348,-0.9706865783731571,0.7607068861499928,0.510263170888635,0.43017884772772896,0.5104848200813499,0.6007478786578521
2018,zae_2009_2019,"Vigência do ZAE-Cana, 2009–2019",12_20,>12–20%,2403.913373231888,9691749.794366883,167,1042,180415.3603452636,121018115.54869774,0.013324327643896188,0.0800851157731581,0.1663770791271312,-2.5874714000339845,0.24803708558686788,0.16637707912713148,0.13231665028420955,0.16604432167345518,0.2073143218012991
2018,zae_2009_2019,"Vigência do ZAE-Cana, 2009–2019",gt_20,>20%,367.73803448677063,6815632.551685677,56,891,180415.3603452636,121018115.54869774,0.0020382856192678097,0.056319109918242474,0.036191722884590244,-4.78819640182413,0.05395508512204341,0.036191722884590265,0.02290189691599202,0.03605090158853014,0.05434156343503773
2019,zae_2009_2019,"Vigência do ZAE-Cana, 2009–2019",00_03,0–3%,78619.15516317685,43451367.09321666,315,1142,205184.1452004498,120921274.27450667,0.3831638896191113,0.359336000665826,1.0663108870503757,0.09262812272779206,1.8093597606380114,1.066310887050375,0.9662779490524425,1.0636796367023713,1.1746543058170156
2019,zae_2009_2019,"Vigência do ZAE-Cana, 2009–2019",03_06,>3–6%,87049.2782741612,35928897.26132761,316,1141,205184.1452004498,120921274.27450667,0.42424953540694127,0.29712635329796844,1.427842164446078,0.5138365107703331,2.4228207629366203,1.427842164446079,1.3488717238629213,1.4290524995660645,1.5052102662864166
2019,zae_2009_2019,"Vigência do ZAE-Cana, 2009–2019",06_09,>6–9%,30119.80747269462,16804535.748290304,280,1114,205184.1452004498,120921274.27450667,0.1467940295448744,0.13897087877309225,1.0562934540016513,0.0790106924794865,1.792361772074484,1.0562934540016509,0.9465586406044691,1.0585803442550803,1.1761540518489502
2019,zae_2009_2019,"Vigência do ZAE-Cana, 2009–2019",09_12,>9–12%,6513.223249176437,8245413.142942694,220,1083,205184.1452004498,120921274.27450667,0.031743306690746,0.06818827532551928,0.4655244107466984,-1.103071274386119,0.7899207882325642,0.4655244107466979,0.3886683194471704,0.4661089741958451,0.5568756866927352
2019,zae_2009_2019,"Vigência do ZAE-Cana, 2009–2019",12_20,>12–20%,2498.8653886318207,9683653.23605733,165,1042,205184.1452004498,120921274.27450667,0.012178647556762309,0.08008229564364501,0.15207665388309524,-2.71712940081412,0.2580498627653489,0.15207665388309544,0.11905605595884461,0.15217155693030865,0.19296954721013793
2019,zae_2009_2019,"Vigência do ZAE-Cana, 2009–2019",gt_20,>20%,383.81565260887146,6807407.792672081,42,892,205184.1452004498,120921274.27450667,0.0018705911815647932,0.056296196293949066,0.03322766553885012,-4.911471251960862,0.05638205676792782,0.03322766553885011,0.020401091308170548,0.03353080617295857,0.049691912600724614
2020,post_zae_2020_2023,"Pós-revogação, 2020–2023",00_03,0–3%,110376.28356582698,43556202.09913773,322,1143,295967.5732102899,120971120.41858935,0.3729337047589426,0.3600545481303532,1.035770015114284,0.05070369907852269,2.5341117509419413,1.0357700151142848,0.9468276003597748,1.0321044695452135,1.132759646580447
2020,post_zae_2020_2023,"Pós-revogação, 2020–2023",03_06,>3–6%,126961.6932623723,35894239.12590154,327,1142,295967.5732102899,120971120.41858935,0.4289716332274141,0.2967174231477628,1.4457244494664874,0.5317926053524445,3.5371050161293383,1.445724449466486,1.3722048542824332,1.4470612858554044,1.5208111480474635
2020,post_zae_2020_2023,"Pós-revogação, 2020–2023",06_09,>6–9%,44347.34853329285,16787946.900670182,293,1116,295967.5732102899,120971120.41858935,0.1498385382299409,0.1387764851857189,1.0797112927987629,0.11064559745419349,2.6416183465247007,1.0797112927987627,0.9737171482508954,1.0807964902219012,1.1886748239211251
2020,post_zae_2020_2023,"Pós-revogação, 2020–2023",09_12,>9–12%,10129.535564751719,8242992.28224451,248,1083,295967.5732102899,120971120.41858935,0.03422515329932619,0.06814016646057143,0.5022757512506255,-0.9934484682847879,1.2288663167343785,0.5022757512506253,0.42659381946727265,0.5021364263513639,0.5941913614438213
2020,post_zae_2020_2023,"Pós-revogação, 2020–2023",12_20,>12–20%,3534.024608569987,9684535.149668513,190,1043,295967.5732102899,120971120.41858935,0.011940580416419483,0.08005658801999747,0.14915175267570516,-2.745147164068468,0.3649142218964378,0.14915175267570527,0.11785310120068115,0.14874627110822386,0.1883398140530067
2020,post_zae_2020_2023,"Pós-revogação, 2020–2023",gt_20,>20%,618.6876754760742,6805204.86096687,62,892,295967.5732102899,120971120.41858935,0.0020903900679568243,0.056254789055596194,0.03715932639780957,-4.750131840135637,0.09091389430827101,0.03715932639780957,0.024352701694479128,0.037241239516276475,0.05350626381261432
2021,post_zae_2020_2023,"Pós-revogação, 2020–2023",00_03,0–3%,45777.18581703224,43666921.29750489,300,1144,136821.05644868963,121007167.65836583,0.3345770527228717,0.36086227074405847,0.9271599716784203,-0.10910981274014434,1.0483263865833365,0.927159971678421,0.8527637722552602,0.9282058565061411,1.0047405842798853
2021,post_zae_2020_2023,"Pós-revogação, 2020–2023",03_06,>3–6%,61336.036376075186,35836007.595636435,289,1141,136821.05644868963,121007167.65836583,0.4482938369875642,0.2961478091678887,1.513750306805149,0.5981272523233842,1.711575604854592,1.513750306805148,1.446267841824863,1.5150127198615595,1.58185268910814
2021,post_zae_2020_2023,"Pós-revogação, 2020–2023",06_09,>6–9%,22697.040505366233,16759222.571010198,261,1118,136821.05644868963,121007167.65836583,0.16588850498956667,0.13849776749031734,1.1977702456551458,0.2603511992431476,1.3543015142377286,1.197770245655145,1.0814256785425436,1.1977353185992508,1.321111998320802
2021,post_zae_2020_2023,"Pós-revogação, 2020–2023",09_12,>9–12%,4913.457014967414,8240721.654482273,211,1082,136821.05644868963,121007167.65836583,0.03591155588547914,0.06810110354576629,0.5273270771793784,-0.9232300167938123,0.5962411086042322,0.5273270771793779,0.4475169083417481,0.5264980844463467,0.6246875601033921
2021,post_zae_2020_2023,"Pós-revogação, 2020–2023",12_20,>12–20%,1752.9532840251923,9694147.802345652,134,1044,136821.05644868963,121007167.65836583,0.012812013951102486,0.0801121783935536,0.1599259214767955,-2.644524298938747,0.18082592918596077,0.1599259214767956,0.1243175425772959,0.1597542634742253,0.2055788588972716
2021,post_zae_2020_2023,"Pós-revogação, 2020–2023",gt_20,>20%,344.3834512233734,6810146.737386383,42,892,136821.05644868963,121007167.65836583,0.002517035463415848,0.05627887065841561,0.04472434208378106,-4.482795930067642,0.05056916752362693,0.04472434208378108,0.02638154562222969,0.04395241734672164,0.06881910345098174
2022,post_zae_2020_2023,"Pós-revogação, 2020–2023",00_03,0–3%,41501.38414791893,43911762.35653255,280,1145,131109.83395652397,121359875.78891744,0.3165390641992636,0.3618309764333375,0.8748257745079536,-0.19293236854911133,0.9451085978047737,0.8748257745079534,0.8050384634768083,0.8743122342117002,0.9445522331261181
2022,post_zae_2020_2023,"Pós-revogação, 2020–2023",03_06,>3–6%,58502.98509126738,35894294.34936401,281,1140,131109.83395652397,121359875.78891744,0.4462135548937311,0.2957673952451579,1.5086637745308955,0.5932713182137858,1.6298686504838327,1.5086637745308946,1.440177497008511,1.5076251446985012,1.574923366641772
2022,post_zae_2020_2023,"Pós-revogação, 2020–2023",06_09,>6–9%,23472.068300170526,16771176.690473424,255,1119,131109.83395652397,121359875.78891744,0.1790259936409794,0.13819375293069447,1.2954709590292601,0.37347667454226247,1.3995480897594639,1.2954709590292603,1.1800712701365343,1.2982661916811478,1.4198963183000861
2022,post_zae_2020_2023,"Pós-revogação, 2020–2023",09_12,>9–12%,5559.369986735138,8250662.5747492,203,1082,131109.83395652397,121359875.78891744,0.04240238751716081,0.0679850940940288,0.6237012404294819,-0.681072966706363,0.6738089136925017,0.6237012404294815,0.5295078941547514,0.6229964030254246,0.7347257366695952
2022,post_zae_2020_2023,"Pós-revogação, 2020–2023",12_20,>12–20%,1849.0640009085337,9711818.605919963,125,1047,131109.83395652397,121359875.78891744,0.014103167894497398,0.08002495505855522,0.17623462436408668,-2.504430700191858,0.1903931772141433,0.17623462436408682,0.13305718429023808,0.17605270604651221,0.23022834550230276
2022,post_zae_2020_2023,"Pós-revogação, 2020–2023",gt_20,>20%,224.96242952346802,6820161.21187828,31,892,131109.83395652397,121359875.78891744,0.0017158318543677325,0.05619782623822606,0.030531996862195612,-5.033534241599917,0.032984913777648533,0.030531996862195626,0.014924781427217322,0.029838182914069332,0.05460141670243441
2023,post_zae_2020_2023,"Pós-revogação, 2020–2023",00_03,0–3%,5553.926227257299,44247673.97556767,254,1146,19024.980844041416,121828305.16764665,0.2919280851206101,0.3631969919853922,0.8037734110208475,-0.31513924133100424,0.12551905508804875,0.8037734110208479,0.7278317167332132,0.8039839530372754,0.8857601620708059
2023,post_zae_2020_2023,"Pós-revogação, 2020–2023",03_06,>3–6%,8332.610733940088,35975129.915010944,258,1141,19024.980844041416,121828305.16764665,0.4379826083530509,0.295293691113128,1.4832101786599239,0.5687230497312913,0.23162142162169738,1.483210178659925,1.3969148031856677,1.4825163874661786,1.566597178383718
2023,post_zae_2020_2023,"Pós-revogação, 2020–2023",06_09,>6–9%,3735.037874398512,16781005.771079846,209,1119,19024.980844041416,121828305.16764665,0.19632281919318295,0.13774307824431836,1.4252826471974165,0.5112480478911654,0.22257532863944454,1.4252826471974143,1.298560579972724,1.4238337374721728,1.5587928987640152
2023,post_zae_2020_2023,"Pós-revogação, 2020–2023",09_12,>9–12%,987.492229902043,8257305.256530332,124,1084,19024.980844041416,121828305.16764665,0.05190503149501586,0.06777821660711393,0.765806981849209,-0.38494728161321695,0.11959013252187567,0.7658069818492085,0.654061250432261,0.7664416153958847,0.8949875623207686
2023,post_zae_2020_2023,"Pós-revogação, 2020–2023",12_20,>12–20%,348.21718430519104,9731050.560465422,71,1048,19024.980844041416,121828305.16764665,0.018303155580535153,0.0798751205401292,0.22914714189807903,-2.125653803480974,0.03578413061791103,0.22914714189807872,0.1726409859182485,0.2271145860578679,0.3054969438465918
2023,post_zae_2020_2023,"Pós-revogação, 2020–2023",gt_20,>20%,67.69659423828125,6836139.688992433,14,893,19024.980844041416,121828305.16764665,0.0035583002576049204,0.05611290150991835,0.06341322872024299,-3.9790723554308856,0.0099027517455921,0.06341322872024292,0.028643209360460557,0.06038279900158312,0.10591376987499182
