earlier_period,later_period,contrast,slope_bin,slope_label,selection_ratio_earlier,selection_ratio_later,ratio_of_selection_ratios,log2_difference,log2_ci_low,log2_boot_median,log2_ci_high,ratio_of_ratios_ci_low,ratio_of_ratios_ci_high,bootstrap_sign_p,difference_supported,p_fdr_bh,direction
pre_law_1987_2001,post_law_pre_zae_2002_2008,Pós-Lei versus pré-Lei,00_03,0–3%,0.8654525644239347,0.8956862607533582,1.034933972781683,0.04953872890431508,-0.06338622902848955,0.0466856196752917,0.17165839310146835,0.9570152179443071,1.1263524948295685,0.404,False,0.45450000000000007,diferença não conclusiva
pre_law_1987_2001,post_law_pre_zae_2002_2008,Pós-Lei versus pré-Lei,03_06,>3–6%,1.3836482819975289,1.4437053075491275,1.043404835125366,0.0612990239251265,0.01864733202835139,0.06119174898846913,0.10232735541301154,1.0130092389606022,1.0735038426666692,0.009333333333333334,True,0.014000000000000002,seleção mais forte no período posterior
pre_law_1987_2001,post_law_pre_zae_2002_2008,Pós-Lei versus pré-Lei,06_09,>6–9%,1.4718368281173944,1.3406440631304475,0.9108645996073127,-0.13469148212583196,-0.2517448460683714,-0.13146731072230924,-0.02597661579020558,0.8398800203418093,0.9821555145975696,0.021333333333333333,True,0.025599999999999998,seleção mais fraca no período posterior
pre_law_1987_2001,post_law_pre_zae_2002_2008,Pós-Lei versus pré-Lei,09_12,>9–12%,0.8304438850278071,0.6506168086434909,0.7834566794620991,-0.3520745905188763,-0.5313235065364642,-0.3472157278798643,-0.18160203638749295,0.6919196861886856,0.8817233454178468,0.0,True,0.0,seleção mais fraca no período posterior
pre_law_1987_2001,post_law_pre_zae_2002_2008,Pós-Lei versus pré-Lei,12_20,>12–20%,0.21326693205927802,0.16288398316343405,0.7637563948177399,-0.3888155404362339,-0.5974960799822853,-0.3871258945276836,-0.16844913362385935,0.6609000087704003,0.8897986818254985,0.0013333333333333333,True,0.0024,seleção mais fraca no período posterior
pre_law_1987_2001,post_law_pre_zae_2002_2008,Pós-Lei versus pré-Lei,gt_20,>20%,0.028894981444485,0.018938094072970514,0.6554111865188654,-0.6095277979640229,-0.9715936412264942,-0.6095423698283398,-0.25333931092000833,0.5099424549475488,0.838952298690265,0.0,True,0.0,seleção mais fraca no período posterior
post_law_pre_zae_2002_2008,zae_2009_2019,ZAE versus pós-Lei/pré-ZAE,00_03,0–3%,0.8956862607533582,1.059770973739796,1.183194406541892,0.24268713733887787,0.14471859131586634,0.24180616136295496,0.3479883271841203,1.1055149931467536,1.2727846371599816,0.0,True,0.0,seleção mais forte no período posterior
post_law_pre_zae_2002_2008,zae_2009_2019,ZAE versus pós-Lei/pré-ZAE,03_06,>3–6%,1.4437053075491275,1.4286526819879304,0.9895736162480757,-0.01512105881669224,-0.060290641536450654,-0.014669866682183341,0.029879627610175246,0.9590708879713539,1.0209269403152204,0.544,False,0.544,diferença não conclusiva
post_law_pre_zae_2002_2008,zae_2009_2019,ZAE versus pós-Lei/pré-ZAE,06_09,>6–9%,1.3406440631304475,1.0774221674510476,0.8036601191036731,-0.31534260362784317,-0.42966154763783176,-0.3126120946273261,-0.20621199075970137,0.7424359383528086,0.8668101843766401,0.0,True,0.0,seleção mais fraca no período posterior
post_law_pre_zae_2002_2008,zae_2009_2019,ZAE versus pós-Lei/pré-ZAE,09_12,>9–12%,0.6506168086434909,0.47139539289531357,0.724536142676906,-0.46487043607800665,-0.6399021365384643,-0.46009767809863605,-0.2946535244199694,0.6417564800744402,0.8152681025165827,0.0,True,0.0,seleção mais fraca no período posterior
post_law_pre_zae_2002_2008,zae_2009_2019,ZAE versus pós-Lei/pré-ZAE,12_20,>12–20%,0.16288398316343405,0.12854841724095345,0.7892023190025438,-0.34153289958545185,-0.5546524342605632,-0.3361839952257597,-0.1220843603434897,0.6808210579629429,0.9188591524146996,0.004,True,0.006545454545454545,seleção mais fraca no período posterior
post_law_pre_zae_2002_2008,zae_2009_2019,ZAE versus pós-Lei/pré-ZAE,gt_20,>20%,0.018938094072970514,0.020621358172632758,1.0888824447262986,0.12284820973448266,-0.20487297746954997,0.13157636772200915,0.5218105848740098,0.8676150732263851,1.4357559941675238,0.4533333333333333,False,0.48,diferença não conclusiva
zae_2009_2019,post_zae_2020_2023,Pós-revogação versus ZAE,00_03,0–3%,1.059770973739796,0.9643514088567823,0.9099620887461276,-0.1361216545400842,-0.2111807956910443,-0.1342348798897373,-0.05448940323180502,0.8638299271578234,0.9629351835792326,0.0013333333333333333,True,0.0024,seleção mais fraca no período posterior
zae_2009_2019,post_zae_2020_2023,Pós-revogação versus ZAE,03_06,>3–6%,1.4286526819879304,1.4787440174100264,1.0350619405637451,0.04971710460411177,0.006473363258283318,0.04835786054069744,0.08970564423909279,1.0044970751196083,1.0641530391720082,0.018666666666666668,True,0.024,seleção mais forte no período posterior
zae_2009_2019,post_zae_2020_2023,Pós-revogação versus ZAE,06_09,>6–9%,1.0774221674510476,1.1690933190085782,1.0850837808306888,0.11780643946473925,0.027473099413083745,0.11687665519382182,0.1986214742182037,1.0192253738743298,1.147601273524485,0.012,True,0.016615384615384615,seleção mais forte no período posterior
zae_2009_2019,post_zae_2020_2023,Pós-revogação versus ZAE,09_12,>9–12%,0.47139539289531357,0.5446587972256962,1.1554181594359638,0.2084150744681309,0.08181241560408473,0.20742019095414982,0.3345842499914475,1.0583467758757579,1.261013962573636,0.0,True,0.0,seleção mais forte no período posterior
zae_2009_2019,post_zae_2020_2023,Pós-revogação versus ZAE,12_20,>12–20%,0.12854841724095345,0.16045570890576608,1.2482122483469014,0.31986327362468514,0.14853764934531585,0.3211501284709566,0.4849614805314341,1.1084453553746516,1.399548497625856,0.0,True,0.0,seleção mais forte no período posterior
zae_2009_2019,post_zae_2020_2023,Pós-revogação versus ZAE,gt_20,>20%,0.020621358172632758,0.038323408037564205,1.8584327820087225,0.8940865080455638,0.42943355868446165,0.8687589559157107,1.3479273120304631,1.346704720146118,2.5454616181544787,0.0,True,0.0,seleção mais forte no período posterior
