schema,model,variable,coef,std_err,p_value,ci_low,ci_high,n,r2,adj_r2,aic,bic
10y_1985_2024,M0_frontier,Intercept,-11.413000784780467,7.458786996141678,0.12598166596761048,-26.03195466557385,3.2059530960129177,226,0.2846295742187699,0.25825647096416227,1274.8731142445474,1305.657929237998
10y_1985_2024,M0_frontier,C(uf)[T.MG],-0.04120750971341236,0.9085259443999117,0.9638231947335696,-1.821885639757479,1.7394706203306542,226,0.2846295742187699,0.25825647096416227,1274.8731142445474,1305.657929237998
10y_1985_2024,M0_frontier,C(uf)[T.MS],-1.8128701513401175,1.7164430592435083,0.29088669925332744,-5.177036728971144,1.551296426290909,226,0.2846295742187699,0.25825647096416227,1274.8731142445474,1305.657929237998
10y_1985_2024,M0_frontier,C(uf)[T.MT],-4.493262426962389,2.288054220506412,0.049554225665215515,-8.977766293829823,-0.008758560094953793,226,0.2846295742187699,0.25825647096416227,1274.8731142445474,1305.657929237998
10y_1985_2024,M0_frontier,C(uf)[T.PR],-1.6220872322410473,0.9191868106083495,0.07761451552377541,-3.423660276097652,0.17948581161555732,226,0.2846295742187699,0.25825647096416227,1274.8731142445474,1305.657929237998
10y_1985_2024,M0_frontier,C(uf)[T.SP],-1.4484289812776467,1.006439058629674,0.1501045916775131,-3.421013288826204,0.5241553262709104,226,0.2846295742187699,0.25825647096416227,1274.8731142445474,1305.657929237998
10y_1985_2024,M0_frontier,neea_first_c,-0.3697710187516297,0.058188773750159004,2.088613699816636e-10,-0.48381891960649104,-0.2557231178967684,226,0.2846295742187699,0.25825647096416227,1274.8731142445474,1305.657929237998
10y_1985_2024,M0_frontier,frontier_decade_c,1.2224682897762489,0.42701052732764433,0.004198455442988877,0.3855430351946094,2.0593935443578886,226,0.2846295742187699,0.25825647096416227,1274.8731142445474,1305.657929237998
10y_1985_2024,M0_frontier,log_cane_area,1.2676183145673252,0.7074183930234804,0.07315005131658446,-0.11889625775989754,2.6541328868945477,226,0.2846295742187699,0.25825647096416227,1274.8731142445474,1305.657929237998
10y_1985_2024,M1_frontier_plus_slope,Intercept,-12.288948868665782,7.54628307606597,0.10342376979938121,-27.07939191489922,2.5014941775676522,226,0.28490835973201234,0.2551128747208461,1276.7850230909464,1310.9903730836693
10y_1985_2024,M1_frontier_plus_slope,C(uf)[T.MG],-0.09860743166537898,0.896065447069018,0.9123737668265571,-1.8548634357114364,1.6576485723806786,226,0.28490835973201234,0.2551128747208461,1276.7850230909464,1310.9903730836693
10y_1985_2024,M1_frontier_plus_slope,C(uf)[T.MS],-1.8097296648663774,1.7271080431358665,0.2947131908489873,-5.194799226822126,1.5753398970893713,226,0.28490835973201234,0.2551128747208461,1276.7850230909464,1310.9903730836693
10y_1985_2024,M1_frontier_plus_slope,C(uf)[T.MT],-4.3965380886129015,2.240599929248147,0.04973749472994589,-8.788033253702263,-0.005042923523540743,226,0.28490835973201234,0.2551128747208461,1276.7850230909464,1310.9903730836693
10y_1985_2024,M1_frontier_plus_slope,C(uf)[T.PR],-1.7324850407617005,1.0140646222439835,0.08755171781658522,-3.7200151783561233,0.25504509683272225,226,0.28490835973201234,0.2551128747208461,1276.7850230909464,1310.9903730836693
10y_1985_2024,M1_frontier_plus_slope,C(uf)[T.SP],-1.5822535609646182,1.0580298425164865,0.1347914114610849,-3.655953946865517,0.49144682493628067,226,0.28490835973201234,0.2551128747208461,1276.7850230909464,1310.9903730836693
10y_1985_2024,M1_frontier_plus_slope,neea_first_c,-0.3698611069376507,0.058780882592859275,3.129965546800116e-10,-0.48506951979913226,-0.2546526940761691,226,0.28490835973201234,0.2551128747208461,1276.7850230909464,1310.9903730836693
10y_1985_2024,M1_frontier_plus_slope,frontier_decade_c,1.2547376337006888,0.44749909342139504,0.005049033737113806,0.3776555274804295,2.131819739920948,226,0.28490835973201234,0.2551128747208461,1276.7850230909464,1310.9903730836693
10y_1985_2024,M1_frontier_plus_slope,share_slope_le12_c,-1.253944902052606,7.1719719732702325,0.8612056503297433,-15.310751667792925,12.802861863687713,226,0.28490835973201234,0.2551128747208461,1276.7850230909464,1310.9903730836693
10y_1985_2024,M1_frontier_plus_slope,log_cane_area,1.3548686755777852,0.7167035900545027,0.058702206906911684,-0.0498445485195993,2.7595818996751698,226,0.28490835973201234,0.2551128747208461,1276.7850230909464,1310.9903730836693
10y_1985_2024,M2_frontier_x_slope,Intercept,-14.07044554090229,7.305375060595602,0.05409936308036439,-28.388717553226783,0.24782647142220604,226,0.2917966379905703,0.2588569467343177,1276.5974751287908,1314.223360120786
10y_1985_2024,M2_frontier_x_slope,C(uf)[T.MG],-0.2387174378825753,0.8849312085867675,0.7873462930311353,-1.973150735508142,1.4957158597429911,226,0.2917966379905703,0.2588569467343177,1276.5974751287908,1314.223360120786
10y_1985_2024,M2_frontier_x_slope,C(uf)[T.MS],-1.7956235871882846,1.7515347196923923,0.3052822433120427,-5.228568555456833,1.6373213810802634,226,0.2917966379905703,0.2588569467343177,1276.5974751287908,1314.223360120786
10y_1985_2024,M2_frontier_x_slope,C(uf)[T.MT],-4.176955823664778,2.201509025794953,0.057786392830389624,-8.491834225862746,0.1379225785331908,226,0.2917966379905703,0.2588569467343177,1276.5974751287908,1314.223360120786
10y_1985_2024,M2_frontier_x_slope,C(uf)[T.PR],-1.7533431679867284,1.0356528291885294,0.0904586049260245,-3.783185413683259,0.27649907770980175,226,0.2917966379905703,0.2588569467343177,1276.5974751287908,1314.223360120786
10y_1985_2024,M2_frontier_x_slope,C(uf)[T.SP],-1.735749167132226,1.0840767225896362,0.10934784199532092,-3.860500499886132,0.38900216562168,226,0.2917966379905703,0.2588569467343177,1276.5974751287908,1314.223360120786
10y_1985_2024,M2_frontier_x_slope,neea_first_c,-0.36872424667014636,0.05804618230530132,2.1217894674800853e-10,-0.4824926734285831,-0.2549558199117096,226,0.2917966379905703,0.2588569467343177,1276.5974751287908,1314.223360120786
10y_1985_2024,M2_frontier_x_slope,frontier_decade_c,1.291703001816292,0.4548813816202491,0.00451633404624107,0.40015187660278373,2.1832541270298003,226,0.2917966379905703,0.2588569467343177,1276.5974751287908,1314.223360120786
10y_1985_2024,M2_frontier_x_slope,share_slope_le12_c,0.723101763266759,6.42144425210309,0.9103418647152935,-11.86269769958704,13.30890122612056,226,0.2917966379905703,0.2588569467343177,1276.5974751287908,1314.223360120786
10y_1985_2024,M2_frontier_x_slope,frontier_decade_c:share_slope_le12_c,-4.827971095616102,8.223167246396283,0.5571243296448346,-20.945082737402227,11.289140546170021,226,0.2917966379905703,0.2588569467343177,1276.5974751287908,1314.223360120786
10y_1985_2024,M2_frontier_x_slope,log_cane_area,1.5308678724236184,0.6950879360062624,0.02763643616111416,0.16852055176306235,2.8932151930841745,226,0.2917966379905703,0.2588569467343177,1276.5974751287908,1314.223360120786
5y_1985_2024,M0_frontier,Intercept,-12.617409084106848,8.028708872755274,0.11605808185876418,-28.353389317064362,3.1185711488506644,226,0.2851965984331276,0.25884439929702163,1274.693908784751,1305.4787237782016
5y_1985_2024,M0_frontier,C(uf)[T.MG],0.12899448069948616,0.8992798376276133,0.8859411303166207,-1.6335616130736637,1.8915505744726362,226,0.2851965984331276,0.25884439929702163,1274.693908784751,1305.4787237782016
5y_1985_2024,M0_frontier,C(uf)[T.MS],-1.6198962524671263,1.6984400799374584,0.34020751346545886,-4.948777639043875,1.7089851341096225,226,0.2851965984331276,0.25884439929702163,1274.693908784751,1305.4787237782016
5y_1985_2024,M0_frontier,C(uf)[T.MT],-4.320380593037291,2.303686115254168,0.06073487159837341,-8.835522410620449,0.19476122454586609,226,0.2851965984331276,0.25884439929702163,1274.693908784751,1305.4787237782016
5y_1985_2024,M0_frontier,C(uf)[T.PR],-1.3520437079830598,0.9120822940687561,0.13824179089401595,-3.139692155294492,0.4356047393283726,226,0.2851965984331276,0.25884439929702163,1274.693908784751,1305.4787237782016
5y_1985_2024,M0_frontier,C(uf)[T.SP],-1.1238130388529408,0.9938090766725568,0.2581334616995675,-3.0716430366401575,0.8240169589342756,226,0.2851965984331276,0.25884439929702163,1274.693908784751,1305.4787237782016
5y_1985_2024,M0_frontier,neea_first_c,-0.36688350213917886,0.05825909079313667,3.025889208665272e-10,-0.4810692218657758,-0.25269778241258195,226,0.2851965984331276,0.25884439929702163,1274.693908784751,1305.4787237782016
5y_1985_2024,M0_frontier,frontier_decade_c,1.3575143137632173,0.45803839809509084,0.00303908590239897,0.4597755499604196,2.255253077566015,226,0.2851965984331276,0.25884439929702163,1274.693908784751,1305.4787237782016
5y_1985_2024,M0_frontier,log_cane_area,1.3456486044474818,0.7480688190061234,0.07204558241149277,-0.12053933876193246,2.8118365476568963,226,0.2851965984331276,0.25884439929702163,1274.693908784751,1305.4787237782016
5y_1985_2024,M1_frontier_plus_slope,Intercept,-13.52712509477781,8.040793061806673,0.09250829664672738,-29.286789903058438,2.232539713502817,226,0.2854402599645244,0.25566693746304614,1276.6168569775143,1310.8222069702372
5y_1985_2024,M1_frontier_plus_slope,C(uf)[T.MG],0.08356783979183055,0.8858665931522596,0.924843393360971,-1.6526987778937952,1.819834457477456,226,0.2854402599645244,0.25566693746304614,1276.6168569775143,1310.8222069702372
5y_1985_2024,M1_frontier_plus_slope,C(uf)[T.MS],-1.6061764763047173,1.7068733099479034,0.34670224966574237,-4.951586689975281,1.7392337373658464,226,0.2854402599645244,0.25566693746304614,1276.6168569775143,1310.8222069702372
5y_1985_2024,M1_frontier_plus_slope,C(uf)[T.MT],-4.219560569686218,2.2432964512687663,0.059976773463722904,-8.616340820819513,0.17721968144707656,226,0.2854402599645244,0.25566693746304614,1276.6168569775143,1310.8222069702372
5y_1985_2024,M1_frontier_plus_slope,C(uf)[T.PR],-1.4474980348783433,0.990092422853925,0.1437459392505701,-3.388043525038038,0.4930474552813515,226,0.2854402599645244,0.25566693746304614,1276.6168569775143,1310.8222069702372
5y_1985_2024,M1_frontier_plus_slope,C(uf)[T.SP],-1.2366259043737375,1.0265427312630409,0.2283379931471441,-3.2486126862406772,0.7753608774932019,226,0.2854402599645244,0.25566693746304614,1276.6168569775143,1310.8222069702372
5y_1985_2024,M1_frontier_plus_slope,neea_first_c,-0.3667865595797632,0.058814594234307065,4.479876850537802e-10,-0.4820610460443422,-0.2515120731151842,226,0.2854402599645244,0.25566693746304614,1276.6168569775143,1310.8222069702372
5y_1985_2024,M1_frontier_plus_slope,frontier_decade_c,1.393579051399204,0.4831171100564,0.003919642537619272,0.4466869153735863,2.3404711874248214,226,0.2854402599645244,0.25566693746304614,1276.6168569775143,1310.8222069702372
5y_1985_2024,M1_frontier_plus_slope,share_slope_le12_c,-1.1847334819927005,6.977716539945362,0.8651767578783383,-14.860806594615052,12.49133963062965,226,0.2854402599645244,0.25566693746304614,1276.6168569775143,1310.8222069702372
5y_1985_2024,M1_frontier_plus_slope,log_cane_area,1.4339718811022386,0.7497829212948411,0.055810034249917276,-0.035575640858879876,2.903519403063357,226,0.2854402599645244,0.25566693746304614,1276.6168569775143,1310.8222069702372
5y_1985_2024,M2_frontier_x_slope,Intercept,-15.631056451829389,7.730447144095771,0.04317511803584806,-30.78245443864762,-0.47965846501116083,226,0.2924424970473696,0.2595328457472472,1276.3912762422776,1314.0171612342729
5y_1985_2024,M2_frontier_x_slope,C(uf)[T.MG],-0.06495680895931157,0.8780543876919401,0.9410277987907635,-1.7859117853028839,1.6559981673842608,226,0.2924424970473696,0.2595328457472472,1276.3912762422776,1314.0171612342729
5y_1985_2024,M2_frontier_x_slope,C(uf)[T.MS],-1.5881783758600962,1.7324989055448425,0.3593008859415221,-4.9838138339830484,1.8074570822628562,226,0.2924424970473696,0.2595328457472472,1276.3912762422776,1314.0171612342729
5y_1985_2024,M2_frontier_x_slope,C(uf)[T.MT],-3.9928757295803616,2.188764096987165,0.06811270981307047,-8.282774530329538,0.29702307116881554,226,0.2924424970473696,0.2595328457472472,1276.3912762422776,1314.0171612342729
5y_1985_2024,M2_frontier_x_slope,C(uf)[T.PR],-1.475736538283857,1.0222555720333146,0.148849213713472,-3.4793206424645446,0.5278475658968307,226,0.2924424970473696,0.2595328457472472,1276.3912762422776,1314.0171612342729
5y_1985_2024,M2_frontier_x_slope,C(uf)[T.SP],-1.4128611717830553,1.0558852407212638,0.18086966541358296,-3.4823582154041377,0.6566358718380272,226,0.2924424970473696,0.2595328457472472,1276.3912762422776,1314.0171612342729
5y_1985_2024,M2_frontier_x_slope,neea_first_c,-0.36552687195613087,0.05807951278625997,3.102674132863653e-10,-0.479360625256834,-0.25169311865542776,226,0.2924424970473696,0.2595328457472472,1276.3912762422776,1314.0171612342729
5y_1985_2024,M2_frontier_x_slope,frontier_decade_c,1.4258398090078155,0.4909838172724111,0.003683735089627752,0.46352921016189486,2.388150407853736,226,0.2924424970473696,0.2595328457472472,1276.3912762422776,1314.0171612342729
5y_1985_2024,M2_frontier_x_slope,share_slope_le12_c,0.725858702269797,6.376114536732282,0.9093644025740976,-11.771096151027768,13.222813555567361,226,0.2924424970473696,0.2595328457472472,1276.3912762422776,1314.0171612342729
5y_1985_2024,M2_frontier_x_slope,frontier_decade_c:share_slope_le12_c,-4.741084051862618,8.523606287775461,0.5780537513848321,-21.44704539430167,11.964877290576435,226,0.2924424970473696,0.2595328457472472,1276.3912762422776,1314.0171612342729
5y_1985_2024,M2_frontier_x_slope,log_cane_area,1.6390855986712325,0.7213366042902117,0.023069030013489877,0.2252918335319969,3.052879363810468,226,0.2924424970473696,0.2595328457472472,1276.3912762422776,1314.0171612342729
pre_renovabio_1985_2015,M0_frontier,Intercept,-14.372139189182516,6.040234527796948,0.017340807224508488,-26.210781321839832,-2.5334970565251975,225,0.29441468202839993,0.2682818924738962,1266.550635574661,1297.2955391945009
pre_renovabio_1985_2015,M0_frontier,C(uf)[T.MG],0.1442798189388053,0.8572847652531037,0.8663483814826567,-1.5359674454521528,1.8245270833297633,225,0.29441468202839993,0.2682818924738962,1266.550635574661,1297.2955391945009
pre_renovabio_1985_2015,M0_frontier,C(uf)[T.MS],-1.7310775654259243,1.7384647904960346,0.31937128007861826,-5.138405943189122,1.676250812337274,225,0.29441468202839993,0.2682818924738962,1266.550635574661,1297.2955391945009
pre_renovabio_1985_2015,M0_frontier,C(uf)[T.MT],-3.5277801225165697,2.122046005103462,0.09642402139484575,-7.6869138660564555,0.6313536210233157,225,0.29441468202839993,0.2682818924738962,1266.550635574661,1297.2955391945009
pre_renovabio_1985_2015,M0_frontier,C(uf)[T.PR],-1.6862737116836595,0.9092980064750833,0.06367071621221668,-3.468465055588892,0.09591763222157268,225,0.29441468202839993,0.2682818924738962,1266.550635574661,1297.2955391945009
pre_renovabio_1985_2015,M0_frontier,C(uf)[T.SP],-1.48282434664506,0.9578604529766624,0.12160812943891727,-3.36019633669454,0.3945476434044204,225,0.29441468202839993,0.2682818924738962,1266.550635574661,1297.2955391945009
pre_renovabio_1985_2015,M0_frontier,neea_first_c,-0.3601592920357111,0.05739648202898577,3.4977654643453924e-10,-0.4726543296518237,-0.24766425441959855,225,0.29441468202839993,0.2682818924738962,1266.550635574661,1297.2955391945009
pre_renovabio_1985_2015,M0_frontier,frontier_decade_c,1.652170436354664,0.4925577634679387,0.000795754305606292,0.6867749596519055,2.6175659130574225,225,0.29441468202839993,0.2682818924738962,1266.550635574661,1297.2955391945009
pre_renovabio_1985_2015,M0_frontier,log_cane_area,1.5405405266285896,0.5742530421122304,0.007303355321289571,0.41502524607605507,2.6660558071811242,225,0.29441468202839993,0.2682818924738962,1266.550635574661,1297.2955391945009
pre_renovabio_1985_2015,M1_frontier_plus_slope,Intercept,-13.099615512195776,6.337728437567156,0.038741129999450466,-25.52133499362271,-0.6778960307688404,225,0.2988923049407016,0.2695436107289171,1267.1182426523806,1301.2792466744247
pre_renovabio_1985_2015,M1_frontier_plus_slope,C(uf)[T.MG],0.24457340943363381,0.8611784628588856,0.7764115143695001,-1.4433053620313465,1.9324521808986141,225,0.2988923049407016,0.2695436107289171,1267.1182426523806,1301.2792466744247
pre_renovabio_1985_2015,M1_frontier_plus_slope,C(uf)[T.MS],-1.8154731687163495,1.7307124429489071,0.29418986837568006,-5.20760722449154,1.5766608870588417,225,0.2988923049407016,0.2695436107289171,1267.1182426523806,1301.2792466744247
pre_renovabio_1985_2015,M1_frontier_plus_slope,C(uf)[T.MT],-3.820817555054977,2.163550611314355,0.07739684332767845,-8.06129883196073,0.4196637218507764,225,0.2988923049407016,0.2695436107289171,1267.1182426523806,1301.2792466744247
pre_renovabio_1985_2015,M1_frontier_plus_slope,C(uf)[T.PR],-1.2613543209897626,0.9585140445106624,0.18819160815014235,-3.140007326906483,0.6172986849269579,225,0.2988923049407016,0.2695436107289171,1267.1182426523806,1301.2792466744247
pre_renovabio_1985_2015,M1_frontier_plus_slope,C(uf)[T.SP],-1.1172320178562791,1.0190926029350722,0.2729471671557322,-3.1146168165201984,0.8801527808076401,225,0.2988923049407016,0.2695436107289171,1267.1182426523806,1301.2792466744247
pre_renovabio_1985_2015,M1_frontier_plus_slope,neea_first_c,-0.3590110862062478,0.05681516771108792,2.633799825970976e-10,-0.4703667686955831,-0.24765540371691247,225,0.2988923049407016,0.2695436107289171,1267.1182426523806,1301.2792466744247
pre_renovabio_1985_2015,M1_frontier_plus_slope,frontier_decade_c,1.534468245913236,0.5206999113377575,0.0032094174911877155,0.5139151729380318,2.55502131888844,225,0.2988923049407016,0.2695436107289171,1267.1182426523806,1301.2792466744247
pre_renovabio_1985_2015,M1_frontier_plus_slope,share_slope_le12_c,5.793896627660451,4.917986209377177,0.23875535812884852,-3.8451792191834775,15.432972474504378,225,0.2988923049407016,0.2695436107289171,1267.1182426523806,1301.2792466744247
pre_renovabio_1985_2015,M1_frontier_plus_slope,log_cane_area,1.403432098318287,0.6065676947131095,0.020682697736934055,0.214581262495106,2.592282934141468,225,0.2988923049407016,0.2695436107289171,1267.1182426523806,1301.2792466744247
pre_renovabio_1985_2015,M2_frontier_x_slope,Intercept,-13.396567928264139,6.2896269806902385,0.03317604425449429,-25.724010286608408,-1.0691255699198692,225,0.30088259014456065,0.26821355230084865,1268.4786105376825,1306.055714961931
pre_renovabio_1985_2015,M2_frontier_x_slope,C(uf)[T.MG],0.3191269038687731,0.8652550402488532,0.7122588465289124,-1.376741812460734,2.01499562019828,225,0.30088259014456065,0.26821355230084865,1268.4786105376825,1306.055714961931
pre_renovabio_1985_2015,M2_frontier_x_slope,C(uf)[T.MS],-1.9253696285135373,1.7309558729455092,0.26600237746740485,-5.317980798314825,1.4672415412877504,225,0.30088259014456065,0.26821355230084865,1268.4786105376825,1306.055714961931
pre_renovabio_1985_2015,M2_frontier_x_slope,C(uf)[T.MT],-3.894628328294458,2.1649870687770734,0.07203208246462196,-8.137925010092463,0.34866835350354686,225,0.30088259014456065,0.26821355230084865,1268.4786105376825,1306.055714961931
pre_renovabio_1985_2015,M2_frontier_x_slope,C(uf)[T.PR],-1.074512060056108,0.9925618577893254,0.2790018482476665,-3.0198975537513526,0.8708734336391366,225,0.30088259014456065,0.26821355230084865,1268.4786105376825,1306.055714961931
pre_renovabio_1985_2015,M2_frontier_x_slope,C(uf)[T.SP],-0.9752165257705796,1.0448549142245107,0.3506386985496013,-3.023094526720308,1.072661475179149,225,0.30088259014456065,0.26821355230084865,1268.4786105376825,1306.055714961931
pre_renovabio_1985_2015,M2_frontier_x_slope,neea_first_c,-0.3570557313604587,0.057506747321657344,5.334443636028807e-10,-0.4697668849789523,-0.2443445777419651,225,0.30088259014456065,0.26821355230084865,1268.4786105376825,1306.055714961931
pre_renovabio_1985_2015,M2_frontier_x_slope,frontier_decade_c,1.52943869622394,0.5185783036566283,0.0031850317877651583,0.5130438978930727,2.545833494554807,225,0.30088259014456065,0.26821355230084865,1268.4786105376825,1306.055714961931
pre_renovabio_1985_2015,M2_frontier_x_slope,share_slope_le12_c,7.105877501852693,5.360642204290337,0.18498396073652013,-3.4007881525617742,17.61254315626716,225,0.30088259014456065,0.26821355230084865,1268.4786105376825,1306.055714961931
pre_renovabio_1985_2015,M2_frontier_x_slope,frontier_decade_c:share_slope_le12_c,5.189402582426786,6.15041574570632,0.3988100935819753,-6.865190769105662,17.243995933959233,225,0.30088259014456065,0.26821355230084865,1268.4786105376825,1306.055714961931
pre_renovabio_1985_2015,M2_frontier_x_slope,log_cane_area,1.4139201589887584,0.6035617605752805,0.019148508793988602,0.23096084581562137,2.5968794721618957,225,0.30088259014456065,0.26821355230084865,1268.4786105376825,1306.055714961931
